{
  "dataset_info": {
    "seed": 158,
    "dataset_index": 27,
    "node_count": 20,
    "edge_count": 20,
    "graph_type": "SF",
    "shifted_nodes": [
      11,
      1,
      4,
      2
    ],
    "shift_types": {
      "11": "function",
      "1": "function",
      "4": "function",
      "2": "function"
    },
    "shift_case": "function_function"
  },
  "model": "linearccp",
  "config_name": "SF",
  "dag_structure": "standard",
  "device": "cpu",
  "linearccp": {
    "shifted_nodes": [
      1,
      2,
      3,
      4,
      6,
      7,
      8,
      9,
      10,
      11,
      12,
      13,
      15,
      16,
      17,
      18,
      19
    ],
    "functional_change_nodes": [
      1,
      2,
      3,
      4,
      6,
      7,
      8,
      9,
      10,
      11,
      12,
      13,
      15,
      16,
      17,
      18,
      19
    ],
    "noise_change_nodes": [
      1,
      2,
      3,
      4,
      6,
      7,
      8,
      9,
      10,
      11,
      13
    ],
    "node_results": {
      "1": {
        "is_shifted": true,
        "parents": [
          0
        ],
        "function_test": {
          "f_statistic": 256.68121790928996,
          "p_value": 1.1102230246251565e-16,
          "is_function_changed": true,
          "beta_env1": [
            -0.018081762779592045
          ],
          "beta_env2": [
            2.046323384931952
          ]
        },
        "noise_test": {
          "ks_statistic": 0.343,
          "p_value": 1.5193815153747912e-52,
          "is_noise_changed": true
        }
      },
      "2": {
        "is_shifted": true,
        "parents": [
          1
        ],
        "function_test": {
          "f_statistic": 4.403230456022934,
          "p_value": 0.035996312914485906,
          "is_function_changed": true,
          "beta_env1": [
            0.2034404380950514
          ],
          "beta_env2": [
            -0.03545547603543534
          ]
        },
        "noise_test": {
          "ks_statistic": 0.409,
          "p_value": 3.2883325105696894e-75,
          "is_noise_changed": true
        }
      },
      "3": {
        "is_shifted": true,
        "parents": [
          2
        ],
        "function_test": {
          "f_statistic": 28.496935898677076,
          "p_value": 1.0452331067334342e-07,
          "is_function_changed": true,
          "beta_env1": [
            0.21581883356481835
          ],
          "beta_env2": [
            0.009710231670270108
          ]
        },
        "noise_test": {
          "ks_statistic": 0.136,
          "p_value": 1.767765488097077e-08,
          "is_noise_changed": true
        }
      },
      "4": {
        "is_shifted": true,
        "parents": [
          3
        ],
        "function_test": {
          "f_statistic": 89.53675614085697,
          "p_value": 1.1102230246251565e-16,
          "is_function_changed": true,
          "beta_env1": [
            0.31638344460570395
          ],
          "beta_env2": [
            1.2443491311400694
          ]
        },
        "noise_test": {
          "ks_statistic": 0.288,
          "p_value": 6.059523534333059e-37,
          "is_noise_changed": true
        }
      },
      "5": {
        "is_shifted": false,
        "parents": [
          0
        ],
        "function_test": {
          "f_statistic": 0.2368590223404578,
          "p_value": 0.6265373896505793,
          "is_function_changed": false,
          "beta_env1": [
            0.012108688996766849
          ],
          "beta_env2": [
            0.036670609706903
          ]
        },
        "noise_test": {
          "ks_statistic": 0.034,
          "p_value": 0.6101664688189142,
          "is_noise_changed": false
        }
      },
      "6": {
        "is_shifted": true,
        "parents": [
          2
        ],
        "function_test": {
          "f_statistic": 43.77109595724111,
          "p_value": 4.726563584966925e-11,
          "is_function_changed": true,
          "beta_env1": [
            0.2512456008180666
          ],
          "beta_env2": [
            -0.004828601295948368
          ]
        },
        "noise_test": {
          "ks_statistic": 0.114,
          "p_value": 4.441088228134397e-06,
          "is_noise_changed": true
        }
      },
      "7": {
        "is_shifted": true,
        "parents": [
          4
        ],
        "function_test": {
          "f_statistic": 48.340954342097625,
          "p_value": 4.834688205335169e-12,
          "is_function_changed": true,
          "beta_env1": [
            0.2216826506607624
          ],
          "beta_env2": [
            -0.04416570510738861
          ]
        },
        "noise_test": {
          "ks_statistic": 0.133,
          "p_value": 3.979777583324821e-08,
          "is_noise_changed": true
        }
      },
      "8": {
        "is_shifted": true,
        "parents": [
          2
        ],
        "function_test": {
          "f_statistic": 51.92648659099492,
          "p_value": 8.133493878403897e-13,
          "is_function_changed": true,
          "beta_env1": [
            0.2767318825546698
          ],
          "beta_env2": [
            -0.006745570848494416
          ]
        },
        "noise_test": {
          "ks_statistic": 0.146,
          "p_value": 1.035413447317725e-09,
          "is_noise_changed": true
        }
      },
      "9": {
        "is_shifted": true,
        "parents": [
          4
        ],
        "function_test": {
          "f_statistic": 69.28712322535607,
          "p_value": 1.1102230246251565e-16,
          "is_function_changed": true,
          "beta_env1": [
            0.26295110871485206
          ],
          "beta_env2": [
            -0.0558884347102661
          ]
        },
        "noise_test": {
          "ks_statistic": 0.13,
          "p_value": 8.797089063129894e-08,
          "is_noise_changed": true
        }
      },
      "10": {
        "is_shifted": true,
        "parents": [
          4
        ],
        "function_test": {
          "f_statistic": 57.78748322277117,
          "p_value": 4.463096558993129e-14,
          "is_function_changed": true,
          "beta_env1": [
            0.24209203430318188
          ],
          "beta_env2": [
            -0.04609973837191433
          ]
        },
        "noise_test": {
          "ks_statistic": 0.126,
          "p_value": 2.461977466455732e-07,
          "is_noise_changed": true
        }
      },
      "11": {
        "is_shifted": true,
        "parents": [
          0
        ],
        "function_test": {
          "f_statistic": 263.25736268942785,
          "p_value": 1.1102230246251565e-16,
          "is_function_changed": true,
          "beta_env1": [
            -0.051738345060528663
          ],
          "beta_env2": [
            2.000367751752998
          ]
        },
        "noise_test": {
          "ks_statistic": 0.359,
          "p_value": 1.2295379067920271e-57,
          "is_noise_changed": true
        }
      },
      "12": {
        "is_shifted": true,
        "parents": [
          0
        ],
        "function_test": {
          "f_statistic": 8.045752247316416,
          "p_value": 0.004607062681551977,
          "is_function_changed": true,
          "beta_env1": [
            -0.030030854901663503
          ],
          "beta_env2": [
            0.10932344581449177
          ]
        },
        "noise_test": {
          "ks_statistic": 0.027,
          "p_value": 0.8595454206943325,
          "is_noise_changed": false
        }
      },
      "13": {
        "is_shifted": true,
        "parents": [
          4
        ],
        "function_test": {
          "f_statistic": 57.277478294375754,
          "p_value": 5.739853037312059e-14,
          "is_function_changed": true,
          "beta_env1": [
            0.24694190029429713
          ],
          "beta_env2": [
            -0.046195544577522084
          ]
        },