{
  "dataset_info": {
    "seed": 230,
    "dataset_index": 9,
    "node_count": 40,
    "edge_count": 40,
    "graph_type": "ER",
    "shifted_nodes": [
      28,
      12,
      34,
      26,
      22,
      38,
      30,
      29
    ],
    "shift_types": {
      "28": "function",
      "12": "function",
      "34": "function",
      "26": "function",
      "22": "function",
      "38": "function",
      "30": "function",
      "29": "function"
    },
    "shift_case": "function_function"
  },
  "model": "iscan",
  "config_name": "ER",
  "dag_structure": "standard",
  "device": "cuda:0",
  "iscan": {
    "detected_shifted_nodes": [
      22,
      29,
      12,
      38,
      34,
      30,
      28,
      26
    ],
    "order": [
      37,
      19,
      15,
      5,
      17,
      14,
      0,
      16,
      3,
      4,
      6,
      2,
      27,
      24,
      7,
      20,
      11,
      25,
      1,
      36,
      21,
      8,
      10,
      23,
      18,
      26,
      35,
      9,
      28,
      33,
      31,
      30,
      34,
      38,
      12,
      32,
      13,
      39,
      29,
      22
    ],
    "ratio_dict": {
      "22": 52.718482039491704,
      "29": 17.59261263106518,
      "12": 16.25821938852167,
      "34": 11.625474281720576,
      "28": 8.321071748048944,
      "26": 3.1013896696077863,
      "38": 3.0696724037150274,
      "30": 3.0620792055183768,
      "39": 1.6167908479580158,
      "31": 1.1442076867877453,
      "1": 1.0211826073100678,
      "8": 1.0008015942122346,
      "11": 0.9936115136929444,
      "32": 0.9779188545853263,
      "36": 0.9743433532909055,
      "24": 0.97338285788457,
      "33": 0.9691621879801836,
      "19": 0.8896718918055386,
      "20": 0.8814287973533402,
      "13": 0.8705474707124926,
      "25": 0.8602987791850388,
      "35": 0.8336343496745724,
      "17": 0.7830016731172386,
      "9": 0.7498214931552774,
      "7": 0.7407427016800383,
      "21": 0.7334404978381625,
      "5": 0.7266445438940486,
      "6": 0.7064005724341389,
      "14": 0.6948856112298107,
      "3": 0.691525428717242,
      "4": 0.6769981543778734,
      "27": 0.6730332411033144,
      "16": 0.665854390601457,
      "10": 0.6621242359214793,
      "23": 0.6426526148282125,
      "2": 0.6420300809835323,
      "18": 0.5956482636336894,
      "0": 0.5715269603619417,
      "15": 0.5039673684712938
    },
    "y_node_detection": {
      "detected": false,
      "expected": true
    },
    "true_shifted_node_summary": {
      "34": {
        "is_detected_as_shifted": true,
        "has_functional_shift_detected": true
      },
      "38": {
        "is_detected_as_shifted": true,
        "has_functional_shift_detected": true
      },
      "12": {
        "is_detected_as_shifted": true,
        "has_functional_shift_detected": true
      },
      "22": {
        "is_detected_as_shifted": true,
        "has_functional_shift_detected": true
      },
      "26": {
        "is_detected_as_shifted": true,
        "has_functional_shift_detected": true
      },
      "28": {
        "is_detected_as_shifted": true,
        "has_functional_shift_detected": true
      },
      "29": {
        "is_detected_as_shifted": true,
        "has_functional_shift_detected": true
      },
      "30": {
        "is_detected_as_shifted": true,
        "has_functional_shift_detected": true
      }
    },
    "functional_shift_results": {
      "34": {
        "shifted_edges": [
          [
            1,
            34
          ],
          [
            21,
            34
          ]
        ],
        "test_details": {
          "y_node": 34,
          "parents": [
            1,
            21
          ],
          "functional_shift_detected": true,
          "p_value_overall": 1.1102230246251565e-16,
          "parent_specific_p_values": {
            "1": 1.1102230246251565e-16,
            "21": 1.1102230246251565e-16
          },
          "coefficients_env1": {
            "Intercept": 0.07393033573707625,
            "bs(x1, df=4, degree=3)[0]": 2.534935682055099,
            "bs(x1, df=4, degree=3)[1]": -1.8225532048647264,
            "bs(x1, df=4, degree=3)[2]": 2.1732203908776926,
            "bs(x1, df=4, degree=3)[3]": 0.47327874991030505,
            "bs(x21, df=4, degree=3)[0]": 1.124424955030555,
            "bs(x21, df=4, degree=3)[1]": -2.1435082100883047,
            "bs(x21, df=4, degree=3)[2]": 1.2899107636550426,
            "bs(x21, df=4, degree=3)[3]": -0.4518362740779831
          },
          "coefficients_env2": {
            "Intercept": 28.32484873387869,
            "bs(x1, df=4, degree=3)[0]": -21.2006953992819,
            "bs(x1, df=4, degree=3)[1]": 7.354860940463682,
            "bs(x1, df=4, degree=3)[2]": -14.31814221418601,
            "bs(x1, df=4, degree=3)[3]": -0.44341766333059474,
            "bs(x21, df=4, degree=3)[0]": -35.39588923464179,
            "bs(x21, df=4, degree=3)[1]": -3.2736865513790145,
            "bs(x21, df=4, degree=3)[2]": -22.76467336789473,
            "bs(x21, df=4, degree=3)[3]": -12.695717302206083
          }
        },
        "has_functional_shift": true
      },
      "38": {
        "shifted_edges": [
          [
            35,
            38
          ]
        ],
        "test_details": {
          "y_node": 38,
          "parents": [
            35
          ],
          "functional_shift_detected": true,
          "p_value_overall": 1.1102230246251565e-16,
          "parent_specific_p_values": {
            "35": 1.1102230246251565e-16
          },
          "coefficients_env1": {
            "Intercept": 2.4933741945335353,
            "bs(x35, df=4, degree=3)[0]": -4.231812645117376,
            "bs(x35, df=4, degree=3)[1]": 0.6869949537475655,
            "bs(x35, df=4, degree=3)[2]": -4.519429420336921,
            "bs(x35, df=4, degree=3)[3]": -1.7325307993034644
          },
          "coefficients_env2": {
            "Intercept": -11.277127653315436,
            "bs(x35, df=4, degree=3)[0]": 13.963659694246573,
            "bs(x35, df=4, degree=3)[1]": 14.663760774083798,
            "bs(x35, df=4, degree=3)[2]": 12.894528530585434,
            "bs(x35, df=4, degree=3)[3]": 6.256433550533601
          }
        },
        "has_functional_shift": true
      },
      "12": {
        "shifted_edges": [
          [
            6,
            12
          ],
          [
            10,
            12
          ],
          [
            8,
            12
          ]
        ],
        "test_details": {
          "y_node": 12,
          "parents": [
            6,
            8,
            10
          ],
          "functional_shift_detected": true,
          "p_value_overall": 1.1102230246251565e-16,
          "parent_specific_p_values": {
            "6": 1.1102230246251565e-16,
            "8": 1.1102230246251565e-16,
            "10": 1.1102230246251565e-16
          },
          "coefficients_env1": {
            "Intercept": 3.4347850593419196,
            "bs(x6, df=4, degree=3)[0]": -0.0035111210893505884,
            "bs(x6, df=4, degree=3)[1]": -1.8470546299069093,
            "bs(x6, df=4, degree=3)[2]": 1.279045851010574,
            "bs(x6, df=4, degree=3)[3]": 0.5253510051737968,
            "bs(x8, df=4, degree=3)[0]": -3.143052028552579,
            "bs(x8, df=4, degree=3)[1]": -0.7283495665066939,
            "bs(x8, df=4, degree=3)[2]": -1.1909067740620674,
            "bs(x8, df=4, degree=3)[3]": -3.0620321149184835,
            "bs(x10, df=4, degree=3)[0]": -0.3850718333344113,
            "bs(x10, df=4, degree=3)[1]": -1.6574750586587512,
            "bs(x10, df=4, degree=3)[2]": 2.281763688895344,
            "bs(x10, df=4, degree=3)[3]": -2.600482450667827
          },
          "coefficients_env2": {
            "Intercept": 1.037498772184552,
            "bs(x6, df=4, degree=3)[0]": -14.11401513279623,
            "bs(x6, df=4, degree=3)[1]": 12.364935951504261,