{
  "dataset_info": {
    "seed": 232,
    "dataset_index": 11,
    "node_count": 40,
    "edge_count": 40,
    "graph_type": "ER",
    "shifted_nodes": [
      20,
      32,
      21,
      35,
      31,
      7,
      39,
      33
    ],
    "shift_types": {
      "20": "noise_std",
      "32": "noise_std",
      "21": "noise_std",
      "35": "noise_std",
      "31": "noise_std",
      "7": "noise_std",
      "39": "noise_std",
      "33": "noise_std"
    },
    "shift_case": "noise_std_noise_std"
  },
  "model": "iscan",
  "config_name": "ER",
  "dag_structure": "standard",
  "device": "cuda:0",
  "iscan": {
    "detected_shifted_nodes": [],
    "order": [
      15,
      23,
      2,
      0,
      5,
      18,
      10,
      9,
      11,
      14,
      30,
      1,
      13,
      3,
      8,
      21,
      6,
      12,
      29,
      24,
      22,
      16,
      4,
      34,
      36,
      19,
      7,
      27,
      17,
      26,
      20,
      28,
      25,
      37,
      33,
      31,
      32,
      39,
      35,
      38
    ],
    "ratio_dict": {
      "31": 1.642577108241168,
      "35": 1.5696874002760897,
      "32": 1.545287125008562,
      "39": 1.3662569739227248,
      "21": 1.3145855809741516,
      "20": 1.2518617078344279,
      "33": 1.1953658337036226,
      "38": 1.168045784640078,
      "6": 1.1043505558902726,
      "36": 1.000146062650894,
      "7": 0.9949377095301417,
      "29": 0.9946099181921673,
      "24": 0.9836710129858286,
      "12": 0.9409019911938493,
      "25": 0.8938478646083251,
      "4": 0.8890169918232321,
      "8": 0.8768923290784585,
      "22": 0.8357697849697654,
      "28": 0.7882769747038463,
      "11": 0.787698176383082,
      "34": 0.7824287505524625,
      "16": 0.7796578604672215,
      "17": 0.7659317356043467,
      "26": 0.7347993686090009,
      "14": 0.7238254668490633,
      "23": 0.7105761988998825,
      "9": 0.6974526215779309,
      "37": 0.6805377084938603,
      "27": 0.6783581725874204,
      "18": 0.6775344082697525,
      "1": 0.6758826941552176,
      "3": 0.6722806952906129,
      "19": 0.671365575611747,
      "30": 0.6434522505665158,
      "0": 0.6383064909797542,
      "13": 0.5906981943656915,
      "5": 0.5640043210064769,
      "2": 0.5520739505175994,
      "10": 0.538873647354301
    },
    "y_node_detection": {
      "detected": false,
      "expected": true
    },
    "true_shifted_node_summary": {
      "32": {
        "is_detected_as_shifted": false,
        "has_functional_shift_detected": true
      },
      "33": {
        "is_detected_as_shifted": false,
        "has_functional_shift_detected": false
      },
      "35": {
        "is_detected_as_shifted": false,
        "has_functional_shift_detected": true
      },
      "7": {
        "is_detected_as_shifted": false,
        "has_functional_shift_detected": false
      },
      "39": {
        "is_detected_as_shifted": false,
        "has_functional_shift_detected": true
      },
      "20": {
        "is_detected_as_shifted": false,
        "has_functional_shift_detected": true
      },
      "21": {
        "is_detected_as_shifted": false,
        "has_functional_shift_detected": false
      },
      "31": {
        "is_detected_as_shifted": false,
        "has_functional_shift_detected": true
      }
    },
    "functional_shift_results": {
      "32": {
        "shifted_edges": [
          [
            18,
            32
          ],
          [
            11,
            32
          ]
        ],
        "test_details": {
          "y_node": 32,
          "parents": [
            11,
            18
          ],
          "functional_shift_detected": true,
          "p_value_overall": 1.1102230246251565e-16,
          "parent_specific_p_values": {
            "11": 1.1102230246251565e-16,
            "18": 0.025349713285703124
          },
          "coefficients_env1": {
            "Intercept": 2.4277616786552207,
            "bs(x11, df=4, degree=3)[0]": -0.42079008652156613,
            "bs(x11, df=4, degree=3)[1]": -2.4505773036308245,
            "bs(x11, df=4, degree=3)[2]": 0.6572345241173894,
            "bs(x11, df=4, degree=3)[3]": -0.9168099717450282,
            "bs(x18, df=4, degree=3)[0]": 0.007613267502235288,
            "bs(x18, df=4, degree=3)[1]": -2.6682750512982447,
            "bs(x18, df=4, degree=3)[2]": 0.32190658221335094,
            "bs(x18, df=4, degree=3)[3]": -0.4154145609339528
          },
          "coefficients_env2": {
            "Intercept": -0.21709105037362686,
            "bs(x11, df=4, degree=3)[0]": 2.619267103745461,
            "bs(x11, df=4, degree=3)[1]": -0.8943701521093648,
            "bs(x11, df=4, degree=3)[2]": 1.5968630219165565,
            "bs(x11, df=4, degree=3)[3]": 1.7996321723162687,
            "bs(x18, df=4, degree=3)[0]": 1.4320790674126331,
            "bs(x18, df=4, degree=3)[1]": -2.1443850223391445,
            "bs(x18, df=4, degree=3)[2]": 1.1792365058073808,
            "bs(x18, df=4, degree=3)[3]": 0.2634056971874541
          }
        },
        "has_functional_shift": true
      },
      "33": {
        "shifted_edges": [],
        "test_details": {
          "y_node": 33,
          "parents": [
            6,
            10
          ],
          "functional_shift_detected": false,
          "p_value_overall": 0.809138313726296,
          "parent_specific_p_values": {},
          "coefficients_env1": {
            "Intercept": 1.6328310984406667,
            "bs(x6, df=4, degree=3)[0]": 0.1208323368466434,
            "bs(x6, df=4, degree=3)[1]": -2.100382520755259,
            "bs(x6, df=4, degree=3)[2]": 0.991972998507802,
            "bs(x6, df=4, degree=3)[3]": -0.4710298371643017,
            "bs(x10, df=4, degree=3)[0]": 0.2818265711975091,
            "bs(x10, df=4, degree=3)[1]": -2.543264243543554,
            "bs(x10, df=4, degree=3)[2]": 1.6478687176544506,
            "bs(x10, df=4, degree=3)[3]": -1.9191567279274124
          },
          "coefficients_env2": {
            "Intercept": 1.0961985947820434,
            "bs(x6, df=4, degree=3)[0]": 0.8028855535287354,
            "bs(x6, df=4, degree=3)[1]": -1.6056683979354476,
            "bs(x6, df=4, degree=3)[2]": 1.4158526318523053,
            "bs(x6, df=4, degree=3)[3]": 0.11092382508745258,
            "bs(x10, df=4, degree=3)[0]": 0.4433525229426122,
            "bs(x10, df=4, degree=3)[1]": -2.7382424843826545,
            "bs(x10, df=4, degree=3)[2]": 1.8760524063187212,
            "bs(x10, df=4, degree=3)[3]": -2.3962110142496704
          }
        },
        "has_functional_shift": false
      },
      "35": {
        "shifted_edges": [
          [
            20,
            35
          ],
          [
            7,
            35
          ]
        ],
        "test_details": {
          "y_node": 35,
          "parents": [
            7,
            20
          ],
          "functional_shift_detected": true,
          "p_value_overall": 3.4830027750842874e-11,
          "parent_specific_p_values": {
            "7": 1.6582707501267002e-05,
            "20": 4.468890324460517e-08
          },
          "coefficients_env1": {
            "Intercept": 1.5763098069935415,
            "bs(x7, df=4, degree=3)[0]": -0.394328663872525,
            "bs(x7, df=4, degree=3)[1]": -2.4944242225368907,
            "bs(x7, df=4, degree=3)[2]": 1.6244088141532769,
            "bs(x7, df=4, degree=3)[3]": -1.7180439745044607,
            "bs(x20, df=4, degree=3)[0]": 0.8129935373217305,
            "bs(x20, df=4, degree=3)[1]": -2.7412882693378853,
            "bs(x20, df=4, degree=3)[2]": 2.5393970263726966,
            "bs(x20, df=4, degree=3)[3]": -2.8395935536588177
          },
          "coefficients_env2": {
            "Intercept": 0.7122688591781614,
            "bs(x7, df=4, degree=3)[0]": 1.154438276754504,
            "bs(x7, df=4, degree=3)[1]": -1.6027148693167304,
            "bs(x7, df=4, degree=3)[2]": 2.6547617728592883,