{
  "dataset_info": {
    "seed": 229,
    "dataset_index": 8,
    "node_count": 40,
    "edge_count": 40,
    "graph_type": "ER",
    "shifted_nodes": [
      36,
      38,
      13,
      23,
      35,
      19,
      25,
      29
    ],
    "shift_types": {
      "36": "function",
      "38": "function",
      "13": "function",
      "23": "function",
      "35": "noise_skew",
      "19": "noise_skew",
      "25": "noise_skew",
      "29": "noise_skew"
    },
    "shift_case": "function_noise_skew"
  },
  "model": "iscan",
  "config_name": "ER",
  "dag_structure": "standard",
  "device": "cuda:0",
  "iscan": {
    "detected_shifted_nodes": [
      36,
      23,
      16
    ],
    "order": [
      2,
      19,
      20,
      25,
      22,
      26,
      7,
      29,
      8,
      30,
      18,
      14,
      17,
      4,
      5,
      39,
      1,
      34,
      0,
      9,
      37,
      3,
      6,
      10,
      21,
      15,
      38,
      33,
      12,
      27,
      32,
      28,
      11,
      24,
      35,
      31,
      13,
      16,
      23,
      36
    ],
    "ratio_dict": {
      "36": 14.120887640608698,
      "23": 12.652470970712708,
      "16": 2.5674158444574244,
      "13": 1.9446905471432856,
      "29": 1.3050645949779909,
      "25": 1.1685183084337343,
      "35": 1.1658526961743474,
      "38": 1.0783217200877144,
      "34": 1.0676965797045286,
      "11": 1.0292334562656615,
      "39": 1.0185739007975176,
      "1": 0.9786463088994644,
      "22": 0.9529192611148333,
      "37": 0.9512740309368863,
      "0": 0.9187330662675177,
      "4": 0.9027463584506586,
      "9": 0.8739575323686993,
      "24": 0.8541250350453503,
      "28": 0.844833636182187,
      "10": 0.8377379924342656,
      "31": 0.835613050188871,
      "19": 0.8255314967491134,
      "3": 0.8204261808040154,
      "12": 0.787621812415002,
      "8": 0.7755961587005187,
      "27": 0.754207211095994,
      "6": 0.7266367045427157,
      "21": 0.7148378507405456,
      "15": 0.7089466035746302,
      "5": 0.702344387117156,
      "18": 0.6877730121946045,
      "33": 0.6745353340069382,
      "14": 0.6594304572634477,
      "30": 0.6592629682025059,
      "32": 0.6141609615855043,
      "7": 0.6000690138744345,
      "17": 0.5770334723548353,
      "26": 0.5698247788129368,
      "20": 0.5621528773158944
    },
    "y_node_detection": {
      "detected": false,
      "expected": true
    },
    "true_shifted_node_summary": {
      "35": {
        "is_detected_as_shifted": false,
        "has_functional_shift_detected": true
      },
      "36": {
        "is_detected_as_shifted": true,
        "has_functional_shift_detected": true
      },
      "38": {
        "is_detected_as_shifted": false,
        "has_functional_shift_detected": true
      },
      "13": {
        "is_detected_as_shifted": false,
        "has_functional_shift_detected": true
      },
      "19": {
        "is_detected_as_shifted": false,
        "has_functional_shift_detected": false
      },
      "23": {
        "is_detected_as_shifted": true,
        "has_functional_shift_detected": true
      },
      "25": {
        "is_detected_as_shifted": false,
        "has_functional_shift_detected": true
      },
      "29": {
        "is_detected_as_shifted": false,
        "has_functional_shift_detected": true
      }
    },
    "functional_shift_results": {
      "35": {
        "shifted_edges": [
          [
            23,
            35
          ]
        ],
        "test_details": {
          "y_node": 35,
          "parents": [
            3,
            23
          ],
          "functional_shift_detected": true,
          "p_value_overall": 1.1102230246251565e-16,
          "parent_specific_p_values": {
            "3": 0.11103745800361131,
            "23": 1.1102230246251565e-16
          },
          "coefficients_env1": {
            "Intercept": 3.062864900192852,
            "bs(x3, df=4, degree=3)[0]": 0.6632660051473942,
            "bs(x3, df=4, degree=3)[1]": -1.81369627418267,
            "bs(x3, df=4, degree=3)[2]": 0.7702169304155309,
            "bs(x3, df=4, degree=3)[3]": 0.8335407373509198,
            "bs(x23, df=4, degree=3)[0]": -4.225015205426102,
            "bs(x23, df=4, degree=3)[1]": 0.4122437625625396,
            "bs(x23, df=4, degree=3)[2]": -4.019775279309383,
            "bs(x23, df=4, degree=3)[3]": -2.5274453437672677
          },
          "coefficients_env2": {
            "Intercept": 1.205852923663791,
            "bs(x3, df=4, degree=3)[0]": 0.33278159886180947,
            "bs(x3, df=4, degree=3)[1]": -2.5551620684404304,
            "bs(x3, df=4, degree=3)[2]": 0.5637818126655617,
            "bs(x3, df=4, degree=3)[3]": -0.9956630494610982,
            "bs(x23, df=4, degree=3)[0]": 0.6840356764549473,
            "bs(x23, df=4, degree=3)[1]": 0.03293833072892571,
            "bs(x23, df=4, degree=3)[2]": 0.27087582966686985,
            "bs(x23, df=4, degree=3)[3]": 0.021295880205268847
          }
        },
        "has_functional_shift": true
      },
      "36": {
        "shifted_edges": [
          [
            21,
            36
          ],
          [
            20,
            36
          ],
          [
            31,
            36
          ]
        ],
        "test_details": {
          "y_node": 36,
          "parents": [
            20,
            21,
            31
          ],
          "functional_shift_detected": true,
          "p_value_overall": 1.1102230246251565e-16,
          "parent_specific_p_values": {
            "20": 1.1102230246251565e-16,
            "21": 1.1102230246251565e-16,
            "31": 1.1102230246251565e-16
          },
          "coefficients_env1": {
            "Intercept": 5.163770335722201,
            "bs(x20, df=4, degree=3)[0]": -1.9544072698649169,
            "bs(x20, df=4, degree=3)[1]": -3.1171719919779575,
            "bs(x20, df=4, degree=3)[2]": -0.31371183748921416,
            "bs(x20, df=4, degree=3)[3]": -1.0670019839677143,
            "bs(x21, df=4, degree=3)[0]": -0.7618194270918576,
            "bs(x21, df=4, degree=3)[1]": -2.74833680146165,
            "bs(x21, df=4, degree=3)[2]": 0.44775037641868987,
            "bs(x21, df=4, degree=3)[3]": -0.9946853637253998,
            "bs(x31, df=4, degree=3)[0]": -3.0728327994944697,
            "bs(x31, df=4, degree=3)[1]": 1.8636349161032981,
            "bs(x31, df=4, degree=3)[2]": -4.7175076165082075,
            "bs(x31, df=4, degree=3)[3]": 0.014750757589520283
          },
          "coefficients_env2": {
            "Intercept": 14.979790621947927,
            "bs(x20, df=4, degree=3)[0]": -25.638408312956564,
            "bs(x20, df=4, degree=3)[1]": 3.9276674105944327,
            "bs(x20, df=4, degree=3)[2]": -15.928160223811728,
            "bs(x20, df=4, degree=3)[3]": -5.873618585171174,
            "bs(x21, df=4, degree=3)[0]": -19.860825323718377,
            "bs(x21, df=4, degree=3)[1]": 9.198886004093477,
            "bs(x21, df=4, degree=3)[2]": -10.446183956850795,
            "bs(x21, df=4, degree=3)[3]": -1.5611428927859312,
            "bs(x31, df=4, degree=3)[0]": 3.733605350790125,
            "bs(x31, df=4, degree=3)[1]": 13.886545520511167,
            "bs(x31, df=4, degree=3)[2]": -3.8605140079501097,
            "bs(x31, df=4, degree=3)[3]": 7.342335394770291
          }
        },
        "has_functional_shift": true
      },
      "38": {
        "shifted_edges": [
          [
            22,
            38
          ]
        ],
        "test_details": {
          "y_node": 38,
          "parents": [
            22
          ],
          "functional_shift_detected": true,
          "p_value_overall": 1.1102230246251565e-16,
          "parent_specific_p_values": {
            "22": 1.1102230246251565e-16
          },
          "coefficients_env1": {
            "Intercept": -0.6469610633879053,
            "bs(x22, df=4, degree=3)[0]": 2.9493738294416825,