{
  "dataset_info": {
    "seed": 235,
    "dataset_index": 14,
    "node_count": 40,
    "edge_count": 40,
    "graph_type": "ER",
    "shifted_nodes": [
      19,
      27,
      39,
      6,
      24,
      28,
      14,
      25
    ],
    "shift_types": {
      "19": "function",
      "27": "function",
      "39": "function",
      "6": "function",
      "24": "noise_skew",
      "28": "noise_skew",
      "14": "noise_skew",
      "25": "noise_skew"
    },
    "shift_case": "function_noise_skew"
  },
  "model": "iscan",
  "config_name": "ER",
  "dag_structure": "standard",
  "device": "cuda:0",
  "iscan": {
    "detected_shifted_nodes": [
      27,
      39
    ],
    "order": [
      14,
      2,
      9,
      7,
      24,
      18,
      12,
      15,
      28,
      1,
      3,
      5,
      20,
      4,
      26,
      11,
      13,
      39,
      23,
      16,
      8,
      34,
      0,
      10,
      22,
      35,
      30,
      29,
      17,
      19,
      21,
      32,
      38,
      6,
      33,
      25,
      37,
      31,
      27,
      36
    ],
    "ratio_dict": {
      "27": 14.280593973818334,
      "39": 6.228874668625387,
      "21": 1.9250184549763347,
      "6": 1.895470303912639,
      "19": 1.8196248473994292,
      "36": 1.609468591587871,
      "31": 1.2773757957210843,
      "25": 1.1004703812605285,
      "28": 1.0398994510584605,
      "11": 1.0263935908238397,
      "32": 1.0257920992907326,
      "24": 1.0005970101286408,
      "33": 0.9845192903128965,
      "38": 0.9745291259855515,
      "37": 0.9687713022290886,
      "5": 0.8691875703396233,
      "26": 0.8377341492606254,
      "15": 0.8355607020097072,
      "17": 0.7720220099134406,
      "3": 0.7684522498634918,
      "13": 0.7597764674526027,
      "4": 0.752116244343744,
      "7": 0.7408195414358751,
      "29": 0.7317109556035644,
      "9": 0.721696584594109,
      "2": 0.6947847428903423,
      "30": 0.6939729563375924,
      "34": 0.6632067333507382,
      "8": 0.6500573085725313,
      "10": 0.6413682038437019,
      "23": 0.6365887777773229,
      "35": 0.5917219517791521,
      "20": 0.5847122475626182,
      "22": 0.5751483772995791,
      "1": 0.5696186298492524,
      "12": 0.5434795125301222,
      "0": 0.5342571273727874,
      "16": 0.4959828208487444,
      "18": 0.44694093764099374
    },
    "y_node_detection": {
      "detected": false,
      "expected": true
    },
    "true_shifted_node_summary": {
      "6": {
        "is_detected_as_shifted": false,
        "has_functional_shift_detected": true
      },
      "39": {
        "is_detected_as_shifted": true,
        "has_functional_shift_detected": true
      },
      "14": {
        "is_detected_as_shifted": false,
        "has_functional_shift_detected": true
      },
      "19": {
        "is_detected_as_shifted": false,
        "has_functional_shift_detected": true
      },
      "24": {
        "is_detected_as_shifted": false,
        "has_functional_shift_detected": true
      },
      "25": {
        "is_detected_as_shifted": false,
        "has_functional_shift_detected": true
      },
      "27": {
        "is_detected_as_shifted": true,
        "has_functional_shift_detected": true
      },
      "28": {
        "is_detected_as_shifted": false,
        "has_functional_shift_detected": true
      }
    },
    "functional_shift_results": {
      "6": {
        "shifted_edges": [
          [
            5,
            6
          ]
        ],
        "test_details": {
          "y_node": 6,
          "parents": [
            5
          ],
          "functional_shift_detected": true,
          "p_value_overall": 1.1102230246251565e-16,
          "parent_specific_p_values": {
            "5": 1.1102230246251565e-16
          },
          "coefficients_env1": {
            "Intercept": -0.5091179003677585,
            "bs(x5, df=4, degree=3)[0]": 2.6617276620517343,
            "bs(x5, df=4, degree=3)[1]": -1.5341472823266225,
            "bs(x5, df=4, degree=3)[2]": 2.3329024102405302,
            "bs(x5, df=4, degree=3)[3]": 0.6565177882874308
          },
          "coefficients_env2": {
            "Intercept": 4.187201261799825,
            "bs(x5, df=4, degree=3)[0]": -16.411648361046204,
            "bs(x5, df=4, degree=3)[1]": 11.682922630162956,
            "bs(x5, df=4, degree=3)[2]": -8.971199107532875,
            "bs(x5, df=4, degree=3)[3]": 2.4906106638733694
          }
        },
        "has_functional_shift": true
      },
      "39": {
        "shifted_edges": [
          [
            4,
            39
          ],
          [
            26,
            39
          ]
        ],
        "test_details": {
          "y_node": 39,
          "parents": [
            4,
            26
          ],
          "functional_shift_detected": true,
          "p_value_overall": 1.1102230246251565e-16,
          "parent_specific_p_values": {
            "4": 1.1102230246251565e-16,
            "26": 1.1102230246251565e-16
          },
          "coefficients_env1": {
            "Intercept": 2.274770651876557,
            "bs(x4, df=4, degree=3)[0]": 0.07848822932601576,
            "bs(x4, df=4, degree=3)[1]": -2.2869481646985674,
            "bs(x4, df=4, degree=3)[2]": -0.13586400762661976,
            "bs(x4, df=4, degree=3)[3]": 0.31262182721787046,
            "bs(x26, df=4, degree=3)[0]": -0.0685767466387307,
            "bs(x26, df=4, degree=3)[1]": -2.2711640183996975,
            "bs(x26, df=4, degree=3)[2]": 0.1140916579711736,
            "bs(x26, df=4, degree=3)[3]": -0.09139084879443155
          },
          "coefficients_env2": {
            "Intercept": 15.506970679911781,
            "bs(x4, df=4, degree=3)[0]": -19.442714692393537,
            "bs(x4, df=4, degree=3)[1]": 9.57010808658362,
            "bs(x4, df=4, degree=3)[2]": -13.920477958517207,
            "bs(x4, df=4, degree=3)[3]": 1.5546302375251724,
            "bs(x26, df=4, degree=3)[0]": -21.174889156009666,
            "bs(x26, df=4, degree=3)[1]": 7.482861212326167,
            "bs(x26, df=4, degree=3)[2]": -11.703220299637955,
            "bs(x26, df=4, degree=3)[3]": -2.0410430590558986
          }
        },
        "has_functional_shift": true
      },
      "14": {
        "shifted_edges": [
          [
            2,
            14
          ]
        ],
        "test_details": {
          "y_node": 14,
          "parents": [
            2
          ],
          "functional_shift_detected": true,
          "p_value_overall": 6.735496806187236e-05,
          "parent_specific_p_values": {
            "2": 6.735496806187236e-05
          },
          "coefficients_env1": {
            "Intercept": 0.9519004804427535,
            "bs(x2, df=4, degree=3)[0]": 0.1955320921618971,
            "bs(x2, df=4, degree=3)[1]": -2.524979247057801,
            "bs(x2, df=4, degree=3)[2]": 0.931048691902876,
            "bs(x2, df=4, degree=3)[3]": -0.9611574745444973
          },
          "coefficients_env2": {
            "Intercept": 0.36685916028194,
            "bs(x2, df=4, degree=3)[0]": 1.8463303977211551,
            "bs(x2, df=4, degree=3)[1]": -1.9766100934127087,
            "bs(x2, df=4, degree=3)[2]": 2.116411956323025,
            "bs(x2, df=4, degree=3)[3]": -0.11207301836107919
          }
        },
        "has_functional_shift": true
      },
      "19": {
        "shifted_edges": [
          [
            15,
            19
          ]
        ],
        "test_details": {
          "y_node": 19,
          "parents": [
            15
          ],
          "functional_shift_detected": true,
          "p_value_overall": 1.1102230246251565e-16,
          "parent_specific_p_values": {
            "15": 1.1102230246251565e-16
          },
          "coefficients_env1": {
            "Intercept": 0.6203658629099913,
            "bs(x15, df=4, degree=3)[0]": 0.7083607567022221,
            "bs(x15, df=4, degree=3)[1]": -2.0052062757039515,