{
  "dataset_info": {
    "seed": 234,
    "dataset_index": 13,
    "node_count": 40,
    "edge_count": 40,
    "graph_type": "ER",
    "shifted_nodes": [
      26,
      34,
      27,
      22,
      21,
      6,
      38,
      14
    ],
    "shift_types": {
      "26": "function",
      "34": "function",
      "27": "function",
      "22": "function",
      "21": "noise_std",
      "6": "noise_std",
      "38": "noise_std",
      "14": "noise_std"
    },
    "shift_case": "function_noise_std"
  },
  "model": "iscan",
  "config_name": "ER",
  "dag_structure": "standard",
  "device": "cuda:0",
  "iscan": {
    "detected_shifted_nodes": [
      31,
      34,
      38,
      21
    ],
    "order": [
      4,
      0,
      12,
      24,
      23,
      19,
      2,
      5,
      6,
      3,
      10,
      1,
      8,
      26,
      35,
      25,
      33,
      9,
      13,
      17,
      36,
      37,
      16,
      20,
      15,
      29,
      22,
      18,
      28,
      11,
      27,
      7,
      30,
      14,
      39,
      21,
      38,
      32,
      34,
      31
    ],
    "ratio_dict": {
      "34": 3.976450419529382,
      "31": 2.970807588998076,
      "38": 2.547605830803204,
      "21": 2.2823197883502653,
      "14": 1.8730387431990525,
      "27": 1.7602571691919775,
      "0": 1.559594812082641,
      "26": 1.2480264441971982,
      "22": 1.2105114102862946,
      "6": 1.1436307977816589,
      "32": 1.0652525066968188,
      "7": 1.023962639692702,
      "39": 0.9913187239267296,
      "30": 0.91104827497326,
      "16": 0.8453938129378145,
      "11": 0.8421573194931632,
      "3": 0.8285378513489544,
      "5": 0.8093433619400359,
      "18": 0.7999114536988216,
      "25": 0.7821240159912897,
      "29": 0.7649271501039567,
      "33": 0.7641175495859022,
      "36": 0.7549683063574288,
      "20": 0.7413154319062913,
      "28": 0.720265848693084,
      "8": 0.7185284193361795,
      "15": 0.7092108273814376,
      "10": 0.7008487225384213,
      "37": 0.6923940371630648,
      "12": 0.6832846986483612,
      "35": 0.6728837100496552,
      "1": 0.6694732798178068,
      "23": 0.6615403257576724,
      "17": 0.6508960708941924,
      "13": 0.6326747658179667,
      "2": 0.6183997288445399,
      "9": 0.5808328751704271,
      "24": 0.5047292419042727,
      "19": 0.4501216874221464
    },
    "y_node_detection": {
      "detected": false,
      "expected": true
    },
    "true_shifted_node_summary": {
      "34": {
        "is_detected_as_shifted": true,
        "has_functional_shift_detected": true
      },
      "6": {
        "is_detected_as_shifted": false,
        "has_functional_shift_detected": false
      },
      "38": {
        "is_detected_as_shifted": true,
        "has_functional_shift_detected": true
      },
      "14": {
        "is_detected_as_shifted": false,
        "has_functional_shift_detected": true
      },
      "21": {
        "is_detected_as_shifted": true,
        "has_functional_shift_detected": true
      },
      "22": {
        "is_detected_as_shifted": false,
        "has_functional_shift_detected": true
      },
      "26": {
        "is_detected_as_shifted": false,
        "has_functional_shift_detected": true
      },
      "27": {
        "is_detected_as_shifted": false,
        "has_functional_shift_detected": true
      }
    },
    "functional_shift_results": {
      "34": {
        "shifted_edges": [
          [
            14,
            34
          ],
          [
            0,
            34
          ]
        ],
        "test_details": {
          "y_node": 34,
          "parents": [
            0,
            14
          ],
          "functional_shift_detected": true,
          "p_value_overall": 1.1102230246251565e-16,
          "parent_specific_p_values": {
            "0": 1.1102230246251565e-16,
            "14": 1.1102230246251565e-16
          },
          "coefficients_env1": {
            "Intercept": 4.059361624252254,
            "bs(x0, df=4, degree=3)[0]": -0.34281259529158314,
            "bs(x0, df=4, degree=3)[1]": -1.887454675767233,
            "bs(x0, df=4, degree=3)[2]": 0.5169347540060605,
            "bs(x0, df=4, degree=3)[3]": 0.060575445963969576,
            "bs(x14, df=4, degree=3)[0]": -4.167859390435136,
            "bs(x14, df=4, degree=3)[1]": -1.719499589860583,
            "bs(x14, df=4, degree=3)[2]": -2.7567701350026583,
            "bs(x14, df=4, degree=3)[3]": -3.7656179944568597
          },
          "coefficients_env2": {
            "Intercept": 9.880763999344646,
            "bs(x0, df=4, degree=3)[0]": -18.796837798771648,
            "bs(x0, df=4, degree=3)[1]": 8.082627188657156,
            "bs(x0, df=4, degree=3)[2]": -16.299798205249157,
            "bs(x0, df=4, degree=3)[3]": 0.5709842772042839,
            "bs(x14, df=4, degree=3)[0]": -5.811363406188057,
            "bs(x14, df=4, degree=3)[1]": 9.048522254243709,
            "bs(x14, df=4, degree=3)[2]": -3.796465446594568,
            "bs(x14, df=4, degree=3)[3]": -1.1075017412602994
          }
        },
        "has_functional_shift": true
      },
      "6": {
        "shifted_edges": [],
        "test_details": {
          "y_node": 6,
          "parents": [
            5
          ],
          "functional_shift_detected": false,
          "p_value_overall": 0.1402934382446659,
          "parent_specific_p_values": {},
          "coefficients_env1": {
            "Intercept": 0.7993526800354307,
            "bs(x5, df=4, degree=3)[0]": 0.5883551570090099,
            "bs(x5, df=4, degree=3)[1]": -2.241315107406547,
            "bs(x5, df=4, degree=3)[2]": 0.5795678656494542,
            "bs(x5, df=4, degree=3)[3]": -0.09163592969396012
          },
          "coefficients_env2": {
            "Intercept": 1.2893560406182385,
            "bs(x5, df=4, degree=3)[0]": -0.49486156529029757,
            "bs(x5, df=4, degree=3)[1]": -2.111241778251573,
            "bs(x5, df=4, degree=3)[2]": -0.26393218276993713,
            "bs(x5, df=4, degree=3)[3]": -0.3789798779484498
          }
        },
        "has_functional_shift": false
      },
      "38": {
        "shifted_edges": [
          [
            12,
            38
          ]
        ],
        "test_details": {
          "y_node": 38,
          "parents": [
            0,
            12,
            13
          ],
          "functional_shift_detected": true,
          "p_value_overall": 1.0685413975863867e-05,
          "parent_specific_p_values": {
            "0": 0.48748354310033026,
            "12": 3.9325594558548005e-08,
            "13": 0.6200356751723684
          },
          "coefficients_env1": {
            "Intercept": 2.4245525784105126,
            "bs(x0, df=4, degree=3)[0]": -0.08049640622456056,
            "bs(x0, df=4, degree=3)[1]": -2.3645484700070405,
            "bs(x0, df=4, degree=3)[2]": 0.8560653601991417,
            "bs(x0, df=4, degree=3)[3]": -0.32936485422372547,
            "bs(x12, df=4, degree=3)[0]": 1.8235793783192487,
            "bs(x12, df=4, degree=3)[1]": -2.1639817132175945,
            "bs(x12, df=4, degree=3)[2]": 2.554682578144729,
            "bs(x12, df=4, degree=3)[3]": -0.28481278197908433,
            "bs(x13, df=4, degree=3)[0]": -0.7888887681299961,
            "bs(x13, df=4, degree=3)[1]": -2.8493776975472396,
            "bs(x13, df=4, degree=3)[2]": 1.0603012901595135,
            "bs(x13, df=4, degree=3)[3]": -2.7394328264379
          },
          "coefficients_env2": {
            "Intercept": 1.7724466588955357,
            "bs(x0, df=4, degree=3)[0]": 0.29508725551994364,
            "bs(x0, df=4, degree=3)[1]": -2.697567255012218,
            "bs(x0, df=4, degree=3)[2]": 1.5877198665053913,
            "bs(x0, df=4, degree=3)[3]": -0.8099639619456868,
            "bs(x12, df=4, degree=3)[0]": 2.2206117500738136,
            "bs(x12, df=4, degree=3)[1]": -1.8036554889505159,
            "bs(x12, df=4, degree=3)[2]": 1.6600966589635666,