{
  "dataset_info": {
    "seed": 251,
    "dataset_index": 30,
    "node_count": 40,
    "edge_count": 40,
    "graph_type": "ER",
    "shifted_nodes": [
      33,
      13,
      36,
      34,
      15,
      37,
      17,
      26
    ],
    "shift_types": {
      "33": "noise_skew",
      "13": "noise_skew",
      "36": "noise_skew",
      "34": "noise_skew",
      "15": "noise_skew",
      "37": "noise_skew",
      "17": "noise_skew",
      "26": "noise_skew"
    },
    "shift_case": "noise_skew_noise_skew"
  },
  "model": "iscan",
  "config_name": "ER",
  "dag_structure": "standard",
  "device": "cuda:0",
  "iscan": {
    "detected_shifted_nodes": [],
    "order": [
      23,
      26,
      10,
      13,
      4,
      0,
      6,
      17,
      7,
      9,
      15,
      22,
      3,
      37,
      19,
      34,
      2,
      36,
      27,
      5,
      24,
      21,
      1,
      32,
      18,
      11,
      20,
      16,
      8,
      14,
      12,
      28,
      29,
      30,
      31,
      39,
      35,
      38,
      25,
      33
    ],
    "ratio_dict": {
      "15": 1.660442923726718,
      "34": 1.380549384139866,
      "17": 1.3121208576203591,
      "36": 1.2548829021188286,
      "25": 1.222324322305097,
      "37": 1.1110916497866767,
      "38": 1.055039525345254,
      "5": 1.0418431318321415,
      "39": 1.0011261196680918,
      "33": 0.9590039514756434,
      "7": 0.932851731499665,
      "2": 0.9298015611811152,
      "26": 0.9028042428424674,
      "24": 0.8870201722379824,
      "27": 0.8646997621948903,
      "4": 0.8140875493259949,
      "9": 0.8044929020819819,
      "29": 0.789633733757456,
      "35": 0.7829872874385955,
      "30": 0.7811386660295943,
      "19": 0.7739917855363065,
      "20": 0.7589349952286606,
      "28": 0.7447066705643675,
      "18": 0.7400327779094401,
      "21": 0.7360550975309009,
      "22": 0.7310818911619991,
      "1": 0.7087251425789325,
      "12": 0.7069242894545695,
      "11": 0.6969945596679551,
      "31": 0.6712125091542493,
      "8": 0.6662443060970619,
      "6": 0.6597579290907403,
      "0": 0.6576157998160993,
      "3": 0.6192309705443215,
      "13": 0.5952557708950286,
      "32": 0.5826001463908685,
      "16": 0.5575218063018089,
      "14": 0.5355207282914809,
      "10": 0.46183332482999123
    },
    "y_node_detection": {
      "detected": false,
      "expected": true
    },
    "true_shifted_node_summary": {
      "33": {
        "is_detected_as_shifted": false,
        "has_functional_shift_detected": true
      },
      "34": {
        "is_detected_as_shifted": false,
        "has_functional_shift_detected": true
      },
      "36": {
        "is_detected_as_shifted": false,
        "has_functional_shift_detected": true
      },
      "37": {
        "is_detected_as_shifted": false,
        "has_functional_shift_detected": true
      },
      "13": {
        "is_detected_as_shifted": false,
        "has_functional_shift_detected": true
      },
      "15": {
        "is_detected_as_shifted": false,
        "has_functional_shift_detected": true
      },
      "17": {
        "is_detected_as_shifted": false,
        "has_functional_shift_detected": true
      },
      "26": {
        "is_detected_as_shifted": false,
        "has_functional_shift_detected": true
      }
    },
    "functional_shift_results": {
      "33": {
        "shifted_edges": [
          [
            17,
            33
          ],
          [
            21,
            33
          ],
          [
            25,
            33
          ]
        ],
        "test_details": {
          "y_node": 33,
          "parents": [
            17,
            21,
            25
          ],
          "functional_shift_detected": true,
          "p_value_overall": 3.885780586188048e-15,
          "parent_specific_p_values": {
            "17": 7.414973144714843e-06,
            "21": 0.013942742104026351,
            "25": 2.4646951146678475e-14
          },
          "coefficients_env1": {
            "Intercept": 0.7671134939434062,
            "bs(x17, df=4, degree=3)[0]": -1.9957458968380868,
            "bs(x17, df=4, degree=3)[1]": 0.8879391639585938,
            "bs(x17, df=4, degree=3)[2]": -0.3365687053390345,
            "bs(x17, df=4, degree=3)[3]": -2.1031759414682383,
            "bs(x21, df=4, degree=3)[0]": -0.12132233286588934,
            "bs(x21, df=4, degree=3)[1]": -1.5144871624618546,
            "bs(x21, df=4, degree=3)[2]": 1.6579544448198185,
            "bs(x21, df=4, degree=3)[3]": 0.4239563395071917,
            "bs(x25, df=4, degree=3)[0]": -1.61053433009299,
            "bs(x25, df=4, degree=3)[1]": 5.1576436756192034,
            "bs(x25, df=4, degree=3)[2]": -3.254656916853448,
            "bs(x25, df=4, degree=3)[3]": 2.7907629569103243
          },
          "coefficients_env2": {
            "Intercept": 4.458857247070906,
            "bs(x17, df=4, degree=3)[0]": -5.145684254750942,
            "bs(x17, df=4, degree=3)[1]": 1.191659081128206,
            "bs(x17, df=4, degree=3)[2]": -3.7570852780194115,
            "bs(x17, df=4, degree=3)[3]": -2.6374904986465424,
            "bs(x21, df=4, degree=3)[0]": -1.0796356044519522,
            "bs(x21, df=4, degree=3)[1]": -2.564756029010602,
            "bs(x21, df=4, degree=3)[2]": 0.6137825956821142,
            "bs(x21, df=4, degree=3)[3]": 0.37897941614993835,
            "bs(x25, df=4, degree=3)[0]": -1.2942641835718285,
            "bs(x25, df=4, degree=3)[1]": 3.6149674128451723,
            "bs(x25, df=4, degree=3)[2]": -4.570406294439075,
            "bs(x25, df=4, degree=3)[3]": 2.2702255105850657
          }
        },
        "has_functional_shift": true
      },
      "34": {
        "shifted_edges": [
          [
            10,
            34
          ],
          [
            2,
            34
          ],
          [
            19,
            34
          ]
        ],
        "test_details": {
          "y_node": 34,
          "parents": [
            2,
            10,
            19
          ],
          "functional_shift_detected": true,
          "p_value_overall": 1.1102230246251565e-16,
          "parent_specific_p_values": {
            "2": 2.1040542752537306e-08,
            "10": 4.536593323223315e-12,
            "19": 0.001506618842189611
          },
          "coefficients_env1": {
            "Intercept": 3.535393030194916,
            "bs(x2, df=4, degree=3)[0]": -0.4315920465313925,
            "bs(x2, df=4, degree=3)[1]": -2.376483427846258,
            "bs(x2, df=4, degree=3)[2]": -0.4842405808784952,
            "bs(x2, df=4, degree=3)[3]": -0.580289987588,
            "bs(x10, df=4, degree=3)[0]": 0.29751796092933547,
            "bs(x10, df=4, degree=3)[1]": -2.2845487475686315,
            "bs(x10, df=4, degree=3)[2]": 0.7769128583379789,
            "bs(x10, df=4, degree=3)[3]": -0.5214994761322242,
            "bs(x19, df=4, degree=3)[0]": 0.5512099644831311,
            "bs(x19, df=4, degree=3)[1]": -2.775852245154618,
            "bs(x19, df=4, degree=3)[2]": 0.07740357844603696,
            "bs(x19, df=4, degree=3)[3]": -0.2066727660407881
          },
          "coefficients_env2": {
            "Intercept": 0.8317008780354443,
            "bs(x2, df=4, degree=3)[0]": 2.2241334369585157,
            "bs(x2, df=4, degree=3)[1]": -1.9608818272233721,
            "bs(x2, df=4, degree=3)[2]": 2.3501800981405214,
            "bs(x2, df=4, degree=3)[3]": 0.18690251445088116,
            "bs(x10, df=4, degree=3)[0]": 2.426963715155594,
            "bs(x10, df=4, degree=3)[1]": -1.244303233805371,
            "bs(x10, df=4, degree=3)[2]": 1.6930342053056875,
            "bs(x10, df=4, degree=3)[3]": 1.1102240167405242,
            "bs(x19, df=4, degree=3)[0]": -0.002988778695735772,
            "bs(x19, df=4, degree=3)[1]": -2.1295999647907697,
            "bs(x19, df=4, degree=3)[2]": -0.07108537127278558,