{
  "dataset_info": {
    "seed": 228,
    "dataset_index": 7,
    "node_count": 40,
    "edge_count": 40,
    "graph_type": "ER",
    "shifted_nodes": [
      13,
      17,
      20,
      24,
      22,
      35,
      9,
      2
    ],
    "shift_types": {
      "13": "function",
      "17": "function",
      "20": "function",
      "24": "function",
      "22": "noise_std",
      "35": "noise_std",
      "9": "noise_std",
      "2": "noise_std"
    },
    "shift_case": "function_noise_std"
  },
  "model": "iscan",
  "config_name": "ER",
  "dag_structure": "standard",
  "device": "cuda:0",
  "iscan": {
    "detected_shifted_nodes": [
      13,
      16,
      20,
      22,
      9,
      2,
      24
    ],
    "order": [
      8,
      18,
      14,
      0,
      10,
      12,
      3,
      33,
      19,
      34,
      36,
      15,
      17,
      7,
      37,
      5,
      11,
      1,
      32,
      24,
      35,
      21,
      6,
      39,
      29,
      30,
      2,
      23,
      4,
      31,
      28,
      26,
      38,
      9,
      22,
      27,
      20,
      25,
      16,
      13
    ],
    "ratio_dict": {
      "13": 43.55066607201085,
      "20": 9.700021085361573,
      "16": 2.7067480158698096,
      "24": 2.5869611571288873,
      "22": 2.4030436848772947,
      "9": 2.117319102259196,
      "2": 2.0755590201677605,
      "35": 1.9879700887251404,
      "28": 1.7185292745507308,
      "29": 1.5001171626695642,
      "27": 1.4365479660770986,
      "4": 1.4008919147946313,
      "38": 1.3268856791157757,
      "30": 1.305386980429239,
      "26": 1.2529524066918818,
      "25": 1.2351641675039629,
      "23": 1.1602537832270234,
      "21": 1.1552065466842265,
      "31": 0.9895415365272471,
      "6": 0.9310555990884981,
      "39": 0.9145275942244171,
      "18": 0.8194426033582041,
      "17": 0.7956204503294412,
      "32": 0.773190612610582,
      "33": 0.770862136542903,
      "10": 0.7513679459336783,
      "19": 0.7479277731304897,
      "15": 0.7021786159601417,
      "36": 0.6645680506482692,
      "1": 0.6390995765587066,
      "5": 0.6352278079863751,
      "34": 0.6179851036358823,
      "11": 0.6088957725175755,
      "7": 0.598032610631221,
      "3": 0.5941118132411313,
      "14": 0.5782559808838519,
      "37": 0.5702975414356173,
      "0": 0.5627268802784253,
      "12": 0.5019358020544764
    },
    "y_node_detection": {
      "detected": false,
      "expected": true
    },
    "true_shifted_node_summary": {
      "2": {
        "is_detected_as_shifted": true,
        "has_functional_shift_detected": true
      },
      "35": {
        "is_detected_as_shifted": false,
        "has_functional_shift_detected": true
      },
      "9": {
        "is_detected_as_shifted": true,
        "has_functional_shift_detected": true
      },
      "13": {
        "is_detected_as_shifted": true,
        "has_functional_shift_detected": true
      },
      "17": {
        "is_detected_as_shifted": false,
        "has_functional_shift_detected": true
      },
      "20": {
        "is_detected_as_shifted": true,
        "has_functional_shift_detected": true
      },
      "22": {
        "is_detected_as_shifted": true,
        "has_functional_shift_detected": true
      },
      "24": {
        "is_detected_as_shifted": true,
        "has_functional_shift_detected": true
      }
    },
    "functional_shift_results": {
      "2": {
        "shifted_edges": [
          [
            0,
            2
          ]
        ],
        "test_details": {
          "y_node": 2,
          "parents": [
            0
          ],
          "functional_shift_detected": true,
          "p_value_overall": 0.004597445495412189,
          "parent_specific_p_values": {
            "0": 0.004597445495412189
          },
          "coefficients_env1": {
            "Intercept": 1.1020758739217205,
            "bs(x0, df=4, degree=3)[0]": -0.15001288342039645,
            "bs(x0, df=4, degree=3)[1]": -1.9381838102358544,
            "bs(x0, df=4, degree=3)[2]": -0.34556322602391165,
            "bs(x0, df=4, degree=3)[3]": -0.28526003468880373
          },
          "coefficients_env2": {
            "Intercept": -0.5092730641009621,
            "bs(x0, df=4, degree=3)[0]": 2.3895035838913046,
            "bs(x0, df=4, degree=3)[1]": -1.0978836621818258,
            "bs(x0, df=4, degree=3)[2]": 1.7860922982275862,
            "bs(x0, df=4, degree=3)[3]": 1.2790166427553709
          }
        },
        "has_functional_shift": true
      },
      "35": {
        "shifted_edges": [
          [
            3,
            35
          ]
        ],
        "test_details": {
          "y_node": 35,
          "parents": [
            3
          ],
          "functional_shift_detected": true,
          "p_value_overall": 0.04662162907710954,
          "parent_specific_p_values": {
            "3": 0.04662162907710954
          },
          "coefficients_env1": {
            "Intercept": 1.1462545842393048,
            "bs(x3, df=4, degree=3)[0]": -0.17255091021100577,
            "bs(x3, df=4, degree=3)[1]": -2.3205089172357827,
            "bs(x3, df=4, degree=3)[2]": 0.1400155104174996,
            "bs(x3, df=4, degree=3)[3]": -0.7105207954592154
          },
          "coefficients_env2": {
            "Intercept": 0.5321596182810643,
            "bs(x3, df=4, degree=3)[0]": 1.2661801867640623,
            "bs(x3, df=4, degree=3)[1]": -2.399256534693619,
            "bs(x3, df=4, degree=3)[2]": 1.4147985974612143,
            "bs(x3, df=4, degree=3)[3]": -0.731250222169354
          }
        },
        "has_functional_shift": true
      },
      "9": {
        "shifted_edges": [
          [
            2,
            9
          ]
        ],
        "test_details": {
          "y_node": 9,
          "parents": [
            2
          ],
          "functional_shift_detected": true,
          "p_value_overall": 9.600654160557553e-09,
          "parent_specific_p_values": {
            "2": 9.600654160557553e-09
          },
          "coefficients_env1": {
            "Intercept": 1.2238067785764866,
            "bs(x2, df=4, degree=3)[0]": 0.08165992874171835,
            "bs(x2, df=4, degree=3)[1]": -2.85451508884609,
            "bs(x2, df=4, degree=3)[2]": 0.6184867586731375,
            "bs(x2, df=4, degree=3)[3]": -1.0696516274776646
          },
          "coefficients_env2": {
            "Intercept": -0.5040194347840055,
            "bs(x2, df=4, degree=3)[0]": 2.6198261841644994,
            "bs(x2, df=4, degree=3)[1]": -2.030056944354633,
            "bs(x2, df=4, degree=3)[2]": 3.607802557673428,
            "bs(x2, df=4, degree=3)[3]": -1.8205415296117633
          }
        },
        "has_functional_shift": true
      },
      "13": {
        "shifted_edges": [
          [
            10,
            13
          ],
          [
            1,
            13
          ],
          [
            2,
            13
          ]
        ],
        "test_details": {
          "y_node": 13,
          "parents": [
            1,
            2,
            10
          ],
          "functional_shift_detected": true,
          "p_value_overall": 1.1102230246251565e-16,
          "parent_specific_p_values": {
            "1": 1.1102230246251565e-16,
            "2": 1.1102230246251565e-16,
            "10": 1.1102230246251565e-16
          },
          "coefficients_env1": {
            "Intercept": 1.2096998395326906,
            "bs(x1, df=4, degree=3)[0]": 1.5125790965371388,
            "bs(x1, df=4, degree=3)[1]": -2.029839160107282,
            "bs(x1, df=4, degree=3)[2]": 1.6716001165746834,
            "bs(x1, df=4, degree=3)[3]": -0.046287716199061246,
            "bs(x2, df=4, degree=3)[0]": 0.9472240103066708,
            "bs(x2, df=4, degree=3)[1]": -2.5016059008516063,
            "bs(x2, df=4, degree=3)[2]": 1.4402006209455327,
            "bs(x2, df=4, degree=3)[3]": -0.8401934574460959,