{
  "dataset_info": {
    "seed": 244,
    "dataset_index": 23,
    "node_count": 40,
    "edge_count": 40,
    "graph_type": "ER",
    "shifted_nodes": [
      9,
      2,
      34,
      3,
      17,
      5,
      35,
      23
    ],
    "shift_types": {
      "9": "noise_std",
      "2": "noise_std",
      "34": "noise_std",
      "3": "noise_std",
      "17": "noise_std",
      "5": "noise_std",
      "35": "noise_std",
      "23": "noise_std"
    },
    "shift_case": "noise_std_noise_std"
  },
  "model": "iscan",
  "config_name": "ER",
  "dag_structure": "standard",
  "device": "cuda:0",
  "iscan": {
    "detected_shifted_nodes": [
      2
    ],
    "order": [
      27,
      12,
      10,
      7,
      1,
      6,
      18,
      26,
      29,
      0,
      20,
      31,
      4,
      14,
      39,
      13,
      15,
      11,
      25,
      2,
      24,
      33,
      32,
      16,
      23,
      22,
      8,
      9,
      21,
      3,
      28,
      36,
      5,
      37,
      19,
      34,
      35,
      17,
      30,
      38
    ],
    "ratio_dict": {
      "2": 2.2509999277769452,
      "35": 1.8447547093609653,
      "5": 1.6824258756975592,
      "17": 1.6170980796388634,
      "34": 1.4677716097736668,
      "3": 1.374284600094251,
      "23": 1.343334083172357,
      "38": 1.3157572823042003,
      "9": 1.1927097628720038,
      "19": 1.1253001500998596,
      "30": 1.0401093798139345,
      "11": 0.9995534371134396,
      "15": 0.9755421303976493,
      "37": 0.9562209974557392,
      "13": 0.9328505633970817,
      "25": 0.9215819355925103,
      "28": 0.9092366929242625,
      "33": 0.8733001963045154,
      "36": 0.8708207026832349,
      "24": 0.8549283327666697,
      "39": 0.7946412665312818,
      "8": 0.7930272364176014,
      "20": 0.7880342422857379,
      "12": 0.7751152427117016,
      "29": 0.7375677808871206,
      "22": 0.7348255538697692,
      "32": 0.7345642023630702,
      "21": 0.7308194942367013,
      "10": 0.7171440278230223,
      "4": 0.7021099725840739,
      "1": 0.6815851957655904,
      "7": 0.6656609164371046,
      "16": 0.6578873121338745,
      "14": 0.6388998913071923,
      "0": 0.6328148551228127,
      "26": 0.5938488704128667,
      "18": 0.5847879383046135,
      "31": 0.5655529692960454,
      "6": 0.5302898093889097
    },
    "y_node_detection": {
      "detected": false,
      "expected": true
    },
    "true_shifted_node_summary": {
      "2": {
        "is_detected_as_shifted": true,
        "has_functional_shift_detected": false
      },
      "3": {
        "is_detected_as_shifted": false,
        "has_functional_shift_detected": true
      },
      "34": {
        "is_detected_as_shifted": false,
        "has_functional_shift_detected": true
      },
      "5": {
        "is_detected_as_shifted": false,
        "has_functional_shift_detected": true
      },
      "35": {
        "is_detected_as_shifted": false,
        "has_functional_shift_detected": true
      },
      "9": {
        "is_detected_as_shifted": false,
        "has_functional_shift_detected": false
      },
      "17": {
        "is_detected_as_shifted": false,
        "has_functional_shift_detected": true
      },
      "23": {
        "is_detected_as_shifted": false,
        "has_functional_shift_detected": true
      }
    },
    "functional_shift_results": {
      "2": {
        "shifted_edges": [],
        "test_details": {
          "y_node": 2,
          "parents": [
            0
          ],
          "functional_shift_detected": false,
          "p_value_overall": 0.052982390801059154,
          "parent_specific_p_values": {},
          "coefficients_env1": {
            "Intercept": 0.6733759841199751,
            "bs(x0, df=4, degree=3)[0]": 0.8011129729300475,
            "bs(x0, df=4, degree=3)[1]": -1.6980622516341835,
            "bs(x0, df=4, degree=3)[2]": 0.024871504449743786,
            "bs(x0, df=4, degree=3)[3]": 0.3664747732472968
          },
          "coefficients_env2": {
            "Intercept": 0.701405729291859,
            "bs(x0, df=4, degree=3)[0]": 0.9308699436885293,
            "bs(x0, df=4, degree=3)[1]": -2.1149580918866837,
            "bs(x0, df=4, degree=3)[2]": 0.38752356972422497,
            "bs(x0, df=4, degree=3)[3]": 0.5267905648974496
          }
        },
        "has_functional_shift": false
      },
      "3": {
        "shifted_edges": [
          [
            2,
            3
          ]
        ],
        "test_details": {
          "y_node": 3,
          "parents": [
            2
          ],
          "functional_shift_detected": true,
          "p_value_overall": 2.512657086506387e-06,
          "parent_specific_p_values": {
            "2": 2.512657086506387e-06
          },
          "coefficients_env1": {
            "Intercept": 1.2585945745506817,
            "bs(x2, df=4, degree=3)[0]": -0.8004240400600613,
            "bs(x2, df=4, degree=3)[1]": -2.4262835823317657,
            "bs(x2, df=4, degree=3)[2]": 1.0743495956981246,
            "bs(x2, df=4, degree=3)[3]": -2.622633310955397
          },
          "coefficients_env2": {
            "Intercept": 0.38891862601987565,
            "bs(x2, df=4, degree=3)[0]": 1.0255276020091422,
            "bs(x2, df=4, degree=3)[1]": -1.9797854177169376,
            "bs(x2, df=4, degree=3)[2]": 2.0723799536023524,
            "bs(x2, df=4, degree=3)[3]": -2.0524330407331064
          }
        },
        "has_functional_shift": true
      },
      "34": {
        "shifted_edges": [
          [
            33,
            34
          ]
        ],
        "test_details": {
          "y_node": 34,
          "parents": [
            33
          ],
          "functional_shift_detected": true,
          "p_value_overall": 1.4672423915840227e-06,
          "parent_specific_p_values": {
            "33": 1.4672423915840227e-06
          },
          "coefficients_env1": {
            "Intercept": 0.9189206326869652,
            "bs(x33, df=4, degree=3)[0]": 0.23883346254983875,
            "bs(x33, df=4, degree=3)[1]": -1.9495373610064104,
            "bs(x33, df=4, degree=3)[2]": 0.010572994515287648,
            "bs(x33, df=4, degree=3)[3]": -0.007923003608925658
          },
          "coefficients_env2": {
            "Intercept": 0.04303295236209119,
            "bs(x33, df=4, degree=3)[0]": 1.7732570177479345,
            "bs(x33, df=4, degree=3)[1]": -2.158870871730797,
            "bs(x33, df=4, degree=3)[2]": 2.2829591788753327,
            "bs(x33, df=4, degree=3)[3]": -0.41310976278676204
          }
        },
        "has_functional_shift": true
      },
      "5": {
        "shifted_edges": [
          [
            3,
            5
          ]
        ],
        "test_details": {
          "y_node": 5,
          "parents": [
            3
          ],
          "functional_shift_detected": true,
          "p_value_overall": 4.021005750587392e-12,
          "parent_specific_p_values": {
            "3": 4.021005750587392e-12
          },
          "coefficients_env1": {
            "Intercept": 0.007652823976073614,
            "bs(x3, df=4, degree=3)[0]": 2.1258480760604934,
            "bs(x3, df=4, degree=3)[1]": -2.2537228151362485,
            "bs(x3, df=4, degree=3)[2]": 2.3557814418671796,
            "bs(x3, df=4, degree=3)[3]": -0.6535878043625818
          },
          "coefficients_env2": {
            "Intercept": 0.1738465305686553,
            "bs(x3, df=4, degree=3)[0]": 0.7351461150904529,
            "bs(x3, df=4, degree=3)[1]": -1.2619807587813354,
            "bs(x3, df=4, degree=3)[2]": 1.793489250987462,
            "bs(x3, df=4, degree=3)[3]": -2.150031961735352
          }
        },
        "has_functional_shift": true
      },
      "35": {
        "shifted_edges": [
          [
            4,
            35
          ]
        ],
        "test_details": {
          "y_node": 35,
          "parents": [
            4,
            6,
            27
          ],