{
  "dataset_info": {
    "seed": 249,
    "dataset_index": 28,
    "node_count": 40,
    "edge_count": 40,
    "graph_type": "ER",
    "shifted_nodes": [
      17,
      26,
      36,
      7,
      33,
      39,
      19,
      14
    ],
    "shift_types": {
      "17": "noise_std",
      "26": "noise_std",
      "36": "noise_std",
      "7": "noise_std",
      "33": "noise_skew",
      "39": "noise_skew",
      "19": "noise_skew",
      "14": "noise_skew"
    },
    "shift_case": "noise_std_noise_skew"
  },
  "model": "iscan",
  "config_name": "ER",
  "dag_structure": "standard",
  "device": "cuda:0",
  "iscan": {
    "detected_shifted_nodes": [],
    "order": [
      33,
      31,
      6,
      19,
      3,
      1,
      14,
      20,
      5,
      2,
      37,
      11,
      12,
      0,
      13,
      15,
      9,
      16,
      28,
      4,
      24,
      27,
      23,
      8,
      35,
      32,
      18,
      29,
      10,
      22,
      26,
      39,
      25,
      34,
      36,
      21,
      30,
      7,
      17,
      38
    ],
    "ratio_dict": {
      "36": 1.7659652631207112,
      "7": 1.6964858952385415,
      "17": 1.3637259401925406,
      "14": 1.1487858258227441,
      "30": 1.0860775131007374,
      "26": 1.057544675897038,
      "38": 1.0492005661640447,
      "39": 1.0266012223591616,
      "4": 0.9682762914690222,
      "16": 0.9554064100240018,
      "28": 0.9531322769903487,
      "9": 0.9302968836317972,
      "5": 0.923944768110501,
      "24": 0.9054571136460164,
      "19": 0.8931136039524815,
      "32": 0.8842251949644038,
      "31": 0.8655201038093886,
      "27": 0.8611403076509434,
      "21": 0.8595706908704356,
      "29": 0.8411188685784781,
      "13": 0.8030070607425617,
      "15": 0.7820051181980787,
      "11": 0.7584861226453818,
      "23": 0.7356159780032449,
      "20": 0.6895048339581935,
      "8": 0.6861771664109734,
      "1": 0.6845787753900506,
      "6": 0.6841174774701102,
      "22": 0.680605172415644,
      "12": 0.6770830967866501,
      "0": 0.6509236790767313,
      "34": 0.6411684435397851,
      "10": 0.6302609404726016,
      "2": 0.6262899326646805,
      "25": 0.619829095537725,
      "3": 0.6191364594033872,
      "37": 0.6167926646498839,
      "18": 0.6112228647638497,
      "35": 0.5960863906583896
    },
    "y_node_detection": {
      "detected": false,
      "expected": true
    },
    "true_shifted_node_summary": {
      "33": {
        "is_detected_as_shifted": false,
        "has_functional_shift_detected": true
      },
      "36": {
        "is_detected_as_shifted": false,
        "has_functional_shift_detected": true
      },
      "7": {
        "is_detected_as_shifted": false,
        "has_functional_shift_detected": true
      },
      "39": {
        "is_detected_as_shifted": false,
        "has_functional_shift_detected": true
      },
      "14": {
        "is_detected_as_shifted": false,
        "has_functional_shift_detected": true
      },
      "17": {
        "is_detected_as_shifted": false,
        "has_functional_shift_detected": true
      },
      "19": {
        "is_detected_as_shifted": false,
        "has_functional_shift_detected": true
      },
      "26": {
        "is_detected_as_shifted": false,
        "has_functional_shift_detected": true
      }
    },
    "functional_shift_results": {
      "33": {
        "shifted_edges": [
          [
            31,
            33
          ]
        ],
        "test_details": {
          "y_node": 33,
          "parents": [
            31
          ],
          "functional_shift_detected": true,
          "p_value_overall": 1.6431300764452317e-14,
          "parent_specific_p_values": {
            "31": 1.6431300764452317e-14
          },
          "coefficients_env1": {
            "Intercept": 1.2568249085543481,
            "bs(x31, df=4, degree=3)[0]": -0.3501344895490065,
            "bs(x31, df=4, degree=3)[1]": -2.2869719633934866,
            "bs(x31, df=4, degree=3)[2]": -0.1961960541852393,
            "bs(x31, df=4, degree=3)[3]": -0.019975666451344076
          },
          "coefficients_env2": {
            "Intercept": 0.1964170793006981,
            "bs(x31, df=4, degree=3)[0]": 2.357680764374796,
            "bs(x31, df=4, degree=3)[1]": -1.554343987705023,
            "bs(x31, df=4, degree=3)[2]": 1.4604901263265377,
            "bs(x31, df=4, degree=3)[3]": 1.0891353561875992
          }
        },
        "has_functional_shift": true
      },
      "36": {
        "shifted_edges": [
          [
            31,
            36
          ]
        ],
        "test_details": {
          "y_node": 36,
          "parents": [
            9,
            31
          ],
          "functional_shift_detected": true,
          "p_value_overall": 0.008778731063692424,
          "parent_specific_p_values": {
            "9": 0.8098984985856762,
            "31": 0.0007377126640811804
          },
          "coefficients_env1": {
            "Intercept": 1.4502408688290653,
            "bs(x9, df=4, degree=3)[0]": 0.9312279340217542,
            "bs(x9, df=4, degree=3)[1]": -2.4747508216860648,
            "bs(x9, df=4, degree=3)[2]": 1.418136717873188,
            "bs(x9, df=4, degree=3)[3]": -0.6098074012844106,
            "bs(x31, df=4, degree=3)[0]": 0.2362052324202777,
            "bs(x31, df=4, degree=3)[1]": -1.9660876028096221,
            "bs(x31, df=4, degree=3)[2]": 0.2136808580113006,
            "bs(x31, df=4, degree=3)[3]": 0.5684077855222086
          },
          "coefficients_env2": {
            "Intercept": 0.7307115430121695,
            "bs(x9, df=4, degree=3)[0]": 0.9403952867568821,
            "bs(x9, df=4, degree=3)[1]": -2.232165041277902,
            "bs(x9, df=4, degree=3)[2]": 1.1868039215355164,
            "bs(x9, df=4, degree=3)[3]": -0.21132760851250232,
            "bs(x31, df=4, degree=3)[0]": 2.0052271399278254,
            "bs(x31, df=4, degree=3)[1]": -1.927970223251563,
            "bs(x31, df=4, degree=3)[2]": 1.117480327657706,
            "bs(x31, df=4, degree=3)[3]": 0.8856020311405854
          }
        },
        "has_functional_shift": true
      },
      "7": {
        "shifted_edges": [
          [
            4,
            7
          ],
          [
            5,
            7
          ]
        ],
        "test_details": {
          "y_node": 7,
          "parents": [
            4,
            5
          ],
          "functional_shift_detected": true,
          "p_value_overall": 1.7463808177353712e-13,
          "parent_specific_p_values": {
            "4": 4.522427352016134e-05,
            "5": 1.8723700367928586e-10
          },
          "coefficients_env1": {
            "Intercept": 1.4384855650328046,
            "bs(x4, df=4, degree=3)[0]": -0.11544632105591424,
            "bs(x4, df=4, degree=3)[1]": -2.973064346672926,
            "bs(x4, df=4, degree=3)[2]": 0.5464880805768809,
            "bs(x4, df=4, degree=3)[3]": -1.6470375778167294,
            "bs(x5, df=4, degree=3)[0]": 1.6502632866991203,
            "bs(x5, df=4, degree=3)[1]": -1.4797711153959265,
            "bs(x5, df=4, degree=3)[2]": 0.9228735903121144,
            "bs(x5, df=4, degree=3)[3]": 0.8315209810449096
          },
          "coefficients_env2": {
            "Intercept": 2.6763742057292035,
            "bs(x4, df=4, degree=3)[0]": -1.1159630794914142,
            "bs(x4, df=4, degree=3)[1]": -2.301450373474354,
            "bs(x4, df=4, degree=3)[2]": -0.618744281227632,
            "bs(x4, df=4, degree=3)[3]": 0.35384951019172917,
            "bs(x5, df=4, degree=3)[0]": -0.4627188343515787,
            "bs(x5, df=4, degree=3)[1]": -1.9505912951434201,
            "bs(x5, df=4, degree=3)[2]": 0.04941006711355572,
            "bs(x5, df=4, degree=3)[3]": 0.17299222893139726
          }
        },
        "has_functional_shift": true
      },