{
  "dataset_info": {
    "seed": 237,
    "dataset_index": 16,
    "node_count": 40,
    "edge_count": 40,
    "graph_type": "ER",
    "shifted_nodes": [
      36,
      34,
      31,
      37,
      28,
      30,
      5,
      16
    ],
    "shift_types": {
      "36": "noise_std",
      "34": "noise_std",
      "31": "noise_std",
      "37": "noise_std",
      "28": "noise_skew",
      "30": "noise_skew",
      "5": "noise_skew",
      "16": "noise_skew"
    },
    "shift_case": "noise_std_noise_skew"
  },
  "model": "iscan",
  "config_name": "ER",
  "dag_structure": "standard",
  "device": "cuda:0",
  "iscan": {
    "detected_shifted_nodes": [],
    "order": [
      16,
      8,
      1,
      0,
      5,
      30,
      4,
      3,
      24,
      28,
      6,
      9,
      13,
      39,
      20,
      22,
      7,
      19,
      2,
      29,
      26,
      35,
      21,
      11,
      12,
      10,
      17,
      18,
      14,
      33,
      32,
      15,
      23,
      36,
      27,
      25,
      37,
      34,
      31,
      38
    ],
    "ratio_dict": {
      "31": 1.9688714353882033,
      "37": 1.6481097872369757,
      "34": 1.627777057590842,
      "36": 1.3705728292538983,
      "38": 1.2647957445402054,
      "28": 1.2301416014269424,
      "25": 1.1516265485391972,
      "1": 1.1202302718692343,
      "5": 1.0778935589966212,
      "7": 1.04866507950398,
      "30": 0.9951260204545246,
      "2": 0.9824847332740474,
      "29": 0.9557489831448195,
      "19": 0.9416535928818534,
      "4": 0.940838652983043,
      "24": 0.9404009336578996,
      "27": 0.8865945796511302,
      "32": 0.8691916151511164,
      "21": 0.8464758667309347,
      "3": 0.8348136717131371,
      "8": 0.787044337683491,
      "18": 0.7823596764894736,
      "20": 0.7680692584296395,
      "33": 0.7640839920491161,
      "23": 0.7575352704425051,
      "6": 0.7538630904080097,
      "22": 0.7414733356118058,
      "15": 0.7400383370558569,
      "26": 0.7391379797058698,
      "9": 0.7340264797422571,
      "14": 0.721484516459371,
      "13": 0.7170945711966724,
      "35": 0.6892537928494575,
      "11": 0.6829065027029972,
      "17": 0.6708923494597546,
      "39": 0.6406613688728581,
      "10": 0.6341179603960511,
      "12": 0.5758157146049724,
      "0": 0.5584297515255544
    },
    "y_node_detection": {
      "detected": false,
      "expected": true
    },
    "true_shifted_node_summary": {
      "34": {
        "is_detected_as_shifted": false,
        "has_functional_shift_detected": true
      },
      "36": {
        "is_detected_as_shifted": false,
        "has_functional_shift_detected": true
      },
      "37": {
        "is_detected_as_shifted": false,
        "has_functional_shift_detected": true
      },
      "5": {
        "is_detected_as_shifted": false,
        "has_functional_shift_detected": true
      },
      "16": {
        "is_detected_as_shifted": false,
        "has_functional_shift_detected": true
      },
      "28": {
        "is_detected_as_shifted": false,
        "has_functional_shift_detected": true
      },
      "30": {
        "is_detected_as_shifted": false,
        "has_functional_shift_detected": false
      },
      "31": {
        "is_detected_as_shifted": false,
        "has_functional_shift_detected": true
      }
    },
    "functional_shift_results": {
      "34": {
        "shifted_edges": [
          [
            27,
            34
          ],
          [
            3,
            34
          ]
        ],
        "test_details": {
          "y_node": 34,
          "parents": [
            3,
            24,
            27
          ],
          "functional_shift_detected": true,
          "p_value_overall": 8.705303145006837e-11,
          "parent_specific_p_values": {
            "3": 0.00048749473483289396,
            "24": 0.2603993158528266,
            "27": 1.5955836651926347e-09
          },
          "coefficients_env1": {
            "Intercept": 2.455040523789028,
            "bs(x3, df=4, degree=3)[0]": 1.6543144960079856,
            "bs(x3, df=4, degree=3)[1]": -1.5170254545993247,
            "bs(x3, df=4, degree=3)[2]": 2.1123354258600995,
            "bs(x3, df=4, degree=3)[3]": 1.3043941641791474,
            "bs(x24, df=4, degree=3)[0]": 1.055867213173042,
            "bs(x24, df=4, degree=3)[1]": -1.785520022832992,
            "bs(x24, df=4, degree=3)[2]": 1.789762438010295,
            "bs(x24, df=4, degree=3)[3]": 0.7764448041203754,
            "bs(x27, df=4, degree=3)[0]": -4.382589643461877,
            "bs(x27, df=4, degree=3)[1]": 0.7867595222306651,
            "bs(x27, df=4, degree=3)[2]": -4.630000819048555,
            "bs(x27, df=4, degree=3)[3]": -2.2754096074126715
          },
          "coefficients_env2": {
            "Intercept": 3.442947631803409,
            "bs(x3, df=4, degree=3)[0]": -0.6922120040350924,
            "bs(x3, df=4, degree=3)[1]": -2.536682622674114,
            "bs(x3, df=4, degree=3)[2]": 0.5260487952248392,
            "bs(x3, df=4, degree=3)[3]": 0.6018425802083196,
            "bs(x24, df=4, degree=3)[0]": 0.020997871419580733,
            "bs(x24, df=4, degree=3)[1]": -2.0345032800208114,
            "bs(x24, df=4, degree=3)[2]": 1.1917737301534999,
            "bs(x24, df=4, degree=3)[3]": 0.14221462093871762,
            "bs(x27, df=4, degree=3)[0]": -2.6356376974463664,
            "bs(x27, df=4, degree=3)[1]": 1.9674417420173125,
            "bs(x27, df=4, degree=3)[2]": -4.654780510231108,
            "bs(x27, df=4, degree=3)[3]": 0.03405214070751514
          }
        },
        "has_functional_shift": true
      },
      "36": {
        "shifted_edges": [
          [
            11,
            36
          ]
        ],
        "test_details": {
          "y_node": 36,
          "parents": [
            11,
            29
          ],
          "functional_shift_detected": true,
          "p_value_overall": 0.007017722967022966,
          "parent_specific_p_values": {
            "11": 0.00195217746185683,
            "29": 0.45910135327185597
          },
          "coefficients_env1": {
            "Intercept": 1.4801573366140568,
            "bs(x11, df=4, degree=3)[0]": 0.8565006974051361,
            "bs(x11, df=4, degree=3)[1]": -2.1996135650333315,
            "bs(x11, df=4, degree=3)[2]": 0.7936533274775005,
            "bs(x11, df=4, degree=3)[3]": -0.15708386358308907,
            "bs(x29, df=4, degree=3)[0]": 0.20939333983886121,
            "bs(x29, df=4, degree=3)[1]": -2.1450190192242786,
            "bs(x29, df=4, degree=3)[2]": 0.621176386374794,
            "bs(x29, df=4, degree=3)[3]": 0.16389626902000365
          },
          "coefficients_env2": {
            "Intercept": 2.4990294166514997,
            "bs(x11, df=4, degree=3)[0]": -0.6712104121348287,
            "bs(x11, df=4, degree=3)[1]": -2.7215356093109992,
            "bs(x11, df=4, degree=3)[2]": -0.9283073374520017,
            "bs(x11, df=4, degree=3)[3]": 0.010676324162549322,
            "bs(x29, df=4, degree=3)[0]": 0.5519381184570586,
            "bs(x29, df=4, degree=3)[1]": -2.314487498472806,
            "bs(x29, df=4, degree=3)[2]": 0.7552323695116271,
            "bs(x29, df=4, degree=3)[3]": -0.025627373447934115
          }
        },
        "has_functional_shift": true
      },
      "37": {
        "shifted_edges": [
          [
            33,
            37
          ]
        ],
        "test_details": {
          "y_node": 37,
          "parents": [
            33
          ],
          "functional_shift_detected": true,
          "p_value_overall": 0.0013463211567442679,
          "parent_specific_p_values": {
            "33": 0.0013463211567442679
          },
          "coefficients_env1": {
            "Intercept": 1.2104627488620727,
            "bs(x33, df=4, degree=3)[0]": -1.5030755104890896,
            "bs(x33, df=4, degree=3)[1]": -1.0904363174565619,
            "bs(x33, df=4, degree=3)[2]": 0.6068131956797,