{
  "dataset_info": {
    "seed": 247,
    "dataset_index": 26,
    "node_count": 40,
    "edge_count": 40,
    "graph_type": "ER",
    "shifted_nodes": [
      23,
      27,
      38,
      32,
      29,
      20,
      22,
      14
    ],
    "shift_types": {
      "23": "function",
      "27": "function",
      "38": "function",
      "32": "function",
      "29": "noise_skew",
      "20": "noise_skew",
      "22": "noise_skew",
      "14": "noise_skew"
    },
    "shift_case": "function_noise_skew"
  },
  "model": "iscan",
  "config_name": "ER",
  "dag_structure": "standard",
  "device": "cuda:0",
  "iscan": {
    "detected_shifted_nodes": [
      37,
      38,
      32,
      23
    ],
    "order": [
      35,
      4,
      14,
      19,
      20,
      11,
      29,
      10,
      16,
      7,
      5,
      15,
      26,
      30,
      3,
      17,
      9,
      21,
      0,
      6,
      18,
      33,
      2,
      28,
      8,
      12,
      25,
      1,
      27,
      31,
      13,
      24,
      36,
      23,
      39,
      34,
      32,
      22,
      38,
      37
    ],
    "ratio_dict": {
      "38": 14.036006770583969,
      "23": 10.862449525022349,
      "32": 8.336397391070902,
      "37": 2.1417053391903336,
      "31": 1.5943318461332376,
      "20": 1.4580133879578394,
      "14": 1.2086655303035772,
      "39": 1.06009050319255,
      "0": 0.9876972963138121,
      "34": 0.9410730375784869,
      "17": 0.9230221768959439,
      "29": 0.9115814046125892,
      "13": 0.898658046197276,
      "6": 0.8950388425338769,
      "21": 0.8429654434330821,
      "18": 0.8283906766423471,
      "27": 0.8250540697770703,
      "9": 0.8248664657064898,
      "16": 0.8032069710918914,
      "36": 0.7976812893449924,
      "28": 0.7748799456389461,
      "24": 0.770267243962023,
      "33": 0.7619967591992097,
      "10": 0.7612349151261979,
      "30": 0.7577516726029215,
      "2": 0.728605993706657,
      "3": 0.7165369371228114,
      "11": 0.7077032587638652,
      "12": 0.7053177858766545,
      "5": 0.6961587213869834,
      "1": 0.6869164291458099,
      "8": 0.6568355680228718,
      "22": 0.654119361104751,
      "25": 0.6259187384092196,
      "19": 0.6223447055482987,
      "26": 0.6206139043428143,
      "15": 0.6071493486361246,
      "4": 0.586390524149681,
      "7": 0.536193931928195
    },
    "y_node_detection": {
      "detected": false,
      "expected": true
    },
    "true_shifted_node_summary": {
      "32": {
        "is_detected_as_shifted": true,
        "has_functional_shift_detected": true
      },
      "38": {
        "is_detected_as_shifted": true,
        "has_functional_shift_detected": true
      },
      "14": {
        "is_detected_as_shifted": false,
        "has_functional_shift_detected": true
      },
      "20": {
        "is_detected_as_shifted": false,
        "has_functional_shift_detected": false
      },
      "22": {
        "is_detected_as_shifted": false,
        "has_functional_shift_detected": true
      },
      "23": {
        "is_detected_as_shifted": true,
        "has_functional_shift_detected": true
      },
      "27": {
        "is_detected_as_shifted": false,
        "has_functional_shift_detected": true
      },
      "29": {
        "is_detected_as_shifted": false,
        "has_functional_shift_detected": true
      }
    },
    "functional_shift_results": {
      "32": {
        "shifted_edges": [
          [
            16,
            32
          ],
          [
            11,
            32
          ]
        ],
        "test_details": {
          "y_node": 32,
          "parents": [
            11,
            16
          ],
          "functional_shift_detected": true,
          "p_value_overall": 1.1102230246251565e-16,
          "parent_specific_p_values": {
            "11": 1.1102230246251565e-16,
            "16": 1.1102230246251565e-16
          },
          "coefficients_env1": {
            "Intercept": 1.378779661066284,
            "bs(x11, df=4, degree=3)[0]": 1.988258073423081,
            "bs(x11, df=4, degree=3)[1]": -1.438466545128159,
            "bs(x11, df=4, degree=3)[2]": 1.3280386534286432,
            "bs(x11, df=4, degree=3)[3]": 1.3496917504218242,
            "bs(x16, df=4, degree=3)[0]": -0.7977260796054473,
            "bs(x16, df=4, degree=3)[1]": -2.7410095881365906,
            "bs(x16, df=4, degree=3)[2]": 0.600416095658231,
            "bs(x16, df=4, degree=3)[3]": -2.389952190111886
          },
          "coefficients_env2": {
            "Intercept": 14.602521920233482,
            "bs(x11, df=4, degree=3)[0]": -26.773055063271162,
            "bs(x11, df=4, degree=3)[1]": 2.0583048296200275,
            "bs(x11, df=4, degree=3)[2]": -16.41208819833795,
            "bs(x11, df=4, degree=3)[3]": -6.297347276178492,
            "bs(x16, df=4, degree=3)[0]": -8.623233941503683,
            "bs(x16, df=4, degree=3)[1]": 12.156059983301892,
            "bs(x16, df=4, degree=3)[2]": -6.431723922652483,
            "bs(x16, df=4, degree=3)[3]": 8.526475077974705
          }
        },
        "has_functional_shift": true
      },
      "38": {
        "shifted_edges": [
          [
            1,
            38
          ],
          [
            25,
            38
          ]
        ],
        "test_details": {
          "y_node": 38,
          "parents": [
            1,
            25
          ],
          "functional_shift_detected": true,
          "p_value_overall": 1.1102230246251565e-16,
          "parent_specific_p_values": {
            "1": 1.1102230246251565e-16,
            "25": 1.1102230246251565e-16
          },
          "coefficients_env1": {
            "Intercept": 2.8136502465451927,
            "bs(x1, df=4, degree=3)[0]": -0.18027644618394234,
            "bs(x1, df=4, degree=3)[1]": -2.303226273138786,
            "bs(x1, df=4, degree=3)[2]": 0.4834315295580731,
            "bs(x1, df=4, degree=3)[3]": -0.015225050103759186,
            "bs(x25, df=4, degree=3)[0]": -2.261289092997224,
            "bs(x25, df=4, degree=3)[1]": -1.4573695117635745,
            "bs(x25, df=4, degree=3)[2]": 0.15688712502739594,
            "bs(x25, df=4, degree=3)[3]": -5.678790625599458
          },
          "coefficients_env2": {
            "Intercept": 1.900425080619004,
            "bs(x1, df=4, degree=3)[0]": -20.80263483845706,
            "bs(x1, df=4, degree=3)[1]": 6.554476896665047,
            "bs(x1, df=4, degree=3)[2]": -13.701542286473291,
            "bs(x1, df=4, degree=3)[3]": -2.3929474263492416,
            "bs(x25, df=4, degree=3)[0]": 9.472893939976576,
            "bs(x25, df=4, degree=3)[1]": 11.431930247333556,
            "bs(x25, df=4, degree=3)[2]": 7.294903991821537,
            "bs(x25, df=4, degree=3)[3]": 7.278122217644597
          }
        },
        "has_functional_shift": true
      },
      "14": {
        "shifted_edges": [
          [
            4,
            14
          ]
        ],
        "test_details": {
          "y_node": 14,
          "parents": [
            4
          ],
          "functional_shift_detected": true,
          "p_value_overall": 0.003402774601175329,
          "parent_specific_p_values": {
            "4": 0.003402774601175329
          },
          "coefficients_env1": {
            "Intercept": 0.9730862462127358,
            "bs(x4, df=4, degree=3)[0]": 0.28371492103343454,
            "bs(x4, df=4, degree=3)[1]": -2.3309557115304216,
            "bs(x4, df=4, degree=3)[2]": 0.271248399165923,
            "bs(x4, df=4, degree=3)[3]": 0.12669896741847098
          },
          "coefficients_env2": {
            "Intercept": 0.9348627848465577,
            "bs(x4, df=4, degree=3)[0]": 1.2186404166498843,
            "bs(x4, df=4, degree=3)[1]": -2.2414206135505004,
            "bs(x4, df=4, degree=3)[2]": 0.913567698657245,
            "bs(x4, df=4, degree=3)[3]": -0.06554346687654478
          }
        },
        "has_functional_shift": true
      },