{
  "dataset_info": {
    "seed": 267,
    "dataset_index": 16,
    "node_count": 40,
    "edge_count": 40,
    "graph_type": "SF",
    "shifted_nodes": [
      14,
      35,
      33,
      36,
      39,
      24,
      9,
      4
    ],
    "shift_types": {
      "14": "noise_std",
      "35": "noise_std",
      "33": "noise_std",
      "36": "noise_std",
      "39": "noise_skew",
      "24": "noise_skew",
      "9": "noise_skew",
      "4": "noise_skew"
    },
    "shift_case": "noise_std_noise_skew"
  },
  "model": "iscan",
  "config_name": "SF",
  "dag_structure": "standard",
  "device": "cuda:0",
  "iscan": {
    "detected_shifted_nodes": [],
    "order": [
      18,
      39,
      0,
      16,
      24,
      22,
      1,
      4,
      9,
      7,
      30,
      12,
      10,
      2,
      5,
      28,
      3,
      8,
      21,
      20,
      27,
      29,
      23,
      26,
      19,
      11,
      15,
      34,
      32,
      25,
      17,
      35,
      14,
      38,
      37,
      6,
      31,
      33,
      13,
      36
    ],
    "ratio_dict": {
      "36": 1.7853815164115627,
      "33": 1.5438997294663304,
      "14": 1.3776865744017341,
      "35": 1.1952119730876865,
      "39": 1.143008274602755,
      "4": 1.122275564497016,
      "22": 1.105977623449852,
      "20": 1.102308988508211,
      "9": 1.0042320754736953,
      "23": 0.9797459194993439,
      "8": 0.9469839142013239,
      "38": 0.9317351579448591,
      "27": 0.8839896268448352,
      "28": 0.8790652432672538,
      "37": 0.8621845937228361,
      "3": 0.8600912577129429,
      "25": 0.85841167834749,
      "21": 0.8418444505967205,
      "24": 0.8348671185815885,
      "10": 0.8193485064766879,
      "6": 0.8107521743099816,
      "17": 0.8002647793988183,
      "31": 0.7989288766074877,
      "5": 0.791586368881399,
      "29": 0.779548028843892,
      "13": 0.7715970849946768,
      "19": 0.7686988134897118,
      "11": 0.7578111520210437,
      "1": 0.7572500531349619,
      "2": 0.7467823936130451,
      "0": 0.7268166858630641,
      "32": 0.7225122040032694,
      "12": 0.7185741448918695,
      "7": 0.6639055033948033,
      "16": 0.6557035294594665,
      "26": 0.6499767931858794,
      "30": 0.6456054615996756,
      "15": 0.6135273215602,
      "34": 0.5482888889108143
    },
    "y_node_detection": {
      "detected": false,
      "expected": true
    },
    "true_shifted_node_summary": {
      "33": {
        "is_detected_as_shifted": false,
        "has_functional_shift_detected": true
      },
      "35": {
        "is_detected_as_shifted": false,
        "has_functional_shift_detected": true
      },
      "36": {
        "is_detected_as_shifted": false,
        "has_functional_shift_detected": false
      },
      "4": {
        "is_detected_as_shifted": false,
        "has_functional_shift_detected": true
      },
      "39": {
        "is_detected_as_shifted": false,
        "has_functional_shift_detected": true
      },
      "9": {
        "is_detected_as_shifted": false,
        "has_functional_shift_detected": true
      },
      "14": {
        "is_detected_as_shifted": false,
        "has_functional_shift_detected": true
      },
      "24": {
        "is_detected_as_shifted": false,
        "has_functional_shift_detected": true
      }
    },
    "functional_shift_results": {
      "33": {
        "shifted_edges": [
          [
            18,
            33
          ]
        ],
        "test_details": {
          "y_node": 33,
          "parents": [
            18
          ],
          "functional_shift_detected": true,
          "p_value_overall": 6.522560269672795e-13,
          "parent_specific_p_values": {
            "18": 6.522560269672795e-13
          },
          "coefficients_env1": {
            "Intercept": 0.9696153467027849,
            "bs(x18, df=4, degree=3)[0]": -0.3286173976526008,
            "bs(x18, df=4, degree=3)[1]": -2.3573288136102564,
            "bs(x18, df=4, degree=3)[2]": 1.514809205990038,
            "bs(x18, df=4, degree=3)[3]": -2.401569030053181
          },
          "coefficients_env2": {
            "Intercept": 1.8372084052010424,
            "bs(x18, df=4, degree=3)[0]": -1.0377277397932305,
            "bs(x18, df=4, degree=3)[1]": -2.9621547390996366,
            "bs(x18, df=4, degree=3)[2]": -0.20034565432483237,
            "bs(x18, df=4, degree=3)[3]": -1.0680368630056498
          }
        },
        "has_functional_shift": true
      },
      "35": {
        "shifted_edges": [
          [
            8,
            35
          ]
        ],
        "test_details": {
          "y_node": 35,
          "parents": [
            8
          ],
          "functional_shift_detected": true,
          "p_value_overall": 0.046205685622949355,
          "parent_specific_p_values": {
            "8": 0.046205685622949355
          },
          "coefficients_env1": {
            "Intercept": 1.4453375577300094,
            "bs(x8, df=4, degree=3)[0]": -0.4529166075207376,
            "bs(x8, df=4, degree=3)[1]": -3.178540302526214,
            "bs(x8, df=4, degree=3)[2]": 1.0426373145247365,
            "bs(x8, df=4, degree=3)[3]": -2.648090029208047
          },
          "coefficients_env2": {
            "Intercept": 1.5077241133300405,
            "bs(x8, df=4, degree=3)[0]": -1.0464735400734293,
            "bs(x8, df=4, degree=3)[1]": -2.5860958570991466,
            "bs(x8, df=4, degree=3)[2]": 0.5340072251342025,
            "bs(x8, df=4, degree=3)[3]": -2.063345370633293
          }
        },
        "has_functional_shift": true
      },
      "36": {
        "shifted_edges": [],
        "test_details": {
          "y_node": 36,
          "parents": [
            15
          ],
          "functional_shift_detected": false,
          "p_value_overall": 0.858634562954891,
          "parent_specific_p_values": {},
          "coefficients_env1": {
            "Intercept": 0.8781164650206958,
            "bs(x15, df=4, degree=3)[0]": 0.1907432217035755,
            "bs(x15, df=4, degree=3)[1]": -2.567099326702999,
            "bs(x15, df=4, degree=3)[2]": 2.0441616843325012,
            "bs(x15, df=4, degree=3)[3]": -3.9573318751110644
          },
          "coefficients_env2": {
            "Intercept": 0.3791309329731016,
            "bs(x15, df=4, degree=3)[0]": 0.7464971017619515,
            "bs(x15, df=4, degree=3)[1]": -2.082795598979075,
            "bs(x15, df=4, degree=3)[2]": 2.3854259496754184,
            "bs(x15, df=4, degree=3)[3]": -3.21981579070793
          }
        },
        "has_functional_shift": false
      },
      "4": {
        "shifted_edges": [
          [
            1,
            4
          ]
        ],
        "test_details": {
          "y_node": 4,
          "parents": [
            1
          ],
          "functional_shift_detected": true,
          "p_value_overall": 0.03595234744866449,
          "parent_specific_p_values": {
            "1": 0.03595234744866449
          },
          "coefficients_env1": {
            "Intercept": 1.171252425193378,
            "bs(x1, df=4, degree=3)[0]": -0.2165914792041116,
            "bs(x1, df=4, degree=3)[1]": -2.7662322764901415,
            "bs(x1, df=4, degree=3)[2]": 1.3325622894755746,
            "bs(x1, df=4, degree=3)[3]": -2.5792900528230116
          },
          "coefficients_env2": {
            "Intercept": 1.5492946989237248,
            "bs(x1, df=4, degree=3)[0]": -0.3906886127541465,
            "bs(x1, df=4, degree=3)[1]": -2.6551838459118224,
            "bs(x1, df=4, degree=3)[2]": 1.5280395533895421,
            "bs(x1, df=4, degree=3)[3]": -2.8611334363237217
          }
        },
        "has_functional_shift": true
      },
      "39": {
        "shifted_edges": [
          [
            18,
            39
          ]
        ],
        "test_details": {
          "y_node": 39,
          "parents": [
            18
          ],
          "functional_shift_detected": true,