{
  "dataset_info": {
    "seed": 221,
    "dataset_index": 30,
    "node_count": 30,
    "edge_count": 30,
    "graph_type": "SF",
    "shifted_nodes": [
      18,
      11,
      26,
      14,
      5,
      15
    ],
    "shift_types": {
      "18": "noise_skew",
      "11": "noise_skew",
      "26": "noise_skew",
      "14": "noise_skew",
      "5": "noise_skew",
      "15": "noise_skew"
    },
    "shift_case": "noise_skew_noise_skew"
  },
  "model": "iscan",
  "config_name": "SF",
  "dag_structure": "standard",
  "device": "cuda:0",
  "iscan": {
    "detected_shifted_nodes": [
      15
    ],
    "order": [
      1,
      15,
      0,
      2,
      14,
      11,
      3,
      5,
      16,
      18,
      26,
      9,
      12,
      19,
      21,
      27,
      25,
      4,
      20,
      8,
      29,
      6,
      7,
      13,
      28,
      10,
      23,
      22,
      24,
      17
    ],
    "ratio_dict": {
      "15": 2.1487831437722784,
      "5": 1.3174015198102784,
      "26": 1.2426693830797606,
      "18": 1.2090630249061216,
      "14": 1.1661619307595155,
      "21": 1.0718163862394041,
      "11": 1.0114924924795707,
      "4": 0.8938308023336121,
      "29": 0.8630064136779797,
      "19": 0.8062301688326512,
      "8": 0.7844435315737498,
      "25": 0.7705075134274668,
      "12": 0.7565966781017844,
      "20": 0.7545944719789959,
      "6": 0.7416736475422705,
      "27": 0.741620835781483,
      "22": 0.7363644712639249,
      "9": 0.7089340078733067,
      "13": 0.7026737147242091,
      "16": 0.6994434896755902,
      "23": 0.6898862181784916,
      "24": 0.6790497889608579,
      "28": 0.664597682887836,
      "0": 0.6569437870353257,
      "7": 0.6529009862358147,
      "3": 0.5991654560294295,
      "17": 0.5876779734544689,
      "2": 0.5756358098124554,
      "10": 0.5579600776135724
    },
    "y_node_detection": {
      "detected": false,
      "expected": true
    },
    "true_shifted_node_summary": {
      "5": {
        "is_detected_as_shifted": false,
        "has_functional_shift_detected": true
      },
      "11": {
        "is_detected_as_shifted": false,
        "has_functional_shift_detected": false
      },
      "14": {
        "is_detected_as_shifted": false,
        "has_functional_shift_detected": false
      },
      "15": {
        "is_detected_as_shifted": true,
        "has_functional_shift_detected": true
      },
      "18": {
        "is_detected_as_shifted": false,
        "has_functional_shift_detected": true
      },
      "26": {
        "is_detected_as_shifted": false,
        "has_functional_shift_detected": true
      }
    },
    "functional_shift_results": {
      "5": {
        "shifted_edges": [
          [
            3,
            5
          ]
        ],
        "test_details": {
          "y_node": 5,
          "parents": [
            3
          ],
          "functional_shift_detected": true,
          "p_value_overall": 0.0006323019889722392,
          "parent_specific_p_values": {
            "3": 0.0006323019889722392
          },
          "coefficients_env1": {
            "Intercept": 0.7599921052811014,
            "bs(x3, df=4, degree=3)[0]": 0.3482803308469984,
            "bs(x3, df=4, degree=3)[1]": -2.733958877036137,
            "bs(x3, df=4, degree=3)[2]": 2.2216465396473994,
            "bs(x3, df=4, degree=3)[3]": -2.688343707982564
          },
          "coefficients_env2": {
            "Intercept": 1.649423895312299,
            "bs(x3, df=4, degree=3)[0]": -0.6951247683177735,
            "bs(x3, df=4, degree=3)[1]": -2.4426026100646645,
            "bs(x3, df=4, degree=3)[2]": 1.3055966968749604,
            "bs(x3, df=4, degree=3)[3]": -2.612303124510556
          }
        },
        "has_functional_shift": true
      },
      "11": {
        "shifted_edges": [],
        "test_details": {
          "y_node": 11,
          "parents": [
            0
          ],
          "functional_shift_detected": false,
          "p_value_overall": 0.11127809945000611,
          "parent_specific_p_values": {},
          "coefficients_env1": {
            "Intercept": 0.5502819277250479,
            "bs(x0, df=4, degree=3)[0]": 1.2962843104029755,
            "bs(x0, df=4, degree=3)[1]": -2.125714298891456,
            "bs(x0, df=4, degree=3)[2]": 0.7566152527909191,
            "bs(x0, df=4, degree=3)[3]": 0.29533920829450355
          },
          "coefficients_env2": {
            "Intercept": 0.8022814328534659,
            "bs(x0, df=4, degree=3)[0]": 1.2866476123433213,
            "bs(x0, df=4, degree=3)[1]": -2.0520640149862963,
            "bs(x0, df=4, degree=3)[2]": 1.0774092515069187,
            "bs(x0, df=4, degree=3)[3]": 0.24563999742062864
          }
        },
        "has_functional_shift": false
      },
      "14": {
        "shifted_edges": [],
        "test_details": {
          "y_node": 14,
          "parents": [
            2
          ],
          "functional_shift_detected": false,
          "p_value_overall": 0.08360355227432104,
          "parent_specific_p_values": {},
          "coefficients_env1": {
            "Intercept": 1.1258337697148155,
            "bs(x2, df=4, degree=3)[0]": -0.04819640314429538,
            "bs(x2, df=4, degree=3)[1]": -2.811290286432562,
            "bs(x2, df=4, degree=3)[2]": 1.4699234108925738,
            "bs(x2, df=4, degree=3)[3]": -2.3442675656318173
          },
          "coefficients_env2": {
            "Intercept": 1.6655079248569296,
            "bs(x2, df=4, degree=3)[0]": -0.45729024465564017,
            "bs(x2, df=4, degree=3)[1]": -2.679673919413815,
            "bs(x2, df=4, degree=3)[2]": 0.8790796585337273,
            "bs(x2, df=4, degree=3)[3]": -1.7070511962594637
          }
        },
        "has_functional_shift": false
      },
      "15": {
        "shifted_edges": [
          [
            1,
            15
          ]
        ],
        "test_details": {
          "y_node": 15,
          "parents": [
            1
          ],
          "functional_shift_detected": true,
          "p_value_overall": 3.919196078783216e-10,
          "parent_specific_p_values": {
            "1": 3.919196078783216e-10
          },
          "coefficients_env1": {
            "Intercept": 0.42454211509711937,
            "bs(x1, df=4, degree=3)[0]": 0.7970373842874712,
            "bs(x1, df=4, degree=3)[1]": -2.0417201724344918,
            "bs(x1, df=4, degree=3)[2]": 1.5765957992402804,
            "bs(x1, df=4, degree=3)[3]": -0.28520618870525183
          },
          "coefficients_env2": {
            "Intercept": 1.180271335631507,
            "bs(x1, df=4, degree=3)[0]": 0.5023024954728743,
            "bs(x1, df=4, degree=3)[1]": -2.72694716696179,
            "bs(x1, df=4, degree=3)[2]": 1.8160646637499618,
            "bs(x1, df=4, degree=3)[3]": -2.143638730213997
          }
        },
        "has_functional_shift": true
      },
      "18": {
        "shifted_edges": [
          [
            16,
            18
          ]
        ],
        "test_details": {
          "y_node": 18,
          "parents": [
            16
          ],
          "functional_shift_detected": true,
          "p_value_overall": 9.595852468902155e-05,
          "parent_specific_p_values": {
            "16": 9.595852468902155e-05
          },
          "coefficients_env1": {
            "Intercept": 0.9865277742923351,
            "bs(x16, df=4, degree=3)[0]": 0.26982842189166534,
            "bs(x16, df=4, degree=3)[1]": -2.8720929064539495,
            "bs(x16, df=4, degree=3)[2]": 1.498188541512678,
            "bs(x16, df=4, degree=3)[3]": -2.3130164213267177
          },
          "coefficients_env2": {
            "Intercept": 0.6830334698565201,
            "bs(x16, df=4, degree=3)[0]": 1.1555082128003855,
            "bs(x16, df=4, degree=3)[1]": -2.2555866305490286,
            "bs(x16, df=4, degree=3)[2]": 2.38796291220887,