{
  "dataset_info": {
    "seed": 187,
    "dataset_index": 26,
    "node_count": 30,
    "edge_count": 30,
    "graph_type": "ER",
    "shifted_nodes": [
      20,
      25,
      15,
      14,
      17,
      7
    ],
    "shift_types": {
      "20": "function",
      "25": "function",
      "15": "function",
      "14": "noise_skew",
      "17": "noise_skew",
      "7": "noise_skew"
    },
    "shift_case": "function_noise_skew"
  },
  "model": "iscan",
  "config_name": "ER",
  "dag_structure": "standard",
  "device": "cuda:0",
  "iscan": {
    "detected_shifted_nodes": [
      20,
      25,
      15
    ],
    "order": [
      3,
      7,
      4,
      0,
      16,
      14,
      17,
      24,
      11,
      13,
      18,
      27,
      10,
      12,
      6,
      9,
      15,
      8,
      29,
      2,
      28,
      1,
      5,
      22,
      19,
      23,
      25,
      21,
      26,
      20
    ],
    "ratio_dict": {
      "25": 19.104152563918365,
      "20": 16.241266506054156,
      "15": 3.3558493449833278,
      "7": 1.3875242691570504,
      "22": 1.232677875483497,
      "14": 1.0819073181049064,
      "17": 1.0816074643724827,
      "9": 0.9163548719820218,
      "23": 0.8779696972601103,
      "16": 0.8683655422447678,
      "19": 0.7992757168981826,
      "24": 0.7600560694385043,
      "12": 0.7437772126307417,
      "6": 0.7392990307912674,
      "18": 0.7339977913464824,
      "13": 0.7045388483311752,
      "10": 0.6955227596587005,
      "11": 0.6908531697641084,
      "26": 0.6866322818026229,
      "27": 0.6805558532423919,
      "0": 0.6632705281295522,
      "4": 0.6549078844506401,
      "8": 0.64801244676399,
      "5": 0.644375291911519,
      "28": 0.6119853900462952,
      "21": 0.5645169757511848,
      "29": 0.5596159457129969,
      "2": 0.5336979709691636,
      "1": 0.5295311823940899
    },
    "y_node_detection": {
      "detected": false,
      "expected": true
    },
    "true_shifted_node_summary": {
      "7": {
        "is_detected_as_shifted": false,
        "has_functional_shift_detected": true
      },
      "14": {
        "is_detected_as_shifted": false,
        "has_functional_shift_detected": true
      },
      "15": {
        "is_detected_as_shifted": true,
        "has_functional_shift_detected": true
      },
      "17": {
        "is_detected_as_shifted": false,
        "has_functional_shift_detected": true
      },
      "20": {
        "is_detected_as_shifted": true,
        "has_functional_shift_detected": true
      },
      "25": {
        "is_detected_as_shifted": true,
        "has_functional_shift_detected": true
      }
    },
    "functional_shift_results": {
      "7": {
        "shifted_edges": [
          [
            3,
            7
          ]
        ],
        "test_details": {
          "y_node": 7,
          "parents": [
            3
          ],
          "functional_shift_detected": true,
          "p_value_overall": 1.1102230246251565e-16,
          "parent_specific_p_values": {
            "3": 1.1102230246251565e-16
          },
          "coefficients_env1": {
            "Intercept": 0.6715538898314628,
            "bs(x3, df=4, degree=3)[0]": 0.7450544373447556,
            "bs(x3, df=4, degree=3)[1]": -1.594592187901175,
            "bs(x3, df=4, degree=3)[2]": -0.0073459998371543656,
            "bs(x3, df=4, degree=3)[3]": 0.2879024520508094
          },
          "coefficients_env2": {
            "Intercept": 1.5803755954992909,
            "bs(x3, df=4, degree=3)[0]": -0.29778505865317806,
            "bs(x3, df=4, degree=3)[1]": -2.38025834423967,
            "bs(x3, df=4, degree=3)[2]": 0.08003752903743533,
            "bs(x3, df=4, degree=3)[3]": -0.2928263748593536
          }
        },
        "has_functional_shift": true
      },
      "14": {
        "shifted_edges": [
          [
            0,
            14
          ],
          [
            4,
            14
          ]
        ],
        "test_details": {
          "y_node": 14,
          "parents": [
            0,
            4
          ],
          "functional_shift_detected": true,
          "p_value_overall": 1.8565685024563017e-05,
          "parent_specific_p_values": {
            "0": 0.00028181382358005713,
            "4": 0.006110686408907884
          },
          "coefficients_env1": {
            "Intercept": 1.3778296490827677,
            "bs(x0, df=4, degree=3)[0]": 1.0614025000153662,
            "bs(x0, df=4, degree=3)[1]": -2.4293601659587027,
            "bs(x0, df=4, degree=3)[2]": 1.1058202612588526,
            "bs(x0, df=4, degree=3)[3]": -0.49742577575791647,
            "bs(x4, df=4, degree=3)[0]": 0.6966051595309447,
            "bs(x4, df=4, degree=3)[1]": -2.1896140805308275,
            "bs(x4, df=4, degree=3)[2]": 0.9170560806515234,
            "bs(x4, df=4, degree=3)[3]": -0.4487077857419279
          },
          "coefficients_env2": {
            "Intercept": 2.229447738264692,
            "bs(x0, df=4, degree=3)[0]": 0.018532832356479068,
            "bs(x0, df=4, degree=3)[1]": -2.0275502269993457,
            "bs(x0, df=4, degree=3)[2]": 0.16516080205469286,
            "bs(x0, df=4, degree=3)[3]": 0.22841579130013417,
            "bs(x4, df=4, degree=3)[0]": 0.23774128962657548,
            "bs(x4, df=4, degree=3)[1]": -2.3941844524465816,
            "bs(x4, df=4, degree=3)[2]": 0.9409884843132511,
            "bs(x4, df=4, degree=3)[3]": -0.7395676201349879
          }
        },
        "has_functional_shift": true
      },
      "15": {
        "shifted_edges": [
          [
            13,
            15
          ],
          [
            9,
            15
          ]
        ],
        "test_details": {
          "y_node": 15,
          "parents": [
            9,
            13
          ],
          "functional_shift_detected": true,
          "p_value_overall": 1.1102230246251565e-16,
          "parent_specific_p_values": {
            "9": 1.1102230246251565e-16,
            "13": 1.1102230246251565e-16
          },
          "coefficients_env1": {
            "Intercept": 0.7189050294390681,
            "bs(x9, df=4, degree=3)[0]": -0.5436167653814157,
            "bs(x9, df=4, degree=3)[1]": -2.523958339421993,
            "bs(x9, df=4, degree=3)[2]": 1.157891711527756,
            "bs(x9, df=4, degree=3)[3]": -1.63725345818831,
            "bs(x13, df=4, degree=3)[0]": 2.4328175508627097,
            "bs(x13, df=4, degree=3)[1]": -1.8532800432021372,
            "bs(x13, df=4, degree=3)[2]": 2.866507681170969,
            "bs(x13, df=4, degree=3)[3]": 0.7865142423267486
          },
          "coefficients_env2": {
            "Intercept": 11.350891413183746,
            "bs(x9, df=4, degree=3)[0]": -6.9390872486379624,
            "bs(x9, df=4, degree=3)[1]": 9.99691390741157,
            "bs(x9, df=4, degree=3)[2]": -5.145926850241773,
            "bs(x9, df=4, degree=3)[3]": 2.2176921243367484,
            "bs(x13, df=4, degree=3)[0]": -21.654398529040368,
            "bs(x13, df=4, degree=3)[1]": 6.519867590653022,
            "bs(x13, df=4, degree=3)[2]": -15.176853998919356,
            "bs(x13, df=4, degree=3)[3]": -0.19374143932756205
          }
        },
        "has_functional_shift": true
      },
      "17": {
        "shifted_edges": [
          [
            7,
            17
          ],
          [
            16,
            17
          ]
        ],
        "test_details": {
          "y_node": 17,
          "parents": [
            7,
            16
          ],
          "functional_shift_detected": true,
          "p_value_overall": 1.1102230246251565e-16,
          "parent_specific_p_values": {
            "7": 1.1102230246251565e-16,
            "16": 1.1102230246251565e-16
          },
          "coefficients_env1": {
            "Intercept": -0.31898295457266346,
            "bs(x7, df=4, degree=3)[0]": 0.301493433316843,
            "bs(x7, df=4, degree=3)[1]": -2.265296989546778,