{
  "dataset_info": {
    "seed": 183,
    "dataset_index": 22,
    "node_count": 30,
    "edge_count": 30,
    "graph_type": "ER",
    "shifted_nodes": [
      21,
      28,
      17,
      25,
      8,
      27
    ],
    "shift_types": {
      "21": "noise_std",
      "28": "noise_std",
      "17": "noise_std",
      "25": "noise_skew",
      "8": "noise_skew",
      "27": "noise_skew"
    },
    "shift_case": "noise_std_noise_skew"
  },
  "model": "iscan",
  "config_name": "ER",
  "dag_structure": "standard",
  "device": "cuda:0",
  "iscan": {
    "detected_shifted_nodes": [],
    "order": [
      4,
      3,
      8,
      13,
      27,
      14,
      16,
      18,
      12,
      20,
      25,
      0,
      24,
      6,
      5,
      22,
      2,
      11,
      1,
      9,
      10,
      7,
      28,
      15,
      29,
      19,
      17,
      23,
      26,
      21
    ],
    "ratio_dict": {
      "21": 1.5799345702700613,
      "28": 1.3175942157445661,
      "25": 1.100641229981571,
      "17": 1.0367906597322232,
      "3": 1.01282050755829,
      "16": 0.9531929671073337,
      "22": 0.9389749801122333,
      "2": 0.9084698027386569,
      "10": 0.8786390638326733,
      "11": 0.8438408831533368,
      "26": 0.8334695887654241,
      "1": 0.8179603252974269,
      "9": 0.810377226713993,
      "29": 0.8005016051356499,
      "5": 0.7997772982664277,
      "7": 0.7656244772153276,
      "18": 0.7512779185001819,
      "6": 0.7506236939748041,
      "15": 0.748067346046034,
      "0": 0.7392625509990837,
      "24": 0.7382237103646782,
      "12": 0.737929998377026,
      "20": 0.7345268672900316,
      "23": 0.7018433575518697,
      "19": 0.6746045372294008,
      "14": 0.6711981386357636,
      "13": 0.6465220127288225,
      "8": 0.5823089870405399,
      "27": 0.5810849385472263
    },
    "y_node_detection": {
      "detected": false,
      "expected": true
    },
    "true_shifted_node_summary": {
      "8": {
        "is_detected_as_shifted": false,
        "has_functional_shift_detected": true
      },
      "17": {
        "is_detected_as_shifted": false,
        "has_functional_shift_detected": true
      },
      "21": {
        "is_detected_as_shifted": false,
        "has_functional_shift_detected": true
      },
      "25": {
        "is_detected_as_shifted": false,
        "has_functional_shift_detected": true
      },
      "27": {
        "is_detected_as_shifted": false,
        "has_functional_shift_detected": true
      },
      "28": {
        "is_detected_as_shifted": false,
        "has_functional_shift_detected": true
      }
    },
    "functional_shift_results": {
      "8": {
        "shifted_edges": [
          [
            3,
            8
          ],
          [
            4,
            8
          ]
        ],
        "test_details": {
          "y_node": 8,
          "parents": [
            3,
            4
          ],
          "functional_shift_detected": true,
          "p_value_overall": 1.1102230246251565e-16,
          "parent_specific_p_values": {
            "3": 3.431746403714797e-07,
            "4": 4.6915804574609865e-12
          },
          "coefficients_env1": {
            "Intercept": 0.499859731193282,
            "bs(x3, df=4, degree=3)[0]": 2.3392854416588147,
            "bs(x3, df=4, degree=3)[1]": -1.5689180192280017,
            "bs(x3, df=4, degree=3)[2]": 1.407563036502518,
            "bs(x3, df=4, degree=3)[3]": 1.0456493314009587,
            "bs(x4, df=4, degree=3)[0]": 0.6520749347854594,
            "bs(x4, df=4, degree=3)[1]": -1.9093611175355112,
            "bs(x4, df=4, degree=3)[2]": 0.41822261854652315,
            "bs(x4, df=4, degree=3)[3]": 0.46755690610527834
          },
          "coefficients_env2": {
            "Intercept": -0.24941812567731114,
            "bs(x3, df=4, degree=3)[0]": 0.3847238383371212,
            "bs(x3, df=4, degree=3)[1]": -2.0098615215770885,
            "bs(x3, df=4, degree=3)[2]": 0.25532805814434656,
            "bs(x3, df=4, degree=3)[3]": 0.33903619547824104,
            "bs(x4, df=4, degree=3)[0]": 4.358840026603782,
            "bs(x4, df=4, degree=3)[1]": -0.9591708845266297,
            "bs(x4, df=4, degree=3)[2]": 3.2836492098480896,
            "bs(x4, df=4, degree=3)[3]": 2.0420042747895484
          }
        },
        "has_functional_shift": true
      },
      "17": {
        "shifted_edges": [
          [
            1,
            17
          ]
        ],
        "test_details": {
          "y_node": 17,
          "parents": [
            1,
            9
          ],
          "functional_shift_detected": true,
          "p_value_overall": 0.002190366701896651,
          "parent_specific_p_values": {
            "1": 0.00017689452058100574,
            "9": 0.700524068185959
          },
          "coefficients_env1": {
            "Intercept": 1.0055298353191033,
            "bs(x1, df=4, degree=3)[0]": -0.0710874211331524,
            "bs(x1, df=4, degree=3)[1]": -2.2335877050917037,
            "bs(x1, df=4, degree=3)[2]": 0.4716790030342685,
            "bs(x1, df=4, degree=3)[3]": -0.6042709244232749,
            "bs(x9, df=4, degree=3)[0]": 1.8877848751754454,
            "bs(x9, df=4, degree=3)[1]": -1.80577315213001,
            "bs(x9, df=4, degree=3)[2]": 1.494546615732146,
            "bs(x9, df=4, degree=3)[3]": 0.8045658366991155
          },
          "coefficients_env2": {
            "Intercept": 1.3676481324701188,
            "bs(x1, df=4, degree=3)[0]": 0.9759366012238598,
            "bs(x1, df=4, degree=3)[1]": -2.2232726826316154,
            "bs(x1, df=4, degree=3)[2]": 0.7273286626331069,
            "bs(x1, df=4, degree=3)[3]": -0.002488904719274765,
            "bs(x9, df=4, degree=3)[0]": 0.898552434735305,
            "bs(x9, df=4, degree=3)[1]": -2.1826653457410465,
            "bs(x9, df=4, degree=3)[2]": 0.6863901438585414,
            "bs(x9, df=4, degree=3)[3]": -0.048510874257745765
          }
        },
        "has_functional_shift": true
      },
      "21": {
        "shifted_edges": [
          [
            9,
            21
          ],
          [
            4,
            21
          ],
          [
            8,
            21
          ],
          [
            11,
            21
          ]
        ],
        "test_details": {
          "y_node": 21,
          "parents": [
            4,
            8,
            9,
            11,
            12
          ],
          "functional_shift_detected": true,
          "p_value_overall": 1.6431386251625213e-08,
          "parent_specific_p_values": {
            "4": 0.016173374478876568,
            "8": 4.9440728289162905e-08,
            "9": 0.012414118814950137,
            "11": 0.020434370778985467,
            "12": 0.388190965012275
          },
          "coefficients_env1": {
            "Intercept": 5.241973805001792,
            "bs(x4, df=4, degree=3)[0]": 0.8905503100727381,
            "bs(x4, df=4, degree=3)[1]": -1.9165714937945217,
            "bs(x4, df=4, degree=3)[2]": 1.441665090822093,
            "bs(x4, df=4, degree=3)[3]": 0.6932772918893,
            "bs(x8, df=4, degree=3)[0]": -2.694707646713665,
            "bs(x8, df=4, degree=3)[1]": -2.2501534885414287,
            "bs(x8, df=4, degree=3)[2]": -0.46920869427534373,
            "bs(x8, df=4, degree=3)[3]": -3.9055227950704543,
            "bs(x9, df=4, degree=3)[0]": 0.8844920572478888,
            "bs(x9, df=4, degree=3)[1]": -2.172396598972851,
            "bs(x9, df=4, degree=3)[2]": 1.0641409989161574,
            "bs(x9, df=4, degree=3)[3]": 0.8392080959260388,
            "bs(x11, df=4, degree=3)[0]": -0.7442889726347516,
            "bs(x11, df=4, degree=3)[1]": -2.893910346111931,
            "bs(x11, df=4, degree=3)[2]": 0.10456099275953523,
            "bs(x11, df=4, degree=3)[3]": -0.7712192592598144,
            "bs(x12, df=4, degree=3)[0]": 0.9884744728097947,