{
  "dataset_info": {
    "seed": 188,
    "dataset_index": 27,
    "node_count": 30,
    "edge_count": 30,
    "graph_type": "ER",
    "shifted_nodes": [
      27,
      14,
      25,
      29,
      21,
      28
    ],
    "shift_types": {
      "27": "function",
      "14": "function",
      "25": "function",
      "29": "function",
      "21": "function",
      "28": "function"
    },
    "shift_case": "function_function"
  },
  "model": "iscan",
  "config_name": "ER",
  "dag_structure": "standard",
  "device": "cuda:0",
  "iscan": {
    "detected_shifted_nodes": [
      25,
      28,
      29,
      27,
      21
    ],
    "order": [
      2,
      26,
      15,
      16,
      23,
      12,
      17,
      1,
      0,
      10,
      14,
      22,
      11,
      3,
      6,
      5,
      9,
      4,
      7,
      19,
      8,
      18,
      24,
      13,
      21,
      20,
      27,
      29,
      28,
      25
    ],
    "ratio_dict": {
      "28": 19.153889463956062,
      "25": 14.819271555384008,
      "27": 3.467977428346997,
      "29": 2.8660702646611775,
      "21": 2.002468650355131,
      "22": 1.2984165043348215,
      "5": 0.8289666228295482,
      "12": 0.8281010831311644,
      "19": 0.8087317023756778,
      "13": 0.8002982308088211,
      "24": 0.7823815847502283,
      "7": 0.7681873632964538,
      "0": 0.7585509521334799,
      "8": 0.7557058681736504,
      "15": 0.7496882269117816,
      "1": 0.745491602060484,
      "9": 0.732958462324174,
      "11": 0.7121316823718797,
      "20": 0.708789321985918,
      "3": 0.6862152940438985,
      "4": 0.669378257182485,
      "18": 0.6543922739723931,
      "10": 0.6398308374402967,
      "16": 0.5981815619887112,
      "6": 0.5961128285496831,
      "17": 0.5700529773030899,
      "26": 0.5683861102534545,
      "23": 0.5600671941431317,
      "14": 0.46398985672789467
    },
    "y_node_detection": {
      "detected": false,
      "expected": true
    },
    "true_shifted_node_summary": {
      "14": {
        "is_detected_as_shifted": false,
        "has_functional_shift_detected": true
      },
      "21": {
        "is_detected_as_shifted": true,
        "has_functional_shift_detected": true
      },
      "25": {
        "is_detected_as_shifted": true,
        "has_functional_shift_detected": true
      },
      "27": {
        "is_detected_as_shifted": true,
        "has_functional_shift_detected": true
      },
      "28": {
        "is_detected_as_shifted": true,
        "has_functional_shift_detected": true
      },
      "29": {
        "is_detected_as_shifted": true,
        "has_functional_shift_detected": true
      }
    },
    "functional_shift_results": {
      "14": {
        "shifted_edges": [
          [
            10,
            14
          ]
        ],
        "test_details": {
          "y_node": 14,
          "parents": [
            10
          ],
          "functional_shift_detected": true,
          "p_value_overall": 1.1102230246251565e-16,
          "parent_specific_p_values": {
            "10": 1.1102230246251565e-16
          },
          "coefficients_env1": {
            "Intercept": 1.796957895058966,
            "bs(x10, df=4, degree=3)[0]": -2.418606518745237,
            "bs(x10, df=4, degree=3)[1]": -0.9504009626390765,
            "bs(x10, df=4, degree=3)[2]": -0.6120263467996994,
            "bs(x10, df=4, degree=3)[3]": -3.56091059600352
          },
          "coefficients_env2": {
            "Intercept": -4.782683783882725,
            "bs(x10, df=4, degree=3)[0]": 6.288803163595238,
            "bs(x10, df=4, degree=3)[1]": 8.70708443384099,
            "bs(x10, df=4, degree=3)[2]": 6.8116790570526575,
            "bs(x10, df=4, degree=3)[3]": 3.6162580822737898
          }
        },
        "has_functional_shift": true
      },
      "21": {
        "shifted_edges": [
          [
            8,
            21
          ]
        ],
        "test_details": {
          "y_node": 21,
          "parents": [
            8
          ],
          "functional_shift_detected": true,
          "p_value_overall": 1.1102230246251565e-16,
          "parent_specific_p_values": {
            "8": 1.1102230246251565e-16
          },
          "coefficients_env1": {
            "Intercept": 0.0767470352998767,
            "bs(x8, df=4, degree=3)[0]": 1.6900823426718943,
            "bs(x8, df=4, degree=3)[1]": -2.348897252005348,
            "bs(x8, df=4, degree=3)[2]": 2.6608551375333205,
            "bs(x8, df=4, degree=3)[3]": -1.7451728748804782
          },
          "coefficients_env2": {
            "Intercept": -2.984252618963456,
            "bs(x8, df=4, degree=3)[0]": -0.9325997216510042,
            "bs(x8, df=4, degree=3)[1]": 11.588349052372564,
            "bs(x8, df=4, degree=3)[2]": 2.0744521348649787,
            "bs(x8, df=4, degree=3)[3]": 5.496854116847251
          }
        },
        "has_functional_shift": true
      },
      "25": {
        "shifted_edges": [
          [
            22,
            25
          ],
          [
            2,
            25
          ]
        ],
        "test_details": {
          "y_node": 25,
          "parents": [
            2,
            22
          ],
          "functional_shift_detected": true,
          "p_value_overall": 1.1102230246251565e-16,
          "parent_specific_p_values": {
            "2": 1.1102230246251565e-16,
            "22": 1.1102230246251565e-16
          },
          "coefficients_env1": {
            "Intercept": 2.0656167104387477,
            "bs(x2, df=4, degree=3)[0]": 1.0978296426757286,
            "bs(x2, df=4, degree=3)[1]": -1.5719462332179637,
            "bs(x2, df=4, degree=3)[2]": 1.019704179592249,
            "bs(x2, df=4, degree=3)[3]": 1.0170609479395827,
            "bs(x22, df=4, degree=3)[0]": -3.094458159377374,
            "bs(x22, df=4, degree=3)[1]": 0.515762481007905,
            "bs(x22, df=4, degree=3)[2]": -2.632117432347896,
            "bs(x22, df=4, degree=3)[3]": -2.890240861013631
          },
          "coefficients_env2": {
            "Intercept": 13.281402432074263,
            "bs(x2, df=4, degree=3)[0]": -20.83324798407945,
            "bs(x2, df=4, degree=3)[1]": 6.782278846781259,
            "bs(x2, df=4, degree=3)[2]": -12.875443051036346,
            "bs(x2, df=4, degree=3)[3]": -0.7975151700726657,
            "bs(x22, df=4, degree=3)[0]": -10.52832313968165,
            "bs(x22, df=4, degree=3)[1]": 6.408981366268748,
            "bs(x22, df=4, degree=3)[2]": -7.296441428632258,
            "bs(x22, df=4, degree=3)[3]": -4.192508661411984
          }
        },
        "has_functional_shift": true
      },
      "27": {
        "shifted_edges": [
          [
            14,
            27
          ]
        ],
        "test_details": {
          "y_node": 27,
          "parents": [
            14
          ],
          "functional_shift_detected": true,
          "p_value_overall": 1.1102230246251565e-16,
          "parent_specific_p_values": {
            "14": 1.1102230246251565e-16
          },
          "coefficients_env1": {
            "Intercept": 1.563037119149053,
            "bs(x14, df=4, degree=3)[0]": -0.8204240614444973,
            "bs(x14, df=4, degree=3)[1]": -2.969264520002213,
            "bs(x14, df=4, degree=3)[2]": 1.2043138581816024,
            "bs(x14, df=4, degree=3)[3]": -4.498233078950295
          },
          "coefficients_env2": {
            "Intercept": -1.4605206741097652,
            "bs(x14, df=4, degree=3)[0]": 4.000781914406749,
            "bs(x14, df=4, degree=3)[1]": 2.9785808325729217,
            "bs(x14, df=4, degree=3)[2]": 0.4340450272363323,
            "bs(x14, df=4, degree=3)[3]": 3.118725692574157
          }
        },
        "has_functional_shift": true
      },