{
  "dataset_info": {
    "seed": 162,
    "dataset_index": 1,
    "node_count": 30,
    "edge_count": 30,
    "graph_type": "ER",
    "shifted_nodes": [
      25,
      19,
      10,
      20,
      7,
      13
    ],
    "shift_types": {
      "25": "function",
      "19": "function",
      "10": "function",
      "20": "noise_std",
      "7": "noise_std",
      "13": "noise_std"
    },
    "shift_case": "function_noise_std"
  },
  "model": "iscan",
  "config_name": "ER",
  "dag_structure": "standard",
  "device": "cuda:0",
  "iscan": {
    "detected_shifted_nodes": [
      25,
      19
    ],
    "order": [
      2,
      12,
      8,
      4,
      27,
      6,
      5,
      17,
      1,
      7,
      9,
      26,
      3,
      15,
      28,
      0,
      16,
      11,
      10,
      13,
      23,
      14,
      20,
      18,
      19,
      21,
      22,
      24,
      29,
      25
    ],
    "ratio_dict": {
      "19": 9.363442467289001,
      "25": 6.0599546634744526,
      "13": 1.680035465402162,
      "23": 1.359472316604941,
      "20": 1.336384013374696,
      "29": 1.3127848639210817,
      "21": 1.2612411865772528,
      "11": 1.2216093618802095,
      "24": 1.1971058172835918,
      "16": 1.16539309165996,
      "7": 1.1089008947527454,
      "22": 1.033506711601563,
      "12": 1.021209330588009,
      "9": 0.9707640404597486,
      "0": 0.9594091524088062,
      "18": 0.9162163917756074,
      "27": 0.8804149310297663,
      "10": 0.879399119607512,
      "14": 0.7714534853830008,
      "28": 0.7713402388815526,
      "1": 0.7558389551081505,
      "15": 0.7393990486189843,
      "4": 0.7241470589778382,
      "26": 0.721294537711788,
      "17": 0.7100354360118656,
      "6": 0.6572424602431919,
      "3": 0.5958933772411544,
      "5": 0.4882302023792944,
      "8": 0.4518180613044671
    },
    "y_node_detection": {
      "detected": false,
      "expected": true
    },
    "true_shifted_node_summary": {
      "7": {
        "is_detected_as_shifted": false,
        "has_functional_shift_detected": false
      },
      "10": {
        "is_detected_as_shifted": false,
        "has_functional_shift_detected": true
      },
      "13": {
        "is_detected_as_shifted": false,
        "has_functional_shift_detected": false
      },
      "19": {
        "is_detected_as_shifted": true,
        "has_functional_shift_detected": true
      },
      "20": {
        "is_detected_as_shifted": false,
        "has_functional_shift_detected": true
      },
      "25": {
        "is_detected_as_shifted": true,
        "has_functional_shift_detected": true
      }
    },
    "functional_shift_results": {
      "7": {
        "shifted_edges": [],
        "test_details": {
          "y_node": 7,
          "parents": [
            1
          ],
          "functional_shift_detected": false,
          "p_value_overall": 0.058418892810073175,
          "parent_specific_p_values": {},
          "coefficients_env1": {
            "Intercept": 0.8576660964631071,
            "bs(x1, df=4, degree=3)[0]": 0.12886041895211717,
            "bs(x1, df=4, degree=3)[1]": -2.16388860096539,
            "bs(x1, df=4, degree=3)[2]": 0.7160840712032606,
            "bs(x1, df=4, degree=3)[3]": -0.11602072021039522
          },
          "coefficients_env2": {
            "Intercept": 0.0762138750167101,
            "bs(x1, df=4, degree=3)[0]": 1.430510915406476,
            "bs(x1, df=4, degree=3)[1]": -1.7919246748453292,
            "bs(x1, df=4, degree=3)[2]": 1.714409206269872,
            "bs(x1, df=4, degree=3)[3]": -0.12908569065403358
          }
        },
        "has_functional_shift": false
      },
      "10": {
        "shifted_edges": [
          [
            6,
            10
          ]
        ],
        "test_details": {
          "y_node": 10,
          "parents": [
            6
          ],
          "functional_shift_detected": true,
          "p_value_overall": 1.1102230246251565e-16,
          "parent_specific_p_values": {
            "6": 1.1102230246251565e-16
          },
          "coefficients_env1": {
            "Intercept": 0.04577456257924649,
            "bs(x6, df=4, degree=3)[0]": 1.8190594076360702,
            "bs(x6, df=4, degree=3)[1]": -1.417478657479819,
            "bs(x6, df=4, degree=3)[2]": 0.863383320449951,
            "bs(x6, df=4, degree=3)[3]": 0.9433447629790195
          },
          "coefficients_env2": {
            "Intercept": 13.50451352062478,
            "bs(x6, df=4, degree=3)[0]": -28.577609365236636,
            "bs(x6, df=4, degree=3)[1]": 1.7555461791235756,
            "bs(x6, df=4, degree=3)[2]": -17.062725822711002,
            "bs(x6, df=4, degree=3)[3]": -7.659254406688428
          }
        },
        "has_functional_shift": true
      },
      "13": {
        "shifted_edges": [],
        "test_details": {
          "y_node": 13,
          "parents": [
            0
          ],
          "functional_shift_detected": false,
          "p_value_overall": 0.5060011235695887,
          "parent_specific_p_values": {},
          "coefficients_env1": {
            "Intercept": 0.9615468668702929,
            "bs(x0, df=4, degree=3)[0]": 0.28836056565287366,
            "bs(x0, df=4, degree=3)[1]": -2.014876270586634,
            "bs(x0, df=4, degree=3)[2]": -0.05263048430061856,
            "bs(x0, df=4, degree=3)[3]": 0.3301758533404334
          },
          "coefficients_env2": {
            "Intercept": 0.9999619797248959,
            "bs(x0, df=4, degree=3)[0]": 0.39471584569896534,
            "bs(x0, df=4, degree=3)[1]": -2.317718045248145,
            "bs(x0, df=4, degree=3)[2]": 0.2683479036573849,
            "bs(x0, df=4, degree=3)[3]": -0.3184782538952231
          }
        },
        "has_functional_shift": false
      },
      "19": {
        "shifted_edges": [
          [
            7,
            19
          ],
          [
            4,
            19
          ]
        ],
        "test_details": {
          "y_node": 19,
          "parents": [
            4,
            7
          ],
          "functional_shift_detected": true,
          "p_value_overall": 1.1102230246251565e-16,
          "parent_specific_p_values": {
            "4": 1.1102230246251565e-16,
            "7": 1.1102230246251565e-16
          },
          "coefficients_env1": {
            "Intercept": 2.4857184070515883,
            "bs(x4, df=4, degree=3)[0]": -0.42531931099706793,
            "bs(x4, df=4, degree=3)[1]": -2.14642010522386,
            "bs(x4, df=4, degree=3)[2]": 0.184243288939409,
            "bs(x4, df=4, degree=3)[3]": -0.05662773912277208,
            "bs(x7, df=4, degree=3)[0]": -0.5239955456698066,
            "bs(x7, df=4, degree=3)[1]": -2.7142546885294214,
            "bs(x7, df=4, degree=3)[2]": 1.0948102663867165,
            "bs(x7, df=4, degree=3)[3]": -2.418201258128466
          },
          "coefficients_env2": {
            "Intercept": 22.78846488734473,
            "bs(x4, df=4, degree=3)[0]": -28.762866958267765,
            "bs(x4, df=4, degree=3)[1]": 3.2803874402166375,
            "bs(x4, df=4, degree=3)[2]": -21.189679849101253,
            "bs(x4, df=4, degree=3)[3]": -5.271488258860504,
            "bs(x7, df=4, degree=3)[0]": -15.908461079230282,
            "bs(x7, df=4, degree=3)[1]": 1.6196994161058123,
            "bs(x7, df=4, degree=3)[2]": -8.194334572596821,
            "bs(x7, df=4, degree=3)[3]": -8.808437250979468
          }
        },
        "has_functional_shift": true
      },
      "20": {
        "shifted_edges": [
          [
            7,
            20
          ]
        ],
        "test_details": {
          "y_node": 20,
          "parents": [
            7
          ],
          "functional_shift_detected": true,
          "p_value_overall": 1.3800072196090696e-13,
          "parent_specific_p_values": {
            "7": 1.3800072196090696e-13
          },