{
  "dataset_info": {
    "seed": 185,
    "dataset_index": 24,
    "node_count": 30,
    "edge_count": 30,
    "graph_type": "ER",
    "shifted_nodes": [
      24,
      26,
      20,
      19,
      23,
      11
    ],
    "shift_types": {
      "24": "noise_skew",
      "26": "noise_skew",
      "20": "noise_skew",
      "19": "noise_skew",
      "23": "noise_skew",
      "11": "noise_skew"
    },
    "shift_case": "noise_skew_noise_skew"
  },
  "model": "iscan",
  "config_name": "ER",
  "dag_structure": "standard",
  "device": "cuda:0",
  "iscan": {
    "detected_shifted_nodes": [],
    "order": [
      12,
      5,
      26,
      14,
      24,
      0,
      20,
      19,
      17,
      10,
      11,
      4,
      8,
      2,
      6,
      22,
      23,
      16,
      1,
      3,
      13,
      21,
      9,
      15,
      7,
      25,
      18,
      27,
      29,
      28
    ],
    "ratio_dict": {
      "23": 1.7604337751401415,
      "11": 1.1117439182336701,
      "29": 1.1009475521356928,
      "17": 1.0304697900673478,
      "20": 1.0295490637173472,
      "16": 0.9792795822615719,
      "26": 0.9692360640300389,
      "19": 0.9512043195623554,
      "1": 0.9226693586169791,
      "22": 0.9050134395661421,
      "18": 0.8957322054767154,
      "13": 0.8930565206304034,
      "28": 0.888077844504634,
      "24": 0.8484661125869987,
      "3": 0.8237592993198658,
      "25": 0.8154248436291612,
      "6": 0.7955613804260933,
      "10": 0.7924237784408122,
      "21": 0.7629396559548642,
      "7": 0.7318097360628508,
      "9": 0.6949204480379996,
      "4": 0.673518924236955,
      "14": 0.6725994247215541,
      "27": 0.6603998904046869,
      "5": 0.636956993398266,
      "15": 0.6315430027252413,
      "8": 0.6165875670832647,
      "2": 0.6047493323333268,
      "0": 0.5434575472652341
    },
    "y_node_detection": {
      "detected": false,
      "expected": true
    },
    "true_shifted_node_summary": {
      "11": {
        "is_detected_as_shifted": false,
        "has_functional_shift_detected": true
      },
      "19": {
        "is_detected_as_shifted": false,
        "has_functional_shift_detected": true
      },
      "20": {
        "is_detected_as_shifted": false,
        "has_functional_shift_detected": true
      },
      "23": {
        "is_detected_as_shifted": false,
        "has_functional_shift_detected": true
      },
      "24": {
        "is_detected_as_shifted": false,
        "has_functional_shift_detected": true
      },
      "26": {
        "is_detected_as_shifted": false,
        "has_functional_shift_detected": true
      }
    },
    "functional_shift_results": {
      "11": {
        "shifted_edges": [
          [
            10,
            11
          ],
          [
            0,
            11
          ]
        ],
        "test_details": {
          "y_node": 11,
          "parents": [
            0,
            10
          ],
          "functional_shift_detected": true,
          "p_value_overall": 2.972660489986012e-06,
          "parent_specific_p_values": {
            "0": 0.002357153395805889,
            "10": 5.751625391547943e-05
          },
          "coefficients_env1": {
            "Intercept": 2.5033298845951815,
            "bs(x0, df=4, degree=3)[0]": 0.6566986281972751,
            "bs(x0, df=4, degree=3)[1]": -2.6984812895505135,
            "bs(x0, df=4, degree=3)[2]": 1.4739763450406869,
            "bs(x0, df=4, degree=3)[3]": -0.6748063234361759,
            "bs(x10, df=4, degree=3)[0]": -0.9225691065755588,
            "bs(x10, df=4, degree=3)[1]": -3.1769541481338166,
            "bs(x10, df=4, degree=3)[2]": 0.6580987165090166,
            "bs(x10, df=4, degree=3)[3]": -3.7650394375547993
          },
          "coefficients_env2": {
            "Intercept": 1.4955725519968426,
            "bs(x0, df=4, degree=3)[0]": 0.8430211187957134,
            "bs(x0, df=4, degree=3)[1]": -1.8482436464948677,
            "bs(x0, df=4, degree=3)[2]": 1.2292634382747085,
            "bs(x0, df=4, degree=3)[3]": 0.41472985612421753,
            "bs(x10, df=4, degree=3)[0]": 0.08773213639895838,
            "bs(x10, df=4, degree=3)[1]": -2.208824166510814,
            "bs(x10, df=4, degree=3)[2]": 1.9919629168095097,
            "bs(x10, df=4, degree=3)[3]": -2.8064623003210625
          }
        },
        "has_functional_shift": true
      },
      "19": {
        "shifted_edges": [
          [
            0,
            19
          ]
        ],
        "test_details": {
          "y_node": 19,
          "parents": [
            0,
            17
          ],
          "functional_shift_detected": true,
          "p_value_overall": 0.019096706908488414,
          "parent_specific_p_values": {
            "0": 0.006584456905326164,
            "17": 0.34543420689411897
          },
          "coefficients_env1": {
            "Intercept": 1.202893321571098,
            "bs(x0, df=4, degree=3)[0]": 0.4035213340336663,
            "bs(x0, df=4, degree=3)[1]": -2.4557654405557887,
            "bs(x0, df=4, degree=3)[2]": 0.8834676523905904,
            "bs(x0, df=4, degree=3)[3]": -0.8154291732292829,
            "bs(x17, df=4, degree=3)[0]": 1.4338553744361975,
            "bs(x17, df=4, degree=3)[1]": -2.0977869816284986,
            "bs(x17, df=4, degree=3)[2]": 1.2980744582044568,
            "bs(x17, df=4, degree=3)[3]": 0.1089526367593302
          },
          "coefficients_env2": {
            "Intercept": 0.47208331097148065,
            "bs(x0, df=4, degree=3)[0]": 1.3809611644278603,
            "bs(x0, df=4, degree=3)[1]": -2.073948311146297,
            "bs(x0, df=4, degree=3)[2]": 1.3972077817625026,
            "bs(x0, df=4, degree=3)[3]": 0.27048420864234757,
            "bs(x17, df=4, degree=3)[0]": 2.0812925459676612,
            "bs(x17, df=4, degree=3)[1]": -1.6593528689963493,
            "bs(x17, df=4, degree=3)[2]": 2.0479049634128943,
            "bs(x17, df=4, degree=3)[3]": 0.47170144071491327
          }
        },
        "has_functional_shift": true
      },
      "20": {
        "shifted_edges": [
          [
            0,
            20
          ]
        ],
        "test_details": {
          "y_node": 20,
          "parents": [
            0
          ],
          "functional_shift_detected": true,
          "p_value_overall": 0.0396716933928265,
          "parent_specific_p_values": {
            "0": 0.0396716933928265
          },
          "coefficients_env1": {
            "Intercept": 0.9775870300774289,
            "bs(x0, df=4, degree=3)[0]": 0.1934617920507967,
            "bs(x0, df=4, degree=3)[1]": -2.3237941790051035,
            "bs(x0, df=4, degree=3)[2]": 0.5024222637178042,
            "bs(x0, df=4, degree=3)[3]": -0.7329402600597639
          },
          "coefficients_env2": {
            "Intercept": 0.7756099518209119,
            "bs(x0, df=4, degree=3)[0]": 1.212031097164256,
            "bs(x0, df=4, degree=3)[1]": -2.1215367659369124,
            "bs(x0, df=4, degree=3)[2]": 1.2944023514350542,
            "bs(x0, df=4, degree=3)[3]": 0.05403468416649604
          }
        },
        "has_functional_shift": true
      },
      "23": {
        "shifted_edges": [
          [
            22,
            23
          ]
        ],
        "test_details": {
          "y_node": 23,
          "parents": [
            4,
            6,
            22
          ],
          "functional_shift_detected": true,
          "p_value_overall": 2.75439193242466e-06,
          "parent_specific_p_values": {
            "4": 0.14163599690418904,
            "6": 0.1305665098561315,
            "22": 3.406891584400995e-07
          },
          "coefficients_env1": {
            "Intercept": 3.596215659702577,
            "bs(x4, df=4, degree=3)[0]": -0.2672528117168171,
            "bs(x4, df=4, degree=3)[1]": -1.9348651057431554,
            "bs(x4, df=4, degree=3)[2]": 0.379794855627606,