{
  "dataset_info": {
    "seed": 69,
    "dataset_index": 28,
    "node_count": 10,
    "edge_count": 10,
    "graph_type": "ER",
    "shifted_nodes": [
      4,
      8
    ],
    "shift_types": {
      "4": "noise_std",
      "8": "noise_skew"
    },
    "shift_case": "noise_std_noise_skew"
  },
  "model": "iscan",
  "config_name": "ER",
  "dag_structure": "standard",
  "device": "cuda:0",
  "iscan": {
    "detected_shifted_nodes": [],
    "order": [
      1,
      3,
      8,
      0,
      9,
      2,
      4,
      5,
      7,
      6
    ],
    "ratio_dict": {
      "4": 0.9873305210161449,
      "7": 0.8415034035009762,
      "5": 0.7319432265998342,
      "8": 0.6966549307797816,
      "6": 0.6948356202865138,
      "2": 0.6331532872158167,
      "0": 0.5276255477107078,
      "9": 0.4910924866345689,
      "3": 0.4135220562869985
    },
    "y_node_detection": {
      "detected": false,
      "expected": true
    },
    "true_shifted_node_summary": {
      "8": {
        "is_detected_as_shifted": false,
        "has_functional_shift_detected": true
      },
      "4": {
        "is_detected_as_shifted": false,
        "has_functional_shift_detected": true
      }
    },
    "functional_shift_results": {
      "8": {
        "shifted_edges": [
          [
            3,
            8
          ]
        ],
        "test_details": {
          "y_node": 8,
          "parents": [
            1,
            3
          ],
          "functional_shift_detected": true,
          "p_value_overall": 1.9868120187949145e-06,
          "parent_specific_p_values": {
            "1": 0.05821867008291737,
            "3": 2.1932823921488875e-06
          },
          "coefficients_env1": {
            "Intercept": 0.9166938833885908,
            "bs(x1, df=4, degree=3)[0]": -0.0774989620977084,
            "bs(x1, df=4, degree=3)[1]": -2.3117451068837105,
            "bs(x1, df=4, degree=3)[2]": 0.035359312822803954,
            "bs(x1, df=4, degree=3)[3]": 0.16861177964217502,
            "bs(x3, df=4, degree=3)[0]": 2.24033289121179,
            "bs(x3, df=4, degree=3)[1]": -2.008369727479362,
            "bs(x3, df=4, degree=3)[2]": 2.3136702974469947,
            "bs(x3, df=4, degree=3)[3]": 0.4943114017518859
          },
          "coefficients_env2": {
            "Intercept": 2.236942132203232,
            "bs(x1, df=4, degree=3)[0]": 0.07342301045248176,
            "bs(x1, df=4, degree=3)[1]": -2.272931228109226,
            "bs(x1, df=4, degree=3)[2]": 0.5305860258812026,
            "bs(x1, df=4, degree=3)[3]": 0.13276605551579918,
            "bs(x3, df=4, degree=3)[0]": 0.521089097863146,
            "bs(x3, df=4, degree=3)[1]": -2.164787377907908,
            "bs(x3, df=4, degree=3)[2]": 0.2834047584131878,
            "bs(x3, df=4, degree=3)[3]": -0.10057812853836423
          }
        },
        "has_functional_shift": true
      },
      "4": {
        "shifted_edges": [
          [
            2,
            4
          ]
        ],
        "test_details": {
          "y_node": 4,
          "parents": [
            2
          ],
          "functional_shift_detected": true,
          "p_value_overall": 5.427953101411198e-05,
          "parent_specific_p_values": {
            "2": 5.427953101411198e-05
          },
          "coefficients_env1": {
            "Intercept": -0.07925808534393691,
            "bs(x2, df=4, degree=3)[0]": 1.9981540850278263,
            "bs(x2, df=4, degree=3)[1]": -1.6455372928861707,
            "bs(x2, df=4, degree=3)[2]": 1.4865327730851328,
            "bs(x2, df=4, degree=3)[3]": 0.6198052325509578
          },
          "coefficients_env2": {
            "Intercept": 1.2622751836552746,
            "bs(x2, df=4, degree=3)[0]": -0.4942432703542576,
            "bs(x2, df=4, degree=3)[1]": -1.9148800720793089,
            "bs(x2, df=4, degree=3)[2]": -0.5532761929064043,
            "bs(x2, df=4, degree=3)[3]": 0.5931019442209489
          }
        },
        "has_functional_shift": true
      }
    },
    "all_shifted_edges": [
      [
        3,
        8
      ],
      [
        2,
        4
      ]
    ]
  }
}