{
  "dataset_info": {
    "seed": 53,
    "dataset_index": 12,
    "node_count": 10,
    "edge_count": 10,
    "graph_type": "ER",
    "shifted_nodes": [
      6,
      1
    ],
    "shift_types": {
      "6": "noise_skew",
      "1": "noise_skew"
    },
    "shift_case": "noise_skew_noise_skew"
  },
  "model": "iscan",
  "config_name": "ER",
  "dag_structure": "standard",
  "device": "cuda:0",
  "iscan": {
    "detected_shifted_nodes": [],
    "order": [
      0,
      1,
      3,
      6,
      2,
      4,
      9,
      8,
      7,
      5
    ],
    "ratio_dict": {
      "6": 1.2951963703318623,
      "4": 0.930352897130783,
      "1": 0.8959494543330051,
      "3": 0.8882416553548718,
      "8": 0.7222879442601174,
      "5": 0.7065874225247699,
      "9": 0.6928991479242527,
      "7": 0.6884019833354522,
      "2": 0.6456194054547382
    },
    "y_node_detection": {
      "detected": false,
      "expected": true
    },
    "true_shifted_node_summary": {
      "1": {
        "is_detected_as_shifted": false,
        "has_functional_shift_detected": true
      },
      "6": {
        "is_detected_as_shifted": false,
        "has_functional_shift_detected": true
      }
    },
    "functional_shift_results": {
      "1": {
        "shifted_edges": [
          [
            0,
            1
          ]
        ],
        "test_details": {
          "y_node": 1,
          "parents": [
            0
          ],
          "functional_shift_detected": true,
          "p_value_overall": 0.0003050703392633025,
          "parent_specific_p_values": {
            "0": 0.0003050703392633025
          },
          "coefficients_env1": {
            "Intercept": 0.3089210735388742,
            "bs(x0, df=4, degree=3)[0]": 1.3823666962077779,
            "bs(x0, df=4, degree=3)[1]": -2.1694107974872723,
            "bs(x0, df=4, degree=3)[2]": 1.5670063295776302,
            "bs(x0, df=4, degree=3)[3]": -0.5576275531012274
          },
          "coefficients_env2": {
            "Intercept": 1.0800963878881262,
            "bs(x0, df=4, degree=3)[0]": 0.7649756957038937,
            "bs(x0, df=4, degree=3)[1]": -2.1157929744306796,
            "bs(x0, df=4, degree=3)[2]": 0.5628281601771801,
            "bs(x0, df=4, degree=3)[3]": 0.29812659366705613
          }
        },
        "has_functional_shift": true
      },
      "6": {
        "shifted_edges": [
          [
            1,
            6
          ],
          [
            3,
            6
          ]
        ],
        "test_details": {
          "y_node": 6,
          "parents": [
            1,
            3
          ],
          "functional_shift_detected": true,
          "p_value_overall": 1.1102230246251565e-16,
          "parent_specific_p_values": {
            "1": 1.1102230246251565e-16,
            "3": 1.1102230246251565e-16
          },
          "coefficients_env1": {
            "Intercept": 0.8698172165700822,
            "bs(x1, df=4, degree=3)[0]": 0.8331266218012074,
            "bs(x1, df=4, degree=3)[1]": -2.2146139629559722,
            "bs(x1, df=4, degree=3)[2]": 3.017650401453724,
            "bs(x1, df=4, degree=3)[3]": -0.9853608152603368,
            "bs(x3, df=4, degree=3)[0]": 0.613942584893075,
            "bs(x3, df=4, degree=3)[1]": -2.7439479427005335,
            "bs(x3, df=4, degree=3)[2]": 2.242815962544529,
            "bs(x3, df=4, degree=3)[3]": -2.081621621464618
          },
          "coefficients_env2": {
            "Intercept": 2.0840245827163155,
            "bs(x1, df=4, degree=3)[0]": -0.7473833110384974,
            "bs(x1, df=4, degree=3)[1]": -0.0727574920009153,
            "bs(x1, df=4, degree=3)[2]": 1.624008228276547,
            "bs(x1, df=4, degree=3)[3]": -2.083822666326562,
            "bs(x3, df=4, degree=3)[0]": -1.4850369599851012,
            "bs(x3, df=4, degree=3)[1]": -1.615096414556007,
            "bs(x3, df=4, degree=3)[2]": 1.8288348242050005,
            "bs(x3, df=4, degree=3)[3]": -3.261155884990573
          }
        },
        "has_functional_shift": true
      }
    },
    "all_shifted_edges": [
      [
        0,
        1
      ],
      [
        1,
        6
      ],
      [
        3,
        6
      ]
    ]
  }
}