{
  "dataset_info": {
    "seed": 63,
    "dataset_index": 22,
    "node_count": 10,
    "edge_count": 10,
    "graph_type": "ER",
    "shifted_nodes": [
      4,
      3
    ],
    "shift_types": {
      "4": "noise_std",
      "3": "noise_skew"
    },
    "shift_case": "noise_std_noise_skew"
  },
  "model": "iscan",
  "config_name": "ER",
  "dag_structure": "standard",
  "device": "cuda:0",
  "iscan": {
    "detected_shifted_nodes": [],
    "order": [
      5,
      1,
      2,
      3,
      0,
      7,
      8,
      4,
      6,
      9
    ],
    "ratio_dict": {
      "4": 1.066420201182853,
      "1": 0.961631158498709,
      "9": 0.7989144893957293,
      "2": 0.7689187905143231,
      "3": 0.7285766098141677,
      "6": 0.7001187012487924,
      "0": 0.6875665013820175,
      "7": 0.6849290695797998,
      "8": 0.6702910179519351
    },
    "y_node_detection": {
      "detected": false,
      "expected": true
    },
    "true_shifted_node_summary": {
      "3": {
        "is_detected_as_shifted": false,
        "has_functional_shift_detected": true
      },
      "4": {
        "is_detected_as_shifted": false,
        "has_functional_shift_detected": true
      }
    },
    "functional_shift_results": {
      "3": {
        "shifted_edges": [
          [
            1,
            3
          ]
        ],
        "test_details": {
          "y_node": 3,
          "parents": [
            1,
            2
          ],
          "functional_shift_detected": true,
          "p_value_overall": 2.0117185695056605e-10,
          "parent_specific_p_values": {
            "1": 3.963096517622944e-11,
            "2": 0.09911785024317166
          },
          "coefficients_env1": {
            "Intercept": 1.8246383042533816,
            "bs(x1, df=4, degree=3)[0]": 1.2185729068602442,
            "bs(x1, df=4, degree=3)[1]": -2.056725375739325,
            "bs(x1, df=4, degree=3)[2]": 1.0011203644942879,
            "bs(x1, df=4, degree=3)[3]": 0.21018022345572662,
            "bs(x2, df=4, degree=3)[0]": -0.31278668356657663,
            "bs(x2, df=4, degree=3)[1]": -2.683367904849451,
            "bs(x2, df=4, degree=3)[2]": -0.0020905749594964523,
            "bs(x2, df=4, degree=3)[3]": -0.8028658936984878
          },
          "coefficients_env2": {
            "Intercept": 1.5460443673137794,
            "bs(x1, df=4, degree=3)[0]": 1.468743353606727,
            "bs(x1, df=4, degree=3)[1]": -2.53905561617797,
            "bs(x1, df=4, degree=3)[2]": 2.1489735736613187,
            "bs(x1, df=4, degree=3)[3]": -1.0464520598321212,
            "bs(x2, df=4, degree=3)[0]": 0.2832786371981833,
            "bs(x2, df=4, degree=3)[1]": -1.9941609804357485,
            "bs(x2, df=4, degree=3)[2]": 0.34561690053135846,
            "bs(x2, df=4, degree=3)[3]": 0.1863023539311266
          }
        },
        "has_functional_shift": true
      },
      "4": {
        "shifted_edges": [
          [
            3,
            4
          ]
        ],
        "test_details": {
          "y_node": 4,
          "parents": [
            3
          ],
          "functional_shift_detected": true,
          "p_value_overall": 1.1102230246251565e-16,
          "parent_specific_p_values": {
            "3": 1.1102230246251565e-16
          },
          "coefficients_env1": {
            "Intercept": 2.7846820950057314,
            "bs(x3, df=4, degree=3)[0]": -3.2499481003430537,
            "bs(x3, df=4, degree=3)[1]": -2.4057128683144424,
            "bs(x3, df=4, degree=3)[2]": -1.1671601320237517,
            "bs(x3, df=4, degree=3)[3]": -6.193716919868509
          },
          "coefficients_env2": {
            "Intercept": 2.257079557771576,
            "bs(x3, df=4, degree=3)[0]": -3.80484680796794,
            "bs(x3, df=4, degree=3)[1]": 1.5893239112175606,
            "bs(x3, df=4, degree=3)[2]": -5.306683836014077,
            "bs(x3, df=4, degree=3)[3]": -2.348066006459447
          }
        },
        "has_functional_shift": true
      }
    },
    "all_shifted_edges": [
      [
        1,
        3
      ],
      [
        3,
        4
      ]
    ]
  }
}