{
  "dataset_info": {
    "seed": 206,
    "dataset_index": 15,
    "node_count": 30,
    "edge_count": 30,
    "graph_type": "SF",
    "shifted_nodes": [
      12,
      24,
      21,
      17,
      6,
      20
    ],
    "shift_types": {
      "12": "function",
      "24": "function",
      "21": "function",
      "17": "function",
      "6": "function",
      "20": "function"
    },
    "shift_case": "function_function"
  },
  "model": "linearccp",
  "config_name": "SF",
  "dag_structure": "standard",
  "device": "cpu",
  "linearccp": {
    "shifted_nodes": [
      5,
      6,
      7,
      11,
      12,
      17,
      20,
      21,
      22,
      23,
      24,
      26
    ],
    "functional_change_nodes": [
      5,
      6,
      7,
      11,
      12,
      17,
      20,
      21,
      22,
      23,
      24,
      26
    ],
    "noise_change_nodes": [
      6,
      7,
      11,
      12,
      17,
      20,
      21,
      22,
      24,
      26
    ],
    "node_results": {
      "1": {
        "is_shifted": false,
        "parents": [
          0
        ],
        "function_test": {
          "f_statistic": 0.09552914538128288,
          "p_value": 0.7572945315418351,
          "is_function_changed": false,
          "beta_env1": [
            -0.014278156917867166
          ],
          "beta_env2": [
            0.0010317123935891673
          ]
        },
        "noise_test": {
          "ks_statistic": 0.03,
          "p_value": 0.7593695685682871,
          "is_noise_changed": false
        }
      },
      "2": {
        "is_shifted": false,
        "parents": [
          0
        ],
        "function_test": {
          "f_statistic": 0.05282366575603837,
          "p_value": 0.8182443166962166,
          "is_function_changed": false,
          "beta_env1": [
            -0.04975323636087278
          ],
          "beta_env2": [
            -0.03845974810577616
          ]
        },
        "noise_test": {
          "ks_statistic": 0.026,
          "p_value": 0.8881734182535203,
          "is_noise_changed": false
        }
      },
      "3": {
        "is_shifted": false,
        "parents": [
          0
        ],
        "function_test": {
          "f_statistic": 1.0109061587532406,
          "p_value": 0.31480771923176165,
          "is_function_changed": false,
          "beta_env1": [
            -0.028867262095796837
          ],
          "beta_env2": [
            -0.07949613580915096
          ]
        },
        "noise_test": {
          "ks_statistic": 0.047,
          "p_value": 0.21939649929677082,
          "is_noise_changed": false
        }
      },
      "4": {
        "is_shifted": false,
        "parents": [
          2
        ],
        "function_test": {
          "f_statistic": 0.9712786785853142,
          "p_value": 0.3244809340552115,
          "is_function_changed": false,
          "beta_env1": [
            0.24794421288562787
          ],
          "beta_env2": [
            0.20322176457306934
          ]
        },
        "noise_test": {
          "ks_statistic": 0.028,
          "p_value": 0.8282194040312439,
          "is_noise_changed": false
        }
      },
      "5": {
        "is_shifted": true,
        "parents": [
          3
        ],
        "function_test": {
          "f_statistic": 4.841016308198385,
          "p_value": 0.027904719583894844,
          "is_function_changed": true,
          "beta_env1": [
            0.2206515132358382
          ],
          "beta_env2": [
            0.12220264464143765
          ]
        },
        "noise_test": {
          "ks_statistic": 0.033,
          "p_value": 0.647814872077161,
          "is_noise_changed": false
        }
      },
      "6": {
        "is_shifted": true,
        "parents": [
          5
        ],
        "function_test": {
          "f_statistic": 82.82371134458641,
          "p_value": 1.1102230246251565e-16,
          "is_function_changed": true,
          "beta_env1": [
            0.2471466399985132
          ],
          "beta_env2": [
            1.187045883408432
          ]
        },
        "noise_test": {
          "ks_statistic": 0.299,
          "p_value": 7.847683261668956e-40,
          "is_noise_changed": true
        }
      },
      "7": {
        "is_shifted": true,
        "parents": [
          6
        ],
        "function_test": {
          "f_statistic": 48.673745025834535,
          "p_value": 4.096500916261903e-12,
          "is_function_changed": true,
          "beta_env1": [
            0.26664433638266
          ],
          "beta_env2": [
            -0.030269581901135725
          ]
        },
        "noise_test": {
          "ks_statistic": 0.131,
          "p_value": 6.766991587022994e-08,
          "is_noise_changed": true
        }
      },
      "8": {
        "is_shifted": false,
        "parents": [
          1
        ],
        "function_test": {
          "f_statistic": 0.4732287450580704,
          "p_value": 0.491585465519756,
          "is_function_changed": false,
          "beta_env1": [
            0.21829905684597514
          ],
          "beta_env2": [
            0.25014984381783095
          ]
        },
        "noise_test": {
          "ks_statistic": 0.031,
          "p_value": 0.7228251828701066,
          "is_noise_changed": false
        }
      },
      "9": {
        "is_shifted": false,
        "parents": [
          1
        ],
        "function_test": {
          "f_statistic": 1.536509813790295,
          "p_value": 0.21528378003444515,
          "is_function_changed": false,
          "beta_env1": [
            0.2160171865017791
          ],
          "beta_env2": [
            0.2722262848714539
          ]
        },
        "noise_test": {
          "ks_statistic": 0.038,
          "p_value": 0.4659595288557257,
          "is_noise_changed": false
        }
      },
      "10": {
        "is_shifted": false,
        "parents": [
          4
        ],
        "function_test": {
          "f_statistic": 0.30711880996445173,
          "p_value": 0.5795156852889034,
          "is_function_changed": false,
          "beta_env1": [
            0.24662858403778262
          ],
          "beta_env2": [
            0.27122925152238736
          ]
        },
        "noise_test": {
          "ks_statistic": 0.031,
          "p_value": 0.7228251828701066,
          "is_noise_changed": false
        }
      },
      "11": {
        "is_shifted": true,
        "parents": [
          6
        ],
        "function_test": {
          "f_statistic": 56.06418043434383,
          "p_value": 1.0469403122215226e-13,
          "is_function_changed": true,
          "beta_env1": [
            0.26677572598869304
          ],
          "beta_env2": [
            -0.0376479416922237
          ]
        },
        "noise_test": {
          "ks_statistic": 0.133,
          "p_value": 3.979777583324821e-08,
          "is_noise_changed": true
        }
      },
      "12": {
        "is_shifted": true,
        "parents": [
          1
        ],
        "function_test": {
          "f_statistic": 55.48089934572959,
          "p_value": 1.396660564978447e-13,
          "is_function_changed": true,
          "beta_env1": [
            0.18664446723237105
          ],
          "beta_env2": [
            0.9390132281468874
          ]
        },
        "noise_test": {
          "ks_statistic": 0.281,
          "p_value": 3.6339369843938636e-35,
          "is_noise_changed": true
        }
      },
      "13": {
        "is_shifted": false,
        "parents": [
          8
        ],
        "function_test": {
          "f_statistic": 0.04593982595156927,
          "p_value": 0.8303071126513196,
          "is_function_changed": false,
          "beta_env1": [
            0.19063864310793477
          ],
          "beta_env2": [
            0.20037073992420767
          ]
        },
        "noise_test": {
          "ks_statistic": 0.053,