{
  "dataset_info": {
    "seed": 200,
    "dataset_index": 9,
    "node_count": 30,
    "edge_count": 30,
    "graph_type": "SF",
    "shifted_nodes": [
      14,
      26,
      3,
      21,
      1,
      23
    ],
    "shift_types": {
      "14": "function",
      "26": "function",
      "3": "function",
      "21": "function",
      "1": "function",
      "23": "function"
    },
    "shift_case": "function_function"
  },
  "model": "linearccp",
  "config_name": "SF",
  "dag_structure": "standard",
  "device": "cpu",
  "linearccp": {
    "shifted_nodes": [
      1,
      3,
      7,
      12,
      13,
      14,
      18,
      21,
      22,
      23,
      26,
      28
    ],
    "functional_change_nodes": [
      1,
      3,
      7,
      12,
      13,
      14,
      18,
      21,
      22,
      23,
      26,
      28
    ],
    "noise_change_nodes": [
      1,
      3,
      7,
      12,
      13,
      14,
      18,
      21,
      23,
      26
    ],
    "node_results": {
      "1": {
        "is_shifted": true,
        "parents": [
          0
        ],
        "function_test": {
          "f_statistic": 325.5770162184269,
          "p_value": 1.1102230246251565e-16,
          "is_function_changed": true,
          "beta_env1": [
            0.012937850097183373
          ],
          "beta_env2": [
            2.4593104173717837
          ]
        },
        "noise_test": {
          "ks_statistic": 0.36,
          "p_value": 5.795101457747716e-58,
          "is_noise_changed": true
        }
      },
      "2": {
        "is_shifted": false,
        "parents": [
          0
        ],
        "function_test": {
          "f_statistic": 0.25457016842556873,
          "p_value": 0.6139310009756863,
          "is_function_changed": false,
          "beta_env1": [
            -0.014262600557916888
          ],
          "beta_env2": [
            -0.03975160366627821
          ]
        },
        "noise_test": {
          "ks_statistic": 0.028,
          "p_value": 0.8282194040312439,
          "is_noise_changed": false
        }
      },
      "3": {
        "is_shifted": true,
        "parents": [
          0
        ],
        "function_test": {
          "f_statistic": 333.7764368503652,
          "p_value": 1.1102230246251565e-16,
          "is_function_changed": true,
          "beta_env1": [
            0.006730492438989379
          ],
          "beta_env2": [
            2.480675344609569
          ]
        },
        "noise_test": {
          "ks_statistic": 0.37,
          "p_value": 2.762261538882274e-61,
          "is_noise_changed": true
        }
      },
      "4": {
        "is_shifted": false,
        "parents": [
          2
        ],
        "function_test": {
          "f_statistic": 3.605533963881928,
          "p_value": 0.05773165437150196,
          "is_function_changed": false,
          "beta_env1": [
            0.19480541842171312
          ],
          "beta_env2": [
            0.28025077043973995
          ]
        },
        "noise_test": {
          "ks_statistic": 0.032,
          "p_value": 0.6854967337920594,
          "is_noise_changed": false
        }
      },
      "5": {
        "is_shifted": false,
        "parents": [
          0
        ],
        "function_test": {
          "f_statistic": 0.3059272631177455,
          "p_value": 0.5802521409754293,
          "is_function_changed": false,
          "beta_env1": [
            -0.08613725894992391
          ],
          "beta_env2": [
            -0.0576035607290314
          ]
        },
        "noise_test": {
          "ks_statistic": 0.018,
          "p_value": 0.9969602438295625,
          "is_noise_changed": false
        }
      },
      "6": {
        "is_shifted": false,
        "parents": [
          4
        ],
        "function_test": {
          "f_statistic": 0.6398750422990432,
          "p_value": 0.4238512383886922,
          "is_function_changed": false,
          "beta_env1": [
            0.23393238856350368
          ],
          "beta_env2": [
            0.2696477842696967
          ]
        },
        "noise_test": {
          "ks_statistic": 0.03,
          "p_value": 0.7593695685682871,
          "is_noise_changed": false
        }
      },
      "7": {
        "is_shifted": true,
        "parents": [
          1
        ],
        "function_test": {
          "f_statistic": 24.83186015947033,
          "p_value": 6.794716520541755e-07,
          "is_function_changed": true,
          "beta_env1": [
            0.18278834114583917
          ],
          "beta_env2": [
            -0.023335843229447203
          ]
        },
        "noise_test": {
          "ks_statistic": 0.137,
          "p_value": 1.3433151993983066e-08,
          "is_noise_changed": true
        }
      },
      "8": {
        "is_shifted": false,
        "parents": [
          0
        ],
        "function_test": {
          "f_statistic": 0.35796667584493475,
          "p_value": 0.5497055489948011,
          "is_function_changed": false,
          "beta_env1": [
            -0.0347580385822498
          ],
          "beta_env2": [
            -0.003774934451778295
          ]
        },
        "noise_test": {
          "ks_statistic": 0.025,
          "p_value": 0.9136894237272155,
          "is_noise_changed": false
        }
      },
      "9": {
        "is_shifted": false,
        "parents": [
          2
        ],
        "function_test": {
          "f_statistic": 0.008157203275730406,
          "p_value": 0.9280441849990202,
          "is_function_changed": false,
          "beta_env1": [
            0.21597409578654575
          ],
          "beta_env2": [
            0.21178734283612374
          ]
        },
        "noise_test": {
          "ks_statistic": 0.03,
          "p_value": 0.7593695685682871,
          "is_noise_changed": false
        }
      },
      "10": {
        "is_shifted": false,
        "parents": [
          0
        ],
        "function_test": {
          "f_statistic": 0.3914373233527474,
          "p_value": 0.531616377735064,
          "is_function_changed": false,
          "beta_env1": [
            0.011216498918457883
          ],
          "beta_env2": [
            -0.021027200407830415
          ]
        },
        "noise_test": {
          "ks_statistic": 0.026,
          "p_value": 0.8881734182535203,
          "is_noise_changed": false
        }
      },
      "11": {
        "is_shifted": false,
        "parents": [
          0
        ],
        "function_test": {
          "f_statistic": 0.20031435144512796,
          "p_value": 0.6545157970937426,
          "is_function_changed": false,
          "beta_env1": [
            -0.0021772031334906816
          ],
          "beta_env2": [
            -0.025291159362656458
          ]
        },
        "noise_test": {
          "ks_statistic": 0.028,
          "p_value": 0.8282194040312439,
          "is_noise_changed": false
        }
      },
      "12": {
        "is_shifted": true,
        "parents": [
          1
        ],
        "function_test": {
          "f_statistic": 29.04146202996588,
          "p_value": 7.922180444985827e-08,
          "is_function_changed": true,
          "beta_env1": [
            0.21300969833826586
          ],
          "beta_env2": [
            -0.015218246900633779
          ]
        },
        "noise_test": {
          "ks_statistic": 0.146,
          "p_value": 1.035413447317725e-09,
          "is_noise_changed": true
        }
      },
      "13": {
        "is_shifted": true,
        "parents": [
          3
        ],
        "function_test": {
          "f_statistic": 30.51139813313884,
          "p_value": 3.753199395717388e-08,
          "is_function_changed": true,
          "beta_env1": [
            0.20404057290394428
          ],
          "beta_env2": [
            -0.032079902605280014
          ]
        },
        "noise_test": {
          "ks_statistic": 0.151,