{
  "dataset_info": {
    "seed": 211,
    "dataset_index": 20,
    "node_count": 30,
    "edge_count": 30,
    "graph_type": "SF",
    "shifted_nodes": [
      6,
      22,
      26,
      24,
      9,
      23
    ],
    "shift_types": {
      "6": "function",
      "22": "function",
      "26": "function",
      "24": "noise_skew",
      "9": "noise_skew",
      "23": "noise_skew"
    },
    "shift_case": "function_noise_skew"
  },
  "model": "linearccp",
  "config_name": "SF",
  "dag_structure": "standard",
  "device": "cpu",
  "linearccp": {
    "shifted_nodes": [
      6,
      7,
      8,
      9,
      11,
      14,
      15,
      17,
      18,
      20,
      22,
      23,
      24,
      26,
      27,
      28,
      29
    ],
    "functional_change_nodes": [
      6,
      7,
      8,
      9,
      11,
      14,
      15,
      17,
      18,
      20,
      22,
      24,
      26,
      27,
      28,
      29
    ],
    "noise_change_nodes": [
      6,
      8,
      9,
      11,
      14,
      22,
      23,
      24,
      26
    ],
    "node_results": {
      "1": {
        "is_shifted": false,
        "parents": [
          0
        ],
        "function_test": {
          "f_statistic": 0.9783428584641768,
          "p_value": 0.322728156345623,
          "is_function_changed": false,
          "beta_env1": [
            0.015581924750197314
          ],
          "beta_env2": [
            -0.033724990809873144
          ]
        },
        "noise_test": {
          "ks_statistic": 0.024,
          "p_value": 0.9357699014782725,
          "is_noise_changed": false
        }
      },
      "2": {
        "is_shifted": false,
        "parents": [
          1
        ],
        "function_test": {
          "f_statistic": 0.6872339353265052,
          "p_value": 0.40720594010856215,
          "is_function_changed": false,
          "beta_env1": [
            0.19017896736662956
          ],
          "beta_env2": [
            0.22812270324831244
          ]
        },
        "noise_test": {
          "ks_statistic": 0.036,
          "p_value": 0.5362766985932181,
          "is_noise_changed": false
        }
      },
      "3": {
        "is_shifted": false,
        "parents": [
          2
        ],
        "function_test": {
          "f_statistic": 1.3406809441086014,
          "p_value": 0.24705244714415664,
          "is_function_changed": false,
          "beta_env1": [
            0.26072874202678176
          ],
          "beta_env2": [
            0.20958245330797165
          ]
        },
        "noise_test": {
          "ks_statistic": 0.049,
          "p_value": 0.18116454248303263,
          "is_noise_changed": false
        }
      },
      "4": {
        "is_shifted": false,
        "parents": [
          0
        ],
        "function_test": {
          "f_statistic": 0.016119971930221206,
          "p_value": 0.8989813229135272,
          "is_function_changed": false,
          "beta_env1": [
            -0.025066118068467612
          ],
          "beta_env2": [
            -0.03148099236932765
          ]
        },
        "noise_test": {
          "ks_statistic": 0.015,
          "p_value": 0.9998734489003387,
          "is_noise_changed": false
        }
      },
      "5": {
        "is_shifted": false,
        "parents": [
          4
        ],
        "function_test": {
          "f_statistic": 0.0007451344995817393,
          "p_value": 0.9782254573088249,
          "is_function_changed": false,
          "beta_env1": [
            0.20427176714183135
          ],
          "beta_env2": [
            0.20549701452232527
          ]
        },
        "noise_test": {
          "ks_statistic": 0.026,
          "p_value": 0.8881734182535203,
          "is_noise_changed": false
        }
      },
      "6": {
        "is_shifted": true,
        "parents": [
          3
        ],
        "function_test": {
          "f_statistic": 49.26630633238966,
          "p_value": 3.05044878246008e-12,
          "is_function_changed": true,
          "beta_env1": [
            0.2740242489518848
          ],
          "beta_env2": [
            0.9937631520964191
          ]
        },
        "noise_test": {
          "ks_statistic": 0.297,
          "p_value": 2.6812226078034614e-39,
          "is_noise_changed": true
        }
      },
      "7": {
        "is_shifted": true,
        "parents": [
          4
        ],
        "function_test": {
          "f_statistic": 4.5615375650548895,
          "p_value": 0.03281908093212771,
          "is_function_changed": true,
          "beta_env1": [
            0.15632147755151315
          ],
          "beta_env2": [
            0.2548111649987414
          ]
        },
        "noise_test": {
          "ks_statistic": 0.028,
          "p_value": 0.8282194040312439,
          "is_noise_changed": false
        }
      },
      "8": {
        "is_shifted": true,
        "parents": [
          6
        ],
        "function_test": {
          "f_statistic": 34.44997513477546,
          "p_value": 5.108845124723871e-09,
          "is_function_changed": true,
          "beta_env1": [
            0.20419127631190914
          ],
          "beta_env2": [
            -0.021707901391578188
          ]
        },
        "noise_test": {
          "ks_statistic": 0.122,
          "p_value": 6.669830320596686e-07,
          "is_noise_changed": true
        }
      },
      "9": {
        "is_shifted": true,
        "parents": [
          2
        ],
        "function_test": {
          "f_statistic": 6.156863879138226,
          "p_value": 0.013172096596925753,
          "is_function_changed": true,
          "beta_env1": [
            0.32102890721052807
          ],
          "beta_env2": [
            0.22329429431798006
          ]
        },
        "noise_test": {
          "ks_statistic": 0.099,
          "p_value": 0.00010956387707040737,
          "is_noise_changed": true
        }
      },
      "10": {
        "is_shifted": false,
        "parents": [
          7
        ],
        "function_test": {
          "f_statistic": 1.0199135470566791,
          "p_value": 0.31266192434714035,
          "is_function_changed": false,
          "beta_env1": [
            0.23148969231727332
          ],
          "beta_env2": [
            0.27455476757319774
          ]
        },
        "noise_test": {
          "ks_statistic": 0.033,
          "p_value": 0.647814872077161,
          "is_noise_changed": false
        }
      },
      "11": {
        "is_shifted": true,
        "parents": [
          6
        ],
        "function_test": {
          "f_statistic": 28.790397855141315,
          "p_value": 9.001821932308474e-08,
          "is_function_changed": true,
          "beta_env1": [
            0.18753985254103958
          ],
          "beta_env2": [
            -0.026005150329073877
          ]
        },
        "noise_test": {
          "ks_statistic": 0.138,
          "p_value": 1.0187003665032852e-08,
          "is_noise_changed": true
        }
      },
      "12": {
        "is_shifted": false,
        "parents": [
          1
        ],
        "function_test": {
          "f_statistic": 0.47050378780605245,
          "p_value": 0.49283515711813664,
          "is_function_changed": false,
          "beta_env1": [
            0.1824903316959441
          ],
          "beta_env2": [
            0.21406791045112022
          ]
        },
        "noise_test": {
          "ks_statistic": 0.035,
          "p_value": 0.5728904395829821,
          "is_noise_changed": false
        }
      },
      "13": {
        "is_shifted": false,
        "parents": [
          7
        ],
        "function_test": {
          "f_statistic": 2.491198381280828,
          "p_value": 0.1146429786282287,
          "is_function_changed": false,
          "beta_env1": [
            0.2103057851505558
          ],