{
  "dataset_info": {
    "seed": 214,
    "dataset_index": 23,
    "node_count": 30,
    "edge_count": 30,
    "graph_type": "SF",
    "shifted_nodes": [
      14,
      11,
      1,
      12,
      8,
      13
    ],
    "shift_types": {
      "14": "noise_std",
      "11": "noise_std",
      "1": "noise_std",
      "12": "noise_std",
      "8": "noise_std",
      "13": "noise_std"
    },
    "shift_case": "noise_std_noise_std"
  },
  "model": "linearccp",
  "config_name": "SF",
  "dag_structure": "standard",
  "device": "cpu",
  "linearccp": {
    "shifted_nodes": [
      1,
      2,
      3,
      4,
      7,
      8,
      9,
      10,
      11,
      12,
      13,
      14,
      16,
      19,
      23,
      24,
      26
    ],
    "functional_change_nodes": [
      2,
      3,
      4,
      7,
      9,
      10,
      16,
      19,
      23,
      24,
      26
    ],
    "noise_change_nodes": [
      1,
      8,
      11,
      12,
      13,
      14,
      19,
      26
    ],
    "node_results": {
      "1": {
        "is_shifted": true,
        "parents": [
          0
        ],
        "function_test": {
          "f_statistic": 0.07502346943259468,
          "p_value": 0.7841866429095934,
          "is_function_changed": false,
          "beta_env1": [
            0.026949729392579756
          ],
          "beta_env2": [
            0.011204620213305351
          ]
        },
        "noise_test": {
          "ks_statistic": 0.083,
          "p_value": 0.0020287627507189713,
          "is_noise_changed": true
        }
      },
      "2": {
        "is_shifted": true,
        "parents": [
          1
        ],
        "function_test": {
          "f_statistic": 29.05905683141934,
          "p_value": 7.851579597595304e-08,
          "is_function_changed": true,
          "beta_env1": [
            0.2637868734975732
          ],
          "beta_env2": [
            0.04396585700010348
          ]
        },
        "noise_test": {
          "ks_statistic": 0.039,
          "p_value": 0.43260886958153144,
          "is_noise_changed": false
        }
      },
      "3": {
        "is_shifted": true,
        "parents": [
          1
        ],
        "function_test": {
          "f_statistic": 14.619019339041476,
          "p_value": 0.0001356151383132831,
          "is_function_changed": true,
          "beta_env1": [
            0.19678817547867308
          ],
          "beta_env2": [
            0.04037782485098579
          ]
        },
        "noise_test": {
          "ks_statistic": 0.048,
          "p_value": 0.19957365535779528,
          "is_noise_changed": false
        }
      },
      "4": {
        "is_shifted": true,
        "parents": [
          1
        ],
        "function_test": {
          "f_statistic": 23.04123731820329,
          "p_value": 1.7033885244543967e-06,
          "is_function_changed": true,
          "beta_env1": [
            0.2117437946496135
          ],
          "beta_env2": [
            0.020782905660959524
          ]
        },
        "noise_test": {
          "ks_statistic": 0.054,
          "p_value": 0.1082872208757189,
          "is_noise_changed": false
        }
      },
      "5": {
        "is_shifted": false,
        "parents": [
          2
        ],
        "function_test": {
          "f_statistic": 0.8928195062222999,
          "p_value": 0.3448287533740325,
          "is_function_changed": false,
          "beta_env1": [
            0.23460411144578416
          ],
          "beta_env2": [
            0.2736729706178585
          ]
        },
        "noise_test": {
          "ks_statistic": 0.038,
          "p_value": 0.4659595288557257,
          "is_noise_changed": false
        }
      },
      "6": {
        "is_shifted": false,
        "parents": [
          2
        ],
        "function_test": {
          "f_statistic": 0.29943772029022236,
          "p_value": 0.5842963090862514,
          "is_function_changed": false,
          "beta_env1": [
            0.27237499469462206
          ],
          "beta_env2": [
            0.24939166544952532
          ]
        },
        "noise_test": {
          "ks_statistic": 0.035,
          "p_value": 0.5728904395829821,
          "is_noise_changed": false
        }
      },
      "7": {
        "is_shifted": true,
        "parents": [
          1
        ],
        "function_test": {
          "f_statistic": 11.771724890549411,
          "p_value": 0.0006136163886257817,
          "is_function_changed": true,
          "beta_env1": [
            0.19456383353637316
          ],
          "beta_env2": [
            0.05270517511862871
          ]
        },
        "noise_test": {
          "ks_statistic": 0.034,
          "p_value": 0.6101664688189142,
          "is_noise_changed": false
        }
      },
      "8": {
        "is_shifted": true,
        "parents": [
          0
        ],
        "function_test": {
          "f_statistic": 0.5877479986722396,
          "p_value": 0.44338193914006063,
          "is_function_changed": false,
          "beta_env1": [
            0.02826681249693394
          ],
          "beta_env2": [
            -0.016447973020993163
          ]
        },
        "noise_test": {
          "ks_statistic": 0.083,
          "p_value": 0.0020287627507189713,
          "is_noise_changed": true
        }
      },
      "9": {
        "is_shifted": true,
        "parents": [
          1
        ],
        "function_test": {
          "f_statistic": 4.9207129547996455,
          "p_value": 0.026648722962875127,
          "is_function_changed": true,
          "beta_env1": [
            0.16865391750949446
          ],
          "beta_env2": [
            0.08069847712645595
          ]
        },
        "noise_test": {
          "ks_statistic": 0.036,
          "p_value": 0.5362766985932181,
          "is_noise_changed": false
        }
      },
      "10": {
        "is_shifted": true,
        "parents": [
          8
        ],
        "function_test": {
          "f_statistic": 26.944201393535252,
          "p_value": 2.3068289300987033e-07,
          "is_function_changed": true,
          "beta_env1": [
            0.23789502665689125
          ],
          "beta_env2": [
            0.03183333545767368
          ]
        },
        "noise_test": {
          "ks_statistic": 0.045,
          "p_value": 0.26347172719864703,
          "is_noise_changed": false
        }
      },
      "11": {
        "is_shifted": true,
        "parents": [
          9
        ],
        "function_test": {
          "f_statistic": 0.5961710106038827,
          "p_value": 0.440134107303243,
          "is_function_changed": false,
          "beta_env1": [
            0.26172664836429066
          ],
          "beta_env2": [
            0.3006844584293703
          ]
        },
        "noise_test": {
          "ks_statistic": 0.073,
          "p_value": 0.00967775474446886,
          "is_noise_changed": true
        }
      },
      "12": {
        "is_shifted": true,
        "parents": [
          7
        ],
        "function_test": {
          "f_statistic": 2.043800377216627,
          "p_value": 0.1529839090386732,
          "is_function_changed": false,
          "beta_env1": [
            0.2873569568560945
          ],
          "beta_env2": [
            0.21466834390674855
          ]
        },
        "noise_test": {
          "ks_statistic": 0.092,
          "p_value": 0.000418604197209586,
          "is_noise_changed": true
        }
      },
      "13": {
        "is_shifted": true,
        "parents": [
          2
        ],
        "function_test": {
          "f_statistic": 1.7101758678295178,
          "p_value": 0.19111315258290573,
          "is_function_changed": false,
          "beta_env1": [
            0.26001204461966027
          ],
          "beta_env2": [
            0.19391640867260423
          ]
        },
        "noise_test": {
          "ks_statistic": 0.093,