{
  "dataset_info": {
    "seed": 204,
    "dataset_index": 13,
    "node_count": 30,
    "edge_count": 30,
    "graph_type": "SF",
    "shifted_nodes": [
      26,
      11,
      15,
      28,
      27,
      5
    ],
    "shift_types": {
      "26": "function",
      "11": "function",
      "15": "function",
      "28": "noise_std",
      "27": "noise_std",
      "5": "noise_std"
    },
    "shift_case": "function_noise_std"
  },
  "model": "linearccp",
  "config_name": "SF",
  "dag_structure": "standard",
  "device": "cpu",
  "linearccp": {
    "shifted_nodes": [
      2,
      4,
      5,
      6,
      7,
      9,
      11,
      15,
      18,
      20,
      24,
      26,
      27,
      28
    ],
    "functional_change_nodes": [
      2,
      4,
      6,
      7,
      9,
      11,
      15,
      18,
      20,
      24,
      26,
      27
    ],
    "noise_change_nodes": [
      5,
      11,
      15,
      26,
      27,
      28
    ],
    "node_results": {
      "1": {
        "is_shifted": false,
        "parents": [
          0
        ],
        "function_test": {
          "f_statistic": 0.046007478230840025,
          "p_value": 0.8301841153188106,
          "is_function_changed": false,
          "beta_env1": [
            0.009410892639077382
          ],
          "beta_env2": [
            -0.0014389813112888506
          ]
        },
        "noise_test": {
          "ks_statistic": 0.032,
          "p_value": 0.6854967337920594,
          "is_noise_changed": false
        }
      },
      "2": {
        "is_shifted": true,
        "parents": [
          0
        ],
        "function_test": {
          "f_statistic": 4.287800181462975,
          "p_value": 0.03851508546707616,
          "is_function_changed": true,
          "beta_env1": [
            -0.04851277097979345
          ],
          "beta_env2": [
            0.05997230242070695
          ]
        },
        "noise_test": {
          "ks_statistic": 0.025,
          "p_value": 0.9136894237272155,
          "is_noise_changed": false
        }
      },
      "3": {
        "is_shifted": false,
        "parents": [
          0
        ],
        "function_test": {
          "f_statistic": 0.07550012458822161,
          "p_value": 0.7835191871656818,
          "is_function_changed": false,
          "beta_env1": [
            -0.019439972222724304
          ],
          "beta_env2": [
            -0.00561304648039895
          ]
        },
        "noise_test": {
          "ks_statistic": 0.036,
          "p_value": 0.5362766985932181,
          "is_noise_changed": false
        }
      },
      "4": {
        "is_shifted": true,
        "parents": [
          1
        ],
        "function_test": {
          "f_statistic": 4.619691985354036,
          "p_value": 0.031726802258898346,
          "is_function_changed": true,
          "beta_env1": [
            0.2533217319086285
          ],
          "beta_env2": [
            0.1558316503425263
          ]
        },
        "noise_test": {
          "ks_statistic": 0.03,
          "p_value": 0.7593695685682871,
          "is_noise_changed": false
        }
      },
      "5": {
        "is_shifted": true,
        "parents": [
          0
        ],
        "function_test": {
          "f_statistic": 0.08664298445449269,
          "p_value": 0.7685196988550851,
          "is_function_changed": false,
          "beta_env1": [
            -0.032943258252943156
          ],
          "beta_env2": [
            -0.05069956338724637
          ]
        },
        "noise_test": {
          "ks_statistic": 0.107,
          "p_value": 2.0977827855404345e-05,
          "is_noise_changed": true
        }
      },
      "6": {
        "is_shifted": true,
        "parents": [
          1
        ],
        "function_test": {
          "f_statistic": 7.30710095096194,
          "p_value": 0.006926494884999745,
          "is_function_changed": true,
          "beta_env1": [
            0.28697475509123005
          ],
          "beta_env2": [
            0.16403742421744108
          ]
        },
        "noise_test": {
          "ks_statistic": 0.024,
          "p_value": 0.9357699014782725,
          "is_noise_changed": false
        }
      },
      "7": {
        "is_shifted": true,
        "parents": [
          1
        ],
        "function_test": {
          "f_statistic": 12.557369561996415,
          "p_value": 0.00040371943357531137,
          "is_function_changed": true,
          "beta_env1": [
            0.3110988079570245
          ],
          "beta_env2": [
            0.14879371427124907
          ]
        },
        "noise_test": {
          "ks_statistic": 0.027,
          "p_value": 0.8595454206943325,
          "is_noise_changed": false
        }
      },
      "8": {
        "is_shifted": false,
        "parents": [
          4
        ],
        "function_test": {
          "f_statistic": 2.5701466623620437,
          "p_value": 0.10905585336682844,
          "is_function_changed": false,
          "beta_env1": [
            0.19168464210595407
          ],
          "beta_env2": [
            0.26334871416019373
          ]
        },
        "noise_test": {
          "ks_statistic": 0.024,
          "p_value": 0.9357699014782725,
          "is_noise_changed": false
        }
      },
      "9": {
        "is_shifted": true,
        "parents": [
          0
        ],
        "function_test": {
          "f_statistic": 11.294698320546985,
          "p_value": 0.000791934096184721,
          "is_function_changed": true,
          "beta_env1": [
            -0.09934293397630581
          ],
          "beta_env2": [
            0.06870535735042822
          ]
        },
        "noise_test": {
          "ks_statistic": 0.031,
          "p_value": 0.7228251828701066,
          "is_noise_changed": false
        }
      },
      "10": {
        "is_shifted": false,
        "parents": [
          9
        ],
        "function_test": {
          "f_statistic": 0.18594865419635007,
          "p_value": 0.6663566941476807,
          "is_function_changed": false,
          "beta_env1": [
            0.2250605525263728
          ],
          "beta_env2": [
            0.24471310626685205
          ]
        },
        "noise_test": {
          "ks_statistic": 0.023,
          "p_value": 0.9542189106778983,
          "is_noise_changed": false
        }
      },
      "11": {
        "is_shifted": true,
        "parents": [
          0
        ],
        "function_test": {
          "f_statistic": 422.06130111012783,
          "p_value": 1.1102230246251565e-16,
          "is_function_changed": true,
          "beta_env1": [
            -0.10301491689755081
          ],
          "beta_env2": [
            2.588822799479409
          ]
        },
        "noise_test": {
          "ks_statistic": 0.362,
          "p_value": 1.278517400590018e-58,
          "is_noise_changed": true
        }
      },
      "12": {
        "is_shifted": false,
        "parents": [
          0
        ],
        "function_test": {
          "f_statistic": 2.56115941408238,
          "p_value": 0.10967649170668459,
          "is_function_changed": false,
          "beta_env1": [
            -0.08437657054133595
          ],
          "beta_env2": [
            -0.004153600389497662
          ]
        },
        "noise_test": {
          "ks_statistic": 0.026,
          "p_value": 0.8881734182535203,
          "is_noise_changed": false
        }
      },
      "13": {
        "is_shifted": false,
        "parents": [
          7
        ],
        "function_test": {
          "f_statistic": 2.056995622487872,
          "p_value": 0.1516652774333872,
          "is_function_changed": false,
          "beta_env1": [
            0.2153101692700075
          ],
          "beta_env2": [
            0.27739755174915837
          ]
        },
        "noise_test": {
          "ks_statistic": 0.024,
          "p_value": 0.9357699014782725,