{
  "dataset_info": {
    "seed": 193,
    "dataset_index": 2,
    "node_count": 30,
    "edge_count": 30,
    "graph_type": "SF",
    "shifted_nodes": [
      28,
      13,
      18,
      5,
      27,
      14
    ],
    "shift_types": {
      "28": "function",
      "13": "function",
      "18": "function",
      "5": "noise_skew",
      "27": "noise_skew",
      "14": "noise_skew"
    },
    "shift_case": "function_noise_skew"
  },
  "model": "linearccp",
  "config_name": "SF",
  "dag_structure": "standard",
  "device": "cpu",
  "linearccp": {
    "shifted_nodes": [
      1,
      5,
      13,
      14,
      18,
      23,
      24,
      26,
      27,
      28
    ],
    "functional_change_nodes": [
      1,
      13,
      18,
      23,
      24,
      26,
      28
    ],
    "noise_change_nodes": [
      5,
      13,
      14,
      18,
      27,
      28
    ],
    "node_results": {
      "1": {
        "is_shifted": true,
        "parents": [
          0
        ],
        "function_test": {
          "f_statistic": 8.383018920558108,
          "p_value": 0.0038285998191072146,
          "is_function_changed": true,
          "beta_env1": [
            0.017735201848639755
          ],
          "beta_env2": [
            -0.12537358367777046
          ]
        },
        "noise_test": {
          "ks_statistic": 0.022,
          "p_value": 0.9690010280430694,
          "is_noise_changed": false
        }
      },
      "2": {
        "is_shifted": false,
        "parents": [
          1
        ],
        "function_test": {
          "f_statistic": 1.9915003183945417,
          "p_value": 0.15833994322685818,
          "is_function_changed": false,
          "beta_env1": [
            0.28093159178131344
          ],
          "beta_env2": [
            0.21512636381807426
          ]
        },
        "noise_test": {
          "ks_statistic": 0.037,
          "p_value": 0.5005673707894058,
          "is_noise_changed": false
        }
      },
      "3": {
        "is_shifted": false,
        "parents": [
          2
        ],
        "function_test": {
          "f_statistic": 0.22574238789119702,
          "p_value": 0.6347508980849426,
          "is_function_changed": false,
          "beta_env1": [
            0.2509370320813253
          ],
          "beta_env2": [
            0.27129578613474775
          ]
        },
        "noise_test": {
          "ks_statistic": 0.025,
          "p_value": 0.9136894237272155,
          "is_noise_changed": false
        }
      },
      "4": {
        "is_shifted": false,
        "parents": [
          2
        ],
        "function_test": {
          "f_statistic": 0.05789735878626115,
          "p_value": 0.80987536653276,
          "is_function_changed": false,
          "beta_env1": [
            0.2282647893454557
          ],
          "beta_env2": [
            0.23879727893958907
          ]
        },
        "noise_test": {
          "ks_statistic": 0.034,
          "p_value": 0.6101664688189142,
          "is_noise_changed": false
        }
      },
      "5": {
        "is_shifted": true,
        "parents": [
          4
        ],
        "function_test": {
          "f_statistic": 0.17424458116803043,
          "p_value": 0.6764116334286743,
          "is_function_changed": false,
          "beta_env1": [
            0.2289213298378821
          ],
          "beta_env2": [
            0.24503046010467816
          ]
        },
        "noise_test": {
          "ks_statistic": 0.096,
          "p_value": 0.0001969751018672361,
          "is_noise_changed": true
        }
      },
      "6": {
        "is_shifted": false,
        "parents": [
          2
        ],
        "function_test": {
          "f_statistic": 0.1378613410601568,
          "p_value": 0.7104558597761987,
          "is_function_changed": false,
          "beta_env1": [
            0.2153304151613038
          ],
          "beta_env2": [
            0.19948999199083933
          ]
        },
        "noise_test": {
          "ks_statistic": 0.019,
          "p_value": 0.9937026761524456,
          "is_noise_changed": false
        }
      },
      "7": {
        "is_shifted": false,
        "parents": [
          2
        ],
        "function_test": {
          "f_statistic": 0.26023597359135797,
          "p_value": 0.6100144883579817,
          "is_function_changed": false,
          "beta_env1": [
            0.2190171418557367
          ],
          "beta_env2": [
            0.24081851174778335
          ]
        },
        "noise_test": {
          "ks_statistic": 0.027,
          "p_value": 0.8595454206943325,
          "is_noise_changed": false
        }
      },
      "8": {
        "is_shifted": false,
        "parents": [
          1
        ],
        "function_test": {
          "f_statistic": 3.5877736319129214,
          "p_value": 0.058350622676906716,
          "is_function_changed": false,
          "beta_env1": [
            0.2608167038922508
          ],
          "beta_env2": [
            0.17388065968370264
          ]
        },
        "noise_test": {
          "ks_statistic": 0.043,
          "p_value": 0.3136800387320582,
          "is_noise_changed": false
        }
      },
      "9": {
        "is_shifted": false,
        "parents": [
          2
        ],
        "function_test": {
          "f_statistic": 0.0964847846861022,
          "p_value": 0.7561219524456155,
          "is_function_changed": false,
          "beta_env1": [
            0.2595706711922413
          ],
          "beta_env2": [
            0.27305785690831696
          ]
        },
        "noise_test": {
          "ks_statistic": 0.03,
          "p_value": 0.7593695685682871,
          "is_noise_changed": false
        }
      },
      "10": {
        "is_shifted": false,
        "parents": [
          8
        ],
        "function_test": {
          "f_statistic": 2.3023020231256557,
          "p_value": 0.12934077225988772,
          "is_function_changed": false,
          "beta_env1": [
            0.2763235069273017
          ],
          "beta_env2": [
            0.20742856661546363
          ]
        },
        "noise_test": {
          "ks_statistic": 0.036,
          "p_value": 0.5362766985932181,
          "is_noise_changed": false
        }
      },
      "11": {
        "is_shifted": false,
        "parents": [
          4
        ],
        "function_test": {
          "f_statistic": 2.5270371722208886,
          "p_value": 0.11206853687595064,
          "is_function_changed": false,
          "beta_env1": [
            0.31176381560568595
          ],
          "beta_env2": [
            0.24241171497304773
          ]
        },
        "noise_test": {
          "ks_statistic": 0.032,
          "p_value": 0.6854967337920594,
          "is_noise_changed": false
        }
      },
      "12": {
        "is_shifted": false,
        "parents": [
          11
        ],
        "function_test": {
          "f_statistic": 0.17251162334567033,
          "p_value": 0.6779338703944273,
          "is_function_changed": false,
          "beta_env1": [
            0.19595331538063937
          ],
          "beta_env2": [
            0.21367445280760097
          ]
        },
        "noise_test": {
          "ks_statistic": 0.037,
          "p_value": 0.5005673707894058,
          "is_noise_changed": false
        }
      },
      "13": {
        "is_shifted": true,
        "parents": [
          11
        ],
        "function_test": {
          "f_statistic": 106.54235658035034,
          "p_value": 1.1102230246251565e-16,
          "is_function_changed": true,
          "beta_env1": [
            0.22550921214121455
          ],
          "beta_env2": [
            1.2470778480784022
          ]
        },
        "noise_test": {
          "ks_statistic": 0.289,
          "p_value": 3.3470758389799365e-37,
          "is_noise_changed": true
        }
      },