{
  "dataset_info": {
    "seed": 220,
    "dataset_index": 29,
    "node_count": 30,
    "edge_count": 30,
    "graph_type": "SF",
    "shifted_nodes": [
      2,
      4,
      5,
      27,
      7,
      8
    ],
    "shift_types": {
      "2": "noise_std",
      "4": "noise_std",
      "5": "noise_std",
      "27": "noise_std",
      "7": "noise_std",
      "8": "noise_std"
    },
    "shift_case": "noise_std_noise_std"
  },
  "model": "linearccp",
  "config_name": "SF",
  "dag_structure": "standard",
  "device": "cpu",
  "linearccp": {
    "shifted_nodes": [
      2,
      4,
      5,
      7,
      8,
      10,
      11,
      12,
      15,
      17,
      18,
      19,
      20,
      21,
      25,
      26,
      27
    ],
    "functional_change_nodes": [
      7,
      8,
      10,
      11,
      12,
      15,
      17,
      18,
      19,
      20,
      21,
      25,
      26
    ],
    "noise_change_nodes": [
      2,
      4,
      5,
      7,
      8,
      27
    ],
    "node_results": {
      "1": {
        "is_shifted": false,
        "parents": [
          0
        ],
        "function_test": {
          "f_statistic": 2.8181693881921834,
          "p_value": 0.09335917161109153,
          "is_function_changed": false,
          "beta_env1": [
            0.1001095692214091
          ],
          "beta_env2": [
            0.016284379097933052
          ]
        },
        "noise_test": {
          "ks_statistic": 0.028,
          "p_value": 0.8282194040312439,
          "is_noise_changed": false
        }
      },
      "2": {
        "is_shifted": true,
        "parents": [
          1
        ],
        "function_test": {
          "f_statistic": 0.00028902394847196597,
          "p_value": 0.9864377529737912,
          "is_function_changed": false,
          "beta_env1": [
            0.23105095914660706
          ],
          "beta_env2": [
            0.2319582620361034
          ]
        },
        "noise_test": {
          "ks_statistic": 0.072,
          "p_value": 0.01118990326412112,
          "is_noise_changed": true
        }
      },
      "3": {
        "is_shifted": false,
        "parents": [
          0
        ],
        "function_test": {
          "f_statistic": 0.3004382433927741,
          "p_value": 0.58366910510796,
          "is_function_changed": false,
          "beta_env1": [
            -0.03801065715644764
          ],
          "beta_env2": [
            -0.011321142083963127
          ]
        },
        "noise_test": {
          "ks_statistic": 0.029,
          "p_value": 0.7946637387576738,
          "is_noise_changed": false
        }
      },
      "4": {
        "is_shifted": true,
        "parents": [
          0
        ],
        "function_test": {
          "f_statistic": 0.759369783851771,
          "p_value": 0.3836306186477191,
          "is_function_changed": false,
          "beta_env1": [
            -0.0254555864731693
          ],
          "beta_env2": [
            0.026372141157464928
          ]
        },
        "noise_test": {
          "ks_statistic": 0.092,
          "p_value": 0.000418604197209586,
          "is_noise_changed": true
        }
      },
      "5": {
        "is_shifted": true,
        "parents": [
          0
        ],
        "function_test": {
          "f_statistic": 3.312107819094128,
          "p_value": 0.0689209475971897,
          "is_function_changed": false,
          "beta_env1": [
            -0.028203819312628
          ],
          "beta_env2": [
            0.07896380695842634
          ]
        },
        "noise_test": {
          "ks_statistic": 0.081,
          "p_value": 0.0028179208242694134,
          "is_noise_changed": true
        }
      },
      "6": {
        "is_shifted": false,
        "parents": [
          1
        ],
        "function_test": {
          "f_statistic": 0.370492453427848,
          "p_value": 0.542805223456887,
          "is_function_changed": false,
          "beta_env1": [
            0.23064584146902917
          ],
          "beta_env2": [
            0.20293394133131862
          ]
        },
        "noise_test": {
          "ks_statistic": 0.023,
          "p_value": 0.9542189106778983,
          "is_noise_changed": false
        }
      },
      "7": {
        "is_shifted": true,
        "parents": [
          2
        ],
        "function_test": {
          "f_statistic": 15.983306023027234,
          "p_value": 6.622824916102665e-05,
          "is_function_changed": true,
          "beta_env1": [
            0.24183583626225147
          ],
          "beta_env2": [
            0.05299298501318916
          ]
        },
        "noise_test": {
          "ks_statistic": 0.076,
          "p_value": 0.006185603570160095,
          "is_noise_changed": true
        }
      },
      "8": {
        "is_shifted": true,
        "parents": [
          4
        ],
        "function_test": {
          "f_statistic": 10.22989941277733,
          "p_value": 0.001403478608558717,
          "is_function_changed": true,
          "beta_env1": [
            0.18056381474305686
          ],
          "beta_env2": [
            0.02612605020625089
          ]
        },
        "noise_test": {
          "ks_statistic": 0.087,
          "p_value": 0.0010264669536591562,
          "is_noise_changed": true
        }
      },
      "9": {
        "is_shifted": false,
        "parents": [
          1
        ],
        "function_test": {
          "f_statistic": 0.6374166119448824,
          "p_value": 0.424742810322557,
          "is_function_changed": false,
          "beta_env1": [
            0.1792364343798596
          ],
          "beta_env2": [
            0.21506608339444544
          ]
        },
        "noise_test": {
          "ks_statistic": 0.034,
          "p_value": 0.6101664688189142,
          "is_noise_changed": false
        }
      },
      "10": {
        "is_shifted": true,
        "parents": [
          8
        ],
        "function_test": {
          "f_statistic": 39.6487427336553,
          "p_value": 3.728166664274113e-10,
          "is_function_changed": true,
          "beta_env1": [
            0.2956846692638404
          ],
          "beta_env2": [
            0.04199497461347326
          ]
        },
        "noise_test": {
          "ks_statistic": 0.041,
          "p_value": 0.37012017606173,
          "is_noise_changed": false
        }
      },
      "11": {
        "is_shifted": true,
        "parents": [
          2
        ],
        "function_test": {
          "f_statistic": 21.67102397361295,
          "p_value": 3.449328401239349e-06,
          "is_function_changed": true,
          "beta_env1": [
            0.23885349485974486
          ],
          "beta_env2": [
            0.04928829823184173
          ]
        },
        "noise_test": {
          "ks_statistic": 0.032,
          "p_value": 0.6854967337920594,
          "is_noise_changed": false
        }
      },
      "12": {
        "is_shifted": true,
        "parents": [
          2
        ],
        "function_test": {
          "f_statistic": 18.571255015223983,
          "p_value": 1.7162773054635316e-05,
          "is_function_changed": true,
          "beta_env1": [
            0.25551647671083655
          ],
          "beta_env2": [
            0.0854016405496368
          ]
        },
        "noise_test": {
          "ks_statistic": 0.038,
          "p_value": 0.4659595288557257,
          "is_noise_changed": false
        }
      },
      "13": {
        "is_shifted": false,
        "parents": [
          1
        ],
        "function_test": {
          "f_statistic": 1.8257644575311585,
          "p_value": 0.17678177787400462,
          "is_function_changed": false,
          "beta_env1": [
            0.2193098968352385
          ],
          "beta_env2": [
            0.15922336744388862
          ]
        },
        "noise_test": {
          "ks_statistic": 0.028,