{
  "dataset_info": {
    "seed": 210,
    "dataset_index": 19,
    "node_count": 30,
    "edge_count": 30,
    "graph_type": "SF",
    "shifted_nodes": [
      29,
      14,
      1,
      3,
      20,
      21
    ],
    "shift_types": {
      "29": "function",
      "14": "function",
      "1": "function",
      "3": "noise_std",
      "20": "noise_std",
      "21": "noise_std"
    },
    "shift_case": "function_noise_std"
  },
  "model": "linearccp",
  "config_name": "SF",
  "dag_structure": "standard",
  "device": "cpu",
  "linearccp": {
    "shifted_nodes": [
      1,
      3,
      5,
      8,
      11,
      12,
      14,
      17,
      20,
      21,
      23,
      24,
      26,
      27,
      28,
      29
    ],
    "functional_change_nodes": [
      1,
      3,
      5,
      8,
      11,
      12,
      14,
      17,
      20,
      21,
      23,
      24,
      26,
      27,
      28,
      29
    ],
    "noise_change_nodes": [
      1,
      3,
      5,
      8,
      14,
      20,
      21,
      24,
      29
    ],
    "node_results": {
      "1": {
        "is_shifted": true,
        "parents": [
          0
        ],
        "function_test": {
          "f_statistic": 330.4010998371701,
          "p_value": 1.1102230246251565e-16,
          "is_function_changed": true,
          "beta_env1": [
            -0.04264612991379464
          ],
          "beta_env2": [
            2.356468656480315
          ]
        },
        "noise_test": {
          "ks_statistic": 0.363,
          "p_value": 5.984549534676681e-59,
          "is_noise_changed": true
        }
      },
      "2": {
        "is_shifted": false,
        "parents": [
          0
        ],
        "function_test": {
          "f_statistic": 0.5998777927111654,
          "p_value": 0.4387163917035032,
          "is_function_changed": false,
          "beta_env1": [
            -0.016081065626088218
          ],
          "beta_env2": [
            0.02336123525701145
          ]
        },
        "noise_test": {
          "ks_statistic": 0.026,
          "p_value": 0.8881734182535203,
          "is_noise_changed": false
        }
      },
      "3": {
        "is_shifted": true,
        "parents": [
          1
        ],
        "function_test": {
          "f_statistic": 18.979723303792646,
          "p_value": 1.3881640134605355e-05,
          "is_function_changed": true,
          "beta_env1": [
            0.19658152853180583
          ],
          "beta_env2": [
            -0.0038493012628715685
          ]
        },
        "noise_test": {
          "ks_statistic": 0.142,
          "p_value": 3.301172138175878e-09,
          "is_noise_changed": true
        }
      },
      "4": {
        "is_shifted": false,
        "parents": [
          2
        ],
        "function_test": {
          "f_statistic": 0.03058619094036592,
          "p_value": 0.8611845271892208,
          "is_function_changed": false,
          "beta_env1": [
            0.2083978933911856
          ],
          "beta_env2": [
            0.20024785727690578
          ]
        },
        "noise_test": {
          "ks_statistic": 0.029,
          "p_value": 0.7946637387576738,
          "is_noise_changed": false
        }
      },
      "5": {
        "is_shifted": true,
        "parents": [
          1
        ],
        "function_test": {
          "f_statistic": 27.628661802111854,
          "p_value": 1.6268897007343242e-07,
          "is_function_changed": true,
          "beta_env1": [
            0.20784876642880046
          ],
          "beta_env2": [
            -0.015843207210121737
          ]
        },
        "noise_test": {
          "ks_statistic": 0.136,
          "p_value": 1.767765488097077e-08,
          "is_noise_changed": true
        }
      },
      "6": {
        "is_shifted": false,
        "parents": [
          0
        ],
        "function_test": {
          "f_statistic": 0.08805260285038204,
          "p_value": 0.7666984948825191,
          "is_function_changed": false,
          "beta_env1": [
            -0.03536748440667851
          ],
          "beta_env2": [
            -0.02038745507058871
          ]
        },
        "noise_test": {
          "ks_statistic": 0.035,
          "p_value": 0.5728904395829821,
          "is_noise_changed": false
        }
      },
      "7": {
        "is_shifted": false,
        "parents": [
          0
        ],
        "function_test": {
          "f_statistic": 0.12877626532643677,
          "p_value": 0.7197421917200738,
          "is_function_changed": false,
          "beta_env1": [
            -0.06286503634402268
          ],
          "beta_env2": [
            -0.04490295452824342
          ]
        },
        "noise_test": {
          "ks_statistic": 0.023,
          "p_value": 0.9542189106778983,
          "is_noise_changed": false
        }
      },
      "8": {
        "is_shifted": true,
        "parents": [
          1
        ],
        "function_test": {
          "f_statistic": 29.247762998643076,
          "p_value": 7.132924007002828e-08,
          "is_function_changed": true,
          "beta_env1": [
            0.2155900206111789
          ],
          "beta_env2": [
            -0.013474336401675651
          ]
        },
        "noise_test": {
          "ks_statistic": 0.125,
          "p_value": 3.1682132882618906e-07,
          "is_noise_changed": true
        }
      },
      "9": {
        "is_shifted": false,
        "parents": [
          0
        ],
        "function_test": {
          "f_statistic": 1.670091143202612,
          "p_value": 0.19639591705157355,
          "is_function_changed": false,
          "beta_env1": [
            -0.07130293125542014
          ],
          "beta_env2": [
            -0.006018390195462316
          ]
        },
        "noise_test": {
          "ks_statistic": 0.036,
          "p_value": 0.5362766985932181,
          "is_noise_changed": false
        }
      },
      "10": {
        "is_shifted": false,
        "parents": [
          0
        ],
        "function_test": {
          "f_statistic": 1.794037829181191,
          "p_value": 0.1805874568039092,
          "is_function_changed": false,
          "beta_env1": [
            -0.06782006472092468
          ],
          "beta_env2": [
            -0.0003828653769800379
          ]
        },
        "noise_test": {
          "ks_statistic": 0.036,
          "p_value": 0.5362766985932181,
          "is_noise_changed": false
        }
      },
      "11": {
        "is_shifted": true,
        "parents": [
          3
        ],
        "function_test": {
          "f_statistic": 15.435636292380051,
          "p_value": 8.826778922954581e-05,
          "is_function_changed": true,
          "beta_env1": [
            0.18592852080237013
          ],
          "beta_env2": [
            0.031930809802738394
          ]
        },
        "noise_test": {
          "ks_statistic": 0.044,
          "p_value": 0.28779764348473313,
          "is_noise_changed": false
        }
      },
      "12": {
        "is_shifted": true,
        "parents": [
          3
        ],
        "function_test": {
          "f_statistic": 20.385835205011084,
          "p_value": 6.69886265847186e-06,
          "is_function_changed": true,
          "beta_env1": [
            0.210520304817114
          ],
          "beta_env2": [
            0.033791623687418164
          ]
        },
        "noise_test": {
          "ks_statistic": 0.059,
          "p_value": 0.06153429181321559,
          "is_noise_changed": false
        }
      },
      "13": {
        "is_shifted": false,
        "parents": [
          10
        ],
        "function_test": {
          "f_statistic": 0.871088009026477,
          "p_value": 0.3507671634087989,
          "is_function_changed": false,
          "beta_env1": [
            0.22109246338367816
          ],