{
  "dataset_info": {
    "seed": 205,
    "dataset_index": 14,
    "node_count": 30,
    "edge_count": 30,
    "graph_type": "SF",
    "shifted_nodes": [
      12,
      10,
      19,
      23,
      29,
      8
    ],
    "shift_types": {
      "12": "function",
      "10": "function",
      "19": "function",
      "23": "noise_skew",
      "29": "noise_skew",
      "8": "noise_skew"
    },
    "shift_case": "function_noise_skew"
  },
  "model": "linearccp",
  "config_name": "SF",
  "dag_structure": "standard",
  "device": "cpu",
  "linearccp": {
    "shifted_nodes": [
      8,
      10,
      12,
      13,
      14,
      19,
      23,
      25,
      28,
      29
    ],
    "functional_change_nodes": [
      10,
      12,
      13,
      14,
      19,
      25,
      28,
      29
    ],
    "noise_change_nodes": [
      8,
      10,
      12,
      13,
      19,
      23,
      25,
      29
    ],
    "node_results": {
      "1": {
        "is_shifted": false,
        "parents": [
          0
        ],
        "function_test": {
          "f_statistic": 0.00043270092734607715,
          "p_value": 0.9834061085750511,
          "is_function_changed": false,
          "beta_env1": [
            -0.0059983981084577006
          ],
          "beta_env2": [
            -0.00491890534617859
          ]
        },
        "noise_test": {
          "ks_statistic": 0.026,
          "p_value": 0.8881734182535203,
          "is_noise_changed": false
        }
      },
      "2": {
        "is_shifted": false,
        "parents": [
          0
        ],
        "function_test": {
          "f_statistic": 0.03039725088448557,
          "p_value": 0.8616096014554588,
          "is_function_changed": false,
          "beta_env1": [
            0.01685735926995763
          ],
          "beta_env2": [
            0.008276524797623157
          ]
        },
        "noise_test": {
          "ks_statistic": 0.029,
          "p_value": 0.7946637387576738,
          "is_noise_changed": false
        }
      },
      "3": {
        "is_shifted": false,
        "parents": [
          2
        ],
        "function_test": {
          "f_statistic": 0.10269650304518668,
          "p_value": 0.7486509560180115,
          "is_function_changed": false,
          "beta_env1": [
            0.19003024731061435
          ],
          "beta_env2": [
            0.1749575414859153
          ]
        },
        "noise_test": {
          "ks_statistic": 0.029,
          "p_value": 0.7946637387576738,
          "is_noise_changed": false
        }
      },
      "4": {
        "is_shifted": false,
        "parents": [
          2
        ],
        "function_test": {
          "f_statistic": 8.467737918808698e-05,
          "p_value": 0.9926588645430662,
          "is_function_changed": false,
          "beta_env1": [
            0.2563222369641169
          ],
          "beta_env2": [
            0.2567458632498462
          ]
        },
        "noise_test": {
          "ks_statistic": 0.027,
          "p_value": 0.8595454206943325,
          "is_noise_changed": false
        }
      },
      "5": {
        "is_shifted": false,
        "parents": [
          2
        ],
        "function_test": {
          "f_statistic": 0.47812322935729873,
          "p_value": 0.4893540634495207,
          "is_function_changed": false,
          "beta_env1": [
            0.2542952313556121
          ],
          "beta_env2": [
            0.22289490679624613
          ]
        },
        "noise_test": {
          "ks_statistic": 0.041,
          "p_value": 0.37012017606173,
          "is_noise_changed": false
        }
      },
      "6": {
        "is_shifted": false,
        "parents": [
          4
        ],
        "function_test": {
          "f_statistic": 0.5710452541355084,
          "p_value": 0.44993302487571796,
          "is_function_changed": false,
          "beta_env1": [
            0.2664286361254655
          ],
          "beta_env2": [
            0.2323148540745324
          ]
        },
        "noise_test": {
          "ks_statistic": 0.024,
          "p_value": 0.9357699014782725,
          "is_noise_changed": false
        }
      },
      "7": {
        "is_shifted": false,
        "parents": [
          1
        ],
        "function_test": {
          "f_statistic": 0.0653602823329515,
          "p_value": 0.7982423743201269,
          "is_function_changed": false,
          "beta_env1": [
            0.18392538749557316
          ],
          "beta_env2": [
            0.19561524957560078
          ]
        },
        "noise_test": {
          "ks_statistic": 0.035,
          "p_value": 0.5728904395829821,
          "is_noise_changed": false
        }
      },
      "8": {
        "is_shifted": true,
        "parents": [
          7
        ],
        "function_test": {
          "f_statistic": 0.6256034027678589,
          "p_value": 0.42906658613851845,
          "is_function_changed": false,
          "beta_env1": [
            0.20914380175367273
          ],
          "beta_env2": [
            0.2405586315023459
          ]
        },
        "noise_test": {
          "ks_statistic": 0.11,
          "p_value": 1.0915917613597424e-05,
          "is_noise_changed": true
        }
      },
      "9": {
        "is_shifted": false,
        "parents": [
          3
        ],
        "function_test": {
          "f_statistic": 0.8835533354716545,
          "p_value": 0.3473440297261854,
          "is_function_changed": false,
          "beta_env1": [
            0.23063019885387964
          ],
          "beta_env2": [
            0.2703355177801718
          ]
        },
        "noise_test": {
          "ks_statistic": 0.028,
          "p_value": 0.8282194040312439,
          "is_noise_changed": false
        }
      },
      "10": {
        "is_shifted": true,
        "parents": [
          0
        ],
        "function_test": {
          "f_statistic": 374.7175335572965,
          "p_value": 1.1102230246251565e-16,
          "is_function_changed": true,
          "beta_env1": [
            -0.024326936525722983
          ],
          "beta_env2": [
            2.5691990735604255
          ]
        },
        "noise_test": {
          "ks_statistic": 0.348,
          "p_value": 4.146142039578868e-54,
          "is_noise_changed": true
        }
      },
      "11": {
        "is_shifted": false,
        "parents": [
          7
        ],
        "function_test": {
          "f_statistic": 0.2378362676442042,
          "p_value": 0.6258268228249074,
          "is_function_changed": false,
          "beta_env1": [
            0.23278988248115673
          ],
          "beta_env2": [
            0.21191452686823406
          ]
        },
        "noise_test": {
          "ks_statistic": 0.03,
          "p_value": 0.7593695685682871,
          "is_noise_changed": false
        }
      },
      "12": {
        "is_shifted": true,
        "parents": [
          2
        ],
        "function_test": {
          "f_statistic": 92.37073870140959,
          "p_value": 1.1102230246251565e-16,
          "is_function_changed": true,
          "beta_env1": [
            0.20370068572449515
          ],
          "beta_env2": [
            1.2581627516056038
          ]
        },
        "noise_test": {
          "ks_statistic": 0.294,
          "p_value": 1.6656399989720174e-38,
          "is_noise_changed": true
        }
      },
      "13": {
        "is_shifted": true,
        "parents": [
          12
        ],
        "function_test": {
          "f_statistic": 41.64308047701451,
          "p_value": 1.3711920487935458e-10,
          "is_function_changed": true,
          "beta_env1": [
            0.2566919676657169
          ],
          "beta_env2": [
            -0.022824237623491814
          ]
        },
        "noise_test": {
          "ks_statistic": 0.151,
          "p_value": 2.3211878296314437e-10,