{
  "dataset_info": {
    "seed": 212,
    "dataset_index": 21,
    "node_count": 30,
    "edge_count": 30,
    "graph_type": "SF",
    "shifted_nodes": [
      28,
      27,
      26,
      8,
      12,
      9
    ],
    "shift_types": {
      "28": "function",
      "27": "function",
      "26": "function",
      "8": "function",
      "12": "function",
      "9": "function"
    },
    "shift_case": "function_function"
  },
  "model": "linearccp",
  "config_name": "SF",
  "dag_structure": "standard",
  "device": "cpu",
  "linearccp": {
    "shifted_nodes": [
      1,
      4,
      8,
      9,
      10,
      12,
      16,
      18,
      20,
      25,
      26,
      27,
      28,
      29
    ],
    "functional_change_nodes": [
      1,
      4,
      8,
      9,
      10,
      12,
      16,
      18,
      20,
      25,
      26,
      27,
      28,
      29
    ],
    "noise_change_nodes": [
      8,
      9,
      10,
      12,
      25,
      26,
      27,
      28
    ],
    "node_results": {
      "1": {
        "is_shifted": true,
        "parents": [
          0
        ],
        "function_test": {
          "f_statistic": 9.388235809568709,
          "p_value": 0.002213030785327752,
          "is_function_changed": true,
          "beta_env1": [
            0.06541161224395664
          ],
          "beta_env2": [
            -0.08488699147077762
          ]
        },
        "noise_test": {
          "ks_statistic": 0.026,
          "p_value": 0.8881734182535203,
          "is_noise_changed": false
        }
      },
      "2": {
        "is_shifted": false,
        "parents": [
          0
        ],
        "function_test": {
          "f_statistic": 1.0285770515129666,
          "p_value": 0.31061603160279305,
          "is_function_changed": false,
          "beta_env1": [
            0.083261391216418
          ],
          "beta_env2": [
            0.03337515722022155
          ]
        },
        "noise_test": {
          "ks_statistic": 0.029,
          "p_value": 0.7946637387576738,
          "is_noise_changed": false
        }
      },
      "3": {
        "is_shifted": false,
        "parents": [
          2
        ],
        "function_test": {
          "f_statistic": 0.12763339221924122,
          "p_value": 0.7209363180954522,
          "is_function_changed": false,
          "beta_env1": [
            0.13402710973402074
          ],
          "beta_env2": [
            0.15005998209260213
          ]
        },
        "noise_test": {
          "ks_statistic": 0.021,
          "p_value": 0.9802627322900355,
          "is_noise_changed": false
        }
      },
      "4": {
        "is_shifted": true,
        "parents": [
          2
        ],
        "function_test": {
          "f_statistic": 4.773566454169537,
          "p_value": 0.02901583929207241,
          "is_function_changed": true,
          "beta_env1": [
            0.13015842324649127
          ],
          "beta_env2": [
            0.23247210129973844
          ]
        },
        "noise_test": {
          "ks_statistic": 0.022,
          "p_value": 0.9690010280430694,
          "is_noise_changed": false
        }
      },
      "5": {
        "is_shifted": false,
        "parents": [
          0
        ],
        "function_test": {
          "f_statistic": 0.6168654749037304,
          "p_value": 0.4323077021530578,
          "is_function_changed": false,
          "beta_env1": [
            -0.009519707774349755
          ],
          "beta_env2": [
            -0.048446112936900224
          ]
        },
        "noise_test": {
          "ks_statistic": 0.027,
          "p_value": 0.8595454206943325,
          "is_noise_changed": false
        }
      },
      "6": {
        "is_shifted": false,
        "parents": [
          2
        ],
        "function_test": {
          "f_statistic": 0.42123665224696416,
          "p_value": 0.5163952918691506,
          "is_function_changed": false,
          "beta_env1": [
            0.1806271195244712
          ],
          "beta_env2": [
            0.21040336751701788
          ]
        },
        "noise_test": {
          "ks_statistic": 0.022,
          "p_value": 0.9690010280430694,
          "is_noise_changed": false
        }
      },
      "7": {
        "is_shifted": false,
        "parents": [
          0
        ],
        "function_test": {
          "f_statistic": 0.7735035674015147,
          "p_value": 0.37924124233152623,
          "is_function_changed": false,
          "beta_env1": [
            -0.012993216385964552
          ],
          "beta_env2": [
            -0.05687692584431414
          ]
        },
        "noise_test": {
          "ks_statistic": 0.042,
          "p_value": 0.34112475112661245,
          "is_noise_changed": false
        }
      },
      "8": {
        "is_shifted": true,
        "parents": [
          0
        ],
        "function_test": {
          "f_statistic": 308.3539023773144,
          "p_value": 1.1102230246251565e-16,
          "is_function_changed": true,
          "beta_env1": [
            0.06064715824849687
          ],
          "beta_env2": [
            2.3197992639318867
          ]
        },
        "noise_test": {
          "ks_statistic": 0.339,
          "p_value": 2.601190983860239e-51,
          "is_noise_changed": true
        }
      },
      "9": {
        "is_shifted": true,
        "parents": [
          6
        ],
        "function_test": {
          "f_statistic": 79.62459468309318,
          "p_value": 1.1102230246251565e-16,
          "is_function_changed": true,
          "beta_env1": [
            0.26880084045387925
          ],
          "beta_env2": [
            1.181161415327197
          ]
        },
        "noise_test": {
          "ks_statistic": 0.292,
          "p_value": 5.56751340341548e-38,
          "is_noise_changed": true
        }
      },
      "10": {
        "is_shifted": true,
        "parents": [
          9
        ],
        "function_test": {
          "f_statistic": 28.61051668355846,
          "p_value": 9.86501207389523e-08,
          "is_function_changed": true,
          "beta_env1": [
            0.1967395251017237
          ],
          "beta_env2": [
            -0.023034729523550238
          ]
        },
        "noise_test": {
          "ks_statistic": 0.128,
          "p_value": 1.4776675436423948e-07,
          "is_noise_changed": true
        }
      },
      "11": {
        "is_shifted": false,
        "parents": [
          4
        ],
        "function_test": {
          "f_statistic": 0.4068758354231437,
          "p_value": 0.5236326493835514,
          "is_function_changed": false,
          "beta_env1": [
            0.16258423933182956
          ],
          "beta_env2": [
            0.1906794299416762
          ]
        },
        "noise_test": {
          "ks_statistic": 0.02,
          "p_value": 0.9883339509983219,
          "is_noise_changed": false
        }
      },
      "12": {
        "is_shifted": true,
        "parents": [
          6
        ],
        "function_test": {
          "f_statistic": 75.44861821387462,
          "p_value": 1.1102230246251565e-16,
          "is_function_changed": true,
          "beta_env1": [
            0.266734872253671
          ],
          "beta_env2": [
            1.141653696588634
          ]
        },
        "noise_test": {
          "ks_statistic": 0.294,
          "p_value": 1.6656399989720174e-38,
          "is_noise_changed": true
        }
      },
      "13": {
        "is_shifted": false,
        "parents": [
          0
        ],
        "function_test": {
          "f_statistic": 0.15156044355828902,
          "p_value": 0.6970901101624163,
          "is_function_changed": false,
          "beta_env1": [
            0.040681652481694044
          ],
          "beta_env2": [
            0.02111238382799134
          ]
        },
        "noise_test": {
          "ks_statistic": 0.03,