{
  "dataset_info": {
    "seed": 216,
    "dataset_index": 25,
    "node_count": 30,
    "edge_count": 30,
    "graph_type": "SF",
    "shifted_nodes": [
      10,
      4,
      20,
      9,
      5,
      15
    ],
    "shift_types": {
      "10": "function",
      "4": "function",
      "20": "function",
      "9": "noise_std",
      "5": "noise_std",
      "15": "noise_std"
    },
    "shift_case": "function_noise_std"
  },
  "model": "linearccp",
  "config_name": "SF",
  "dag_structure": "standard",
  "device": "cpu",
  "linearccp": {
    "shifted_nodes": [
      1,
      4,
      5,
      9,
      10,
      12,
      13,
      14,
      15,
      16,
      17,
      18,
      20,
      21,
      22,
      24,
      26,
      27
    ],
    "functional_change_nodes": [
      1,
      4,
      10,
      12,
      13,
      14,
      16,
      17,
      18,
      20,
      21,
      22,
      24,
      26,
      27
    ],
    "noise_change_nodes": [
      4,
      5,
      9,
      10,
      12,
      13,
      14,
      15,
      20,
      21,
      22,
      27
    ],
    "node_results": {
      "1": {
        "is_shifted": true,
        "parents": [
          0
        ],
        "function_test": {
          "f_statistic": 4.960420600305481,
          "p_value": 0.026045037684347072,
          "is_function_changed": true,
          "beta_env1": [
            0.06847448433877573
          ],
          "beta_env2": [
            -0.04330991680150667
          ]
        },
        "noise_test": {
          "ks_statistic": 0.025,
          "p_value": 0.9136894237272155,
          "is_noise_changed": false
        }
      },
      "2": {
        "is_shifted": false,
        "parents": [
          1
        ],
        "function_test": {
          "f_statistic": 0.8128179008126851,
          "p_value": 0.36739721922338686,
          "is_function_changed": false,
          "beta_env1": [
            0.22068843934004143
          ],
          "beta_env2": [
            0.17954737893637684
          ]
        },
        "noise_test": {
          "ks_statistic": 0.03,
          "p_value": 0.7593695685682871,
          "is_noise_changed": false
        }
      },
      "3": {
        "is_shifted": false,
        "parents": [
          1
        ],
        "function_test": {
          "f_statistic": 0.18332055710260964,
          "p_value": 0.6685811946986624,
          "is_function_changed": false,
          "beta_env1": [
            0.17406257919405202
          ],
          "beta_env2": [
            0.15489601724903293
          ]
        },
        "noise_test": {
          "ks_statistic": 0.028,
          "p_value": 0.8282194040312439,
          "is_noise_changed": false
        }
      },
      "4": {
        "is_shifted": true,
        "parents": [
          2
        ],
        "function_test": {
          "f_statistic": 82.61088453814921,
          "p_value": 1.1102230246251565e-16,
          "is_function_changed": true,
          "beta_env1": [
            0.21501827957659064
          ],
          "beta_env2": [
            1.1429026255956527
          ]
        },
        "noise_test": {
          "ks_statistic": 0.289,
          "p_value": 3.3470758389799365e-37,
          "is_noise_changed": true
        }
      },
      "5": {
        "is_shifted": true,
        "parents": [
          2
        ],
        "function_test": {
          "f_statistic": 0.9497480007653796,
          "p_value": 0.3299015399712212,
          "is_function_changed": false,
          "beta_env1": [
            0.22158020006557466
          ],
          "beta_env2": [
            0.1711148233192696
          ]
        },
        "noise_test": {
          "ks_statistic": 0.109,
          "p_value": 1.3598954602798138e-05,
          "is_noise_changed": true
        }
      },
      "6": {
        "is_shifted": false,
        "parents": [
          2
        ],
        "function_test": {
          "f_statistic": 0.3784722483861424,
          "p_value": 0.538492130711482,
          "is_function_changed": false,
          "beta_env1": [
            0.28682317657425044
          ],
          "beta_env2": [
            0.2593930142543384
          ]
        },
        "noise_test": {
          "ks_statistic": 0.025,
          "p_value": 0.9136894237272155,
          "is_noise_changed": false
        }
      },
      "7": {
        "is_shifted": false,
        "parents": [
          2
        ],
        "function_test": {
          "f_statistic": 0.012998545328924903,
          "p_value": 0.9092404105760333,
          "is_function_changed": false,
          "beta_env1": [
            0.22417998620291232
          ],
          "beta_env2": [
            0.2191434618910245
          ]
        },
        "noise_test": {
          "ks_statistic": 0.03,
          "p_value": 0.7593695685682871,
          "is_noise_changed": false
        }
      },
      "8": {
        "is_shifted": false,
        "parents": [
          1
        ],
        "function_test": {
          "f_statistic": 1.4343906780092177,
          "p_value": 0.23119141571912838,
          "is_function_changed": false,
          "beta_env1": [
            0.2100642490100378
          ],
          "beta_env2": [
            0.15643654792482595
          ]
        },
        "noise_test": {
          "ks_statistic": 0.028,
          "p_value": 0.8282194040312439,
          "is_noise_changed": false
        }
      },
      "9": {
        "is_shifted": true,
        "parents": [
          7
        ],
        "function_test": {
          "f_statistic": 1.0541949708492389,
          "p_value": 0.3046673304867843,
          "is_function_changed": false,
          "beta_env1": [
            0.22425874559377174
          ],
          "beta_env2": [
            0.2777059846343001
          ]
        },
        "noise_test": {
          "ks_statistic": 0.074,
          "p_value": 0.008353146175741297,
          "is_noise_changed": true
        }
      },
      "10": {
        "is_shifted": true,
        "parents": [
          4
        ],
        "function_test": {
          "f_statistic": 7.549021242681684,
          "p_value": 0.006058247852449572,
          "is_function_changed": true,
          "beta_env1": [
            0.19694892122933
          ],
          "beta_env2": [
            -0.12314427348733616
          ]
        },
        "noise_test": {
          "ks_statistic": 0.4,
          "p_value": 7.39394789512448e-72,
          "is_noise_changed": true
        }
      },
      "11": {
        "is_shifted": false,
        "parents": [
          8
        ],
        "function_test": {
          "f_statistic": 0.17643805349156863,
          "p_value": 0.6744975722936082,
          "is_function_changed": false,
          "beta_env1": [
            0.23989577344937335
          ],
          "beta_env2": [
            0.25851881611661354
          ]
        },
        "noise_test": {
          "ks_statistic": 0.035,
          "p_value": 0.5728904395829821,
          "is_noise_changed": false
        }
      },
      "12": {
        "is_shifted": true,
        "parents": [
          4
        ],
        "function_test": {
          "f_statistic": 27.992237585538813,
          "p_value": 1.3516627683785032e-07,
          "is_function_changed": true,
          "beta_env1": [
            0.18525854950729034
          ],
          "beta_env2": [
            -0.032899619748008
          ]
        },
        "noise_test": {
          "ks_statistic": 0.13,
          "p_value": 8.797089063129894e-08,
          "is_noise_changed": true
        }
      },
      "13": {
        "is_shifted": true,
        "parents": [
          10
        ],
        "function_test": {
          "f_statistic": 35.47012811035558,
          "p_value": 3.0528386485428882e-09,
          "is_function_changed": true,
          "beta_env1": [
            0.21016566029917214
          ],