{
  "dataset_info": {
    "seed": 202,
    "dataset_index": 11,
    "node_count": 30,
    "edge_count": 30,
    "graph_type": "SF",
    "shifted_nodes": [
      3,
      11,
      27,
      23,
      1,
      22
    ],
    "shift_types": {
      "3": "noise_std",
      "11": "noise_std",
      "27": "noise_std",
      "23": "noise_std",
      "1": "noise_std",
      "22": "noise_std"
    },
    "shift_case": "noise_std_noise_std"
  },
  "model": "linearccp",
  "config_name": "SF",
  "dag_structure": "standard",
  "device": "cpu",
  "linearccp": {
    "shifted_nodes": [
      1,
      3,
      4,
      5,
      6,
      11,
      12,
      15,
      19,
      22,
      23,
      24,
      25,
      27
    ],
    "functional_change_nodes": [
      4,
      5,
      6,
      12,
      15,
      19,
      23,
      24,
      25,
      27
    ],
    "noise_change_nodes": [
      1,
      3,
      11,
      22,
      23,
      27
    ],
    "node_results": {
      "1": {
        "is_shifted": true,
        "parents": [
          0
        ],
        "function_test": {
          "f_statistic": 2.6086097466630584,
          "p_value": 0.10644294950656985,
          "is_function_changed": false,
          "beta_env1": [
            0.02205542866504135
          ],
          "beta_env2": [
            -0.07462532232013976
          ]
        },
        "noise_test": {
          "ks_statistic": 0.094,
          "p_value": 0.0002883096840614359,
          "is_noise_changed": true
        }
      },
      "2": {
        "is_shifted": false,
        "parents": [
          1
        ],
        "function_test": {
          "f_statistic": 1.2139942753334994,
          "p_value": 0.27067534698207885,
          "is_function_changed": false,
          "beta_env1": [
            0.19438315878290016
          ],
          "beta_env2": [
            0.14769374552844666
          ]
        },
        "noise_test": {
          "ks_statistic": 0.025,
          "p_value": 0.9136894237272155,
          "is_noise_changed": false
        }
      },
      "3": {
        "is_shifted": true,
        "parents": [
          1
        ],
        "function_test": {
          "f_statistic": 2.3906716373583006,
          "p_value": 0.12221970270500104,
          "is_function_changed": false,
          "beta_env1": [
            0.18464957500020687
          ],
          "beta_env2": [
            0.10854537566059852
          ]
        },
        "noise_test": {
          "ks_statistic": 0.092,
          "p_value": 0.000418604197209586,
          "is_noise_changed": true
        }
      },
      "4": {
        "is_shifted": true,
        "parents": [
          1
        ],
        "function_test": {
          "f_statistic": 3.9881416642173373,
          "p_value": 0.045957134763773944,
          "is_function_changed": true,
          "beta_env1": [
            0.19203397606666456
          ],
          "beta_env2": [
            0.10829432126189872
          ]
        },
        "noise_test": {
          "ks_statistic": 0.028,
          "p_value": 0.8282194040312439,
          "is_noise_changed": false
        }
      },
      "5": {
        "is_shifted": true,
        "parents": [
          1
        ],
        "function_test": {
          "f_statistic": 7.52684502970896,
          "p_value": 0.006132986107656557,
          "is_function_changed": true,
          "beta_env1": [
            0.22850731571992708
          ],
          "beta_env2": [
            0.11423317680891604
          ]
        },
        "noise_test": {
          "ks_statistic": 0.04,
          "p_value": 0.4006338815832625,
          "is_noise_changed": false
        }
      },
      "6": {
        "is_shifted": true,
        "parents": [
          3
        ],
        "function_test": {
          "f_statistic": 52.90989882178038,
          "p_value": 4.992672941739329e-13,
          "is_function_changed": true,
          "beta_env1": [
            0.31928049647543094
          ],
          "beta_env2": [
            0.031962284855650246
          ]
        },
        "noise_test": {
          "ks_statistic": 0.037,
          "p_value": 0.5005673707894058,
          "is_noise_changed": false
        }
      },
      "7": {
        "is_shifted": false,
        "parents": [
          6
        ],
        "function_test": {
          "f_statistic": 2.3025882025698423,
          "p_value": 0.12931697824865007,
          "is_function_changed": false,
          "beta_env1": [
            0.21870248884888147
          ],
          "beta_env2": [
            0.2847471729717092
          ]
        },
        "noise_test": {
          "ks_statistic": 0.037,
          "p_value": 0.5005673707894058,
          "is_noise_changed": false
        }
      },
      "8": {
        "is_shifted": false,
        "parents": [
          2
        ],
        "function_test": {
          "f_statistic": 0.06158007147734046,
          "p_value": 0.8040413066762877,
          "is_function_changed": false,
          "beta_env1": [
            0.22269877241660727
          ],
          "beta_env2": [
            0.21213037119144942
          ]
        },
        "noise_test": {
          "ks_statistic": 0.036,
          "p_value": 0.5362766985932181,
          "is_noise_changed": false
        }
      },
      "9": {
        "is_shifted": false,
        "parents": [
          7
        ],
        "function_test": {
          "f_statistic": 0.6098840605987018,
          "p_value": 0.4349240767849022,
          "is_function_changed": false,
          "beta_env1": [
            0.24241245593406074
          ],
          "beta_env2": [
            0.20944541525989124
          ]
        },
        "noise_test": {
          "ks_statistic": 0.032,
          "p_value": 0.6854967337920594,
          "is_noise_changed": false
        }
      },
      "10": {
        "is_shifted": false,
        "parents": [
          0
        ],
        "function_test": {
          "f_statistic": 0.727747196755567,
          "p_value": 0.3937167417714844,
          "is_function_changed": false,
          "beta_env1": [
            -0.03525429943863423
          ],
          "beta_env2": [
            -0.07840059619749225
          ]
        },
        "noise_test": {
          "ks_statistic": 0.029,
          "p_value": 0.7946637387576738,
          "is_noise_changed": false
        }
      },
      "11": {
        "is_shifted": true,
        "parents": [
          4
        ],
        "function_test": {
          "f_statistic": 0.0035171621435804664,
          "p_value": 0.952714584173449,
          "is_function_changed": false,
          "beta_env1": [
            0.2722942250512499
          ],
          "beta_env2": [
            0.2692816198592004
          ]
        },
        "noise_test": {
          "ks_statistic": 0.08,
          "p_value": 0.003311056963176061,
          "is_noise_changed": true
        }
      },
      "12": {
        "is_shifted": true,
        "parents": [
          1
        ],
        "function_test": {
          "f_statistic": 11.327964919864893,
          "p_value": 0.0007779512640180286,
          "is_function_changed": true,
          "beta_env1": [
            0.2643601617440337
          ],
          "beta_env2": [
            0.12378233099582228
          ]
        },
        "noise_test": {
          "ks_statistic": 0.038,
          "p_value": 0.4659595288557257,
          "is_noise_changed": false
        }
      },
      "13": {
        "is_shifted": false,
        "parents": [
          4
        ],
        "function_test": {
          "f_statistic": 0.6728903712180292,
          "p_value": 0.4121436516182052,
          "is_function_changed": false,
          "beta_env1": [
            0.2887329904776073
          ],
          "beta_env2": [
            0.25340463627491816
          ]
        },
        "noise_test": {
          "ks_statistic": 0.023,
          "p_value": 0.9542189106778983,