{
  "dataset_info": {
    "seed": 323,
    "dataset_index": 12,
    "node_count": 50,
    "edge_count": 50,
    "graph_type": "SF",
    "shifted_nodes": [
      17,
      22,
      27,
      38,
      15,
      19,
      14,
      32,
      43,
      41
    ],
    "shift_types": {
      "17": "noise_skew",
      "22": "noise_skew",
      "27": "noise_skew",
      "38": "noise_skew",
      "15": "noise_skew",
      "19": "noise_skew",
      "14": "noise_skew",
      "32": "noise_skew",
      "43": "noise_skew",
      "41": "noise_skew"
    },
    "shift_case": "noise_skew_noise_skew"
  },
  "model": "iscan",
  "config_name": "SF",
  "dag_structure": "standard",
  "device": "cuda:0",
  "iscan": {
    "detected_shifted_nodes": [
      15
    ],
    "order": [
      2,
      15,
      41,
      0,
      14,
      1,
      38,
      17,
      22,
      32,
      37,
      39,
      43,
      19,
      3,
      7,
      27,
      26,
      6,
      8,
      16,
      9,
      47,
      34,
      25,
      35,
      10,
      13,
      30,
      4,
      40,
      42,
      28,
      23,
      31,
      24,
      21,
      5,
      20,
      29,
      12,
      45,
      11,
      33,
      44,
      18,
      48,
      36,
      46,
      49
    ],
    "ratio_dict": {
      "15": 2.139479497763581,
      "41": 1.7660104049127534,
      "19": 1.7335048382531386,
      "27": 1.538851174382459,
      "43": 1.5301809697214244,
      "49": 1.4264827360496437,
      "22": 1.3795979984698867,
      "36": 1.3292060968325714,
      "32": 1.2999215076841224,
      "44": 1.2885895171368673,
      "33": 1.2579816681747762,
      "38": 1.2328789499516937,
      "18": 1.2291115022971955,
      "26": 1.1435512206159792,
      "17": 1.0888145201306025,
      "9": 1.0635454631373484,
      "48": 1.0625910851357436,
      "21": 1.0445695692760766,
      "46": 1.0419264716459284,
      "20": 1.0359296024097135,
      "7": 0.9994587837211353,
      "5": 0.9880175295981249,
      "11": 0.9852757041962786,
      "6": 0.9750920125021765,
      "45": 0.9738831056421456,
      "29": 0.9715983456609582,
      "16": 0.957377431748541,
      "12": 0.9225666020030134,
      "3": 0.90702427502879,
      "8": 0.8322152853328222,
      "31": 0.831448284004757,
      "14": 0.8120279363232057,
      "30": 0.7932671941228974,
      "35": 0.7666064052135542,
      "42": 0.7652554053231656,
      "39": 0.7646541147194157,
      "37": 0.7635956354478075,
      "10": 0.7517226371769401,
      "0": 0.7418038590933901,
      "24": 0.7349633359143036,
      "23": 0.7277129653554631,
      "28": 0.7207933728380337,
      "40": 0.7182098444221822,
      "4": 0.6902706592367481,
      "47": 0.6881062534611243,
      "1": 0.6838931490225594,
      "25": 0.6807321465680193,
      "34": 0.6771908796665832,
      "13": 0.5886815059363825
    },
    "y_node_detection": {
      "detected": false,
      "expected": true
    },
    "true_shifted_node_summary": {
      "32": {
        "is_detected_as_shifted": false,
        "has_functional_shift_detected": true
      },
      "38": {
        "is_detected_as_shifted": false,
        "has_functional_shift_detected": true
      },
      "41": {
        "is_detected_as_shifted": false,
        "has_functional_shift_detected": true
      },
      "43": {
        "is_detected_as_shifted": false,
        "has_functional_shift_detected": true
      },
      "14": {
        "is_detected_as_shifted": false,
        "has_functional_shift_detected": true
      },
      "15": {
        "is_detected_as_shifted": true,
        "has_functional_shift_detected": true
      },
      "17": {
        "is_detected_as_shifted": false,
        "has_functional_shift_detected": true
      },
      "19": {
        "is_detected_as_shifted": false,
        "has_functional_shift_detected": true
      },
      "22": {
        "is_detected_as_shifted": false,
        "has_functional_shift_detected": false
      },
      "27": {
        "is_detected_as_shifted": false,
        "has_functional_shift_detected": true
      }
    },
    "functional_shift_results": {
      "32": {
        "shifted_edges": [
          [
            22,
            32
          ]
        ],
        "test_details": {
          "y_node": 32,
          "parents": [
            22
          ],
          "functional_shift_detected": true,
          "p_value_overall": 1.1102230246251565e-16,
          "parent_specific_p_values": {
            "22": 1.1102230246251565e-16
          },
          "coefficients_env1": {
            "Intercept": 1.3759440500900704,
            "bs(x22, df=4, degree=3)[0]": -0.29536822201640933,
            "bs(x22, df=4, degree=3)[1]": -3.154456436825314,
            "bs(x22, df=4, degree=3)[2]": 1.2357487342430384,
            "bs(x22, df=4, degree=3)[3]": -2.8825495931322966
          },
          "coefficients_env2": {
            "Intercept": 1.554263178342415,
            "bs(x22, df=4, degree=3)[0]": -1.882903784050916,
            "bs(x22, df=4, degree=3)[1]": -0.17326758658346048,
            "bs(x22, df=4, degree=3)[2]": 0.03860000365591809,
            "bs(x22, df=4, degree=3)[3]": -3.0808883444400577
          }
        },
        "has_functional_shift": true
      },
      "38": {
        "shifted_edges": [
          [
            2,
            38
          ]
        ],
        "test_details": {
          "y_node": 38,
          "parents": [
            2
          ],
          "functional_shift_detected": true,
          "p_value_overall": 0.000342452544951688,
          "parent_specific_p_values": {
            "2": 0.000342452544951688
          },
          "coefficients_env1": {
            "Intercept": 1.1501474667122464,
            "bs(x2, df=4, degree=3)[0]": -0.06725093719950515,
            "bs(x2, df=4, degree=3)[1]": -2.8594780163629308,
            "bs(x2, df=4, degree=3)[2]": 1.2807409329582726,
            "bs(x2, df=4, degree=3)[3]": -2.169369951844541
          },
          "coefficients_env2": {
            "Intercept": 1.4314408623035082,
            "bs(x2, df=4, degree=3)[0]": 0.04096241906743269,
            "bs(x2, df=4, degree=3)[1]": -2.8517904707871473,
            "bs(x2, df=4, degree=3)[2]": 1.8784112165942153,
            "bs(x2, df=4, degree=3)[3]": -3.0203206488620458
          }
        },
        "has_functional_shift": true
      },
      "41": {
        "shifted_edges": [
          [
            2,
            41
          ]
        ],
        "test_details": {
          "y_node": 41,
          "parents": [
            2
          ],
          "functional_shift_detected": true,
          "p_value_overall": 3.5965401634641125e-07,
          "parent_specific_p_values": {
            "2": 3.5965401634641125e-07
          },
          "coefficients_env1": {
            "Intercept": 1.120630727655223,
            "bs(x2, df=4, degree=3)[0]": 0.11906000527677219,
            "bs(x2, df=4, degree=3)[1]": -2.92546070114879,
            "bs(x2, df=4, degree=3)[2]": 1.3216086505626659,
            "bs(x2, df=4, degree=3)[3]": -2.1282165934296815
          },
          "coefficients_env2": {
            "Intercept": 1.7007556069606,
            "bs(x2, df=4, degree=3)[0]": -0.5019362720561539,
            "bs(x2, df=4, degree=3)[1]": -2.7169304481321146,
            "bs(x2, df=4, degree=3)[2]": 1.2813714788199202,
            "bs(x2, df=4, degree=3)[3]": -3.1719256241086136
          }
        },
        "has_functional_shift": true
      },
      "43": {
        "shifted_edges": [
          [
            39,
            43
          ]
        ],
        "test_details": {
          "y_node": 43,
          "parents": [
            39
          ],
          "functional_shift_detected": true,
          "p_value_overall": 1.7981949262946273e-11,
          "parent_specific_p_values": {
            "39": 1.7981949262946273e-11
          },
          "coefficients_env1": {
            "Intercept": 0.7747290011068046,