{
  "dataset_info": {
    "seed": 321,
    "dataset_index": 10,
    "node_count": 50,
    "edge_count": 50,
    "graph_type": "SF",
    "shifted_nodes": [
      40,
      36,
      16,
      31,
      45,
      7,
      47,
      8,
      21,
      26
    ],
    "shift_types": {
      "40": "noise_std",
      "36": "noise_std",
      "16": "noise_std",
      "31": "noise_std",
      "45": "noise_std",
      "7": "noise_skew",
      "47": "noise_skew",
      "8": "noise_skew",
      "21": "noise_skew",
      "26": "noise_skew"
    },
    "shift_case": "noise_std_noise_skew"
  },
  "model": "iscan",
  "config_name": "SF",
  "dag_structure": "standard",
  "device": "cuda:0",
  "iscan": {
    "detected_shifted_nodes": [],
    "order": [
      0,
      19,
      21,
      7,
      8,
      6,
      1,
      5,
      47,
      18,
      15,
      12,
      4,
      30,
      3,
      28,
      32,
      24,
      23,
      17,
      46,
      49,
      34,
      26,
      9,
      20,
      44,
      10,
      41,
      2,
      33,
      22,
      29,
      42,
      14,
      27,
      25,
      36,
      48,
      43,
      31,
      16,
      11,
      38,
      13,
      37,
      39,
      35,
      45,
      40
    ],
    "ratio_dict": {
      "45": 1.7152786897663104,
      "16": 1.640900029809498,
      "36": 1.5823875887799337,
      "31": 1.5753745052747428,
      "40": 1.5042679632315152,
      "35": 1.3533034245079738,
      "13": 1.2381833660129429,
      "38": 1.2285425703532769,
      "43": 1.1843812280654336,
      "47": 1.1440144585851884,
      "8": 1.1061921514300843,
      "37": 1.0831912122460459,
      "39": 1.0720177596939269,
      "18": 1.0256912010281767,
      "6": 0.9736624758531438,
      "3": 0.9682213725923259,
      "2": 0.9321282477775745,
      "17": 0.9252706523200578,
      "48": 0.9187845181810738,
      "27": 0.9167891036602428,
      "12": 0.9133367071040215,
      "11": 0.8951617156488534,
      "28": 0.8826367157694851,
      "4": 0.8673780489006518,
      "5": 0.8650758167727276,
      "25": 0.8593697751209882,
      "24": 0.8234851074787819,
      "14": 0.8204847656343675,
      "26": 0.8126902177523406,
      "46": 0.8044191160590126,
      "22": 0.8010128040427377,
      "7": 0.8003692448687458,
      "32": 0.7708834904795305,
      "1": 0.7403774709383869,
      "41": 0.735385566641196,
      "29": 0.7314794396809792,
      "9": 0.7294768126219612,
      "15": 0.721770263024447,
      "33": 0.7211324834074059,
      "42": 0.7184956438080433,
      "49": 0.7127839871777546,
      "34": 0.7007362218175276,
      "44": 0.6791463099994747,
      "21": 0.6614028828381807,
      "23": 0.6475222756647651,
      "30": 0.639836374914768,
      "10": 0.6361783748884647,
      "20": 0.6245680462952113,
      "19": 0.5407214627499208
    },
    "y_node_detection": {
      "detected": false,
      "expected": true
    },
    "true_shifted_node_summary": {
      "36": {
        "is_detected_as_shifted": false,
        "has_functional_shift_detected": true
      },
      "7": {
        "is_detected_as_shifted": false,
        "has_functional_shift_detected": true
      },
      "40": {
        "is_detected_as_shifted": false,
        "has_functional_shift_detected": true
      },
      "8": {
        "is_detected_as_shifted": false,
        "has_functional_shift_detected": true
      },
      "45": {
        "is_detected_as_shifted": false,
        "has_functional_shift_detected": true
      },
      "47": {
        "is_detected_as_shifted": false,
        "has_functional_shift_detected": true
      },
      "16": {
        "is_detected_as_shifted": false,
        "has_functional_shift_detected": false
      },
      "21": {
        "is_detected_as_shifted": false,
        "has_functional_shift_detected": true
      },
      "26": {
        "is_detected_as_shifted": false,
        "has_functional_shift_detected": true
      },
      "31": {
        "is_detected_as_shifted": false,
        "has_functional_shift_detected": false
      }
    },
    "functional_shift_results": {
      "36": {
        "shifted_edges": [
          [
            10,
            36
          ]
        ],
        "test_details": {
          "y_node": 36,
          "parents": [
            10
          ],
          "functional_shift_detected": true,
          "p_value_overall": 1.0707376246088529e-05,
          "parent_specific_p_values": {
            "10": 1.0707376246088529e-05
          },
          "coefficients_env1": {
            "Intercept": 2.3259910029411968,
            "bs(x10, df=4, degree=3)[0]": -2.0856911755419345,
            "bs(x10, df=4, degree=3)[1]": -3.0361340300230246,
            "bs(x10, df=4, degree=3)[2]": -0.19772163783801214,
            "bs(x10, df=4, degree=3)[3]": -3.6717683381333024
          },
          "coefficients_env2": {
            "Intercept": 0.44863841774226254,
            "bs(x10, df=4, degree=3)[0]": 1.1275147010524598,
            "bs(x10, df=4, degree=3)[1]": -2.503895762447201,
            "bs(x10, df=4, degree=3)[2]": 2.398796497041181,
            "bs(x10, df=4, degree=3)[3]": -3.4579844372011985
          }
        },
        "has_functional_shift": true
      },
      "7": {
        "shifted_edges": [
          [
            6,
            7
          ]
        ],
        "test_details": {
          "y_node": 7,
          "parents": [
            6
          ],
          "functional_shift_detected": true,
          "p_value_overall": 1.1102230246251565e-16,
          "parent_specific_p_values": {
            "6": 1.1102230246251565e-16
          },
          "coefficients_env1": {
            "Intercept": 1.5166709652205537,
            "bs(x6, df=4, degree=3)[0]": -0.6037210626510541,
            "bs(x6, df=4, degree=3)[1]": -3.1504122955486675,
            "bs(x6, df=4, degree=3)[2]": 1.320219382501575,
            "bs(x6, df=4, degree=3)[3]": -3.830838425916368
          },
          "coefficients_env2": {
            "Intercept": 1.1758567673321934,
            "bs(x6, df=4, degree=3)[0]": 0.5356991571396358,
            "bs(x6, df=4, degree=3)[1]": -2.6473718572708047,
            "bs(x6, df=4, degree=3)[2]": 1.4793660455112874,
            "bs(x6, df=4, degree=3)[3]": -1.4124271638529733
          }
        },
        "has_functional_shift": true
      },
      "40": {
        "shifted_edges": [
          [
            5,
            40
          ]
        ],
        "test_details": {
          "y_node": 40,
          "parents": [
            5
          ],
          "functional_shift_detected": true,
          "p_value_overall": 0.022868484722922355,
          "parent_specific_p_values": {
            "5": 0.022868484722922355
          },
          "coefficients_env1": {
            "Intercept": 0.7734655843487237,
            "bs(x5, df=4, degree=3)[0]": 0.4038368944636417,
            "bs(x5, df=4, degree=3)[1]": -2.6842396174037786,
            "bs(x5, df=4, degree=3)[2]": 2.0463571371084344,
            "bs(x5, df=4, degree=3)[3]": -2.752370984358473
          },
          "coefficients_env2": {
            "Intercept": 1.0931099017121841,
            "bs(x5, df=4, degree=3)[0]": -0.4005608786754861,
            "bs(x5, df=4, degree=3)[1]": -2.581095599231459,
            "bs(x5, df=4, degree=3)[2]": 1.6987693459162043,
            "bs(x5, df=4, degree=3)[3]": -3.6524427531078714
          }
        },
        "has_functional_shift": true
      },
      "8": {
        "shifted_edges": [
          [
            7,
            8
          ]
        ],
        "test_details": {
          "y_node": 8,
          "parents": [
            7
          ],
          "functional_shift_detected": true,
          "p_value_overall": 1.1102230246251565e-16,
          "parent_specific_p_values": {
            "7": 1.1102230246251565e-16
          },
          "coefficients_env1": {
            "Intercept": -0.5795408995735074,
            "bs(x7, df=4, degree=3)[0]": 2.838444354882812,