{
  "dataset_info": {
    "seed": 326,
    "dataset_index": 15,
    "node_count": 50,
    "edge_count": 50,
    "graph_type": "SF",
    "shifted_nodes": [
      42,
      1,
      44,
      46,
      7,
      28,
      25,
      48,
      10,
      18
    ],
    "shift_types": {
      "42": "function",
      "1": "function",
      "44": "function",
      "46": "function",
      "7": "function",
      "28": "function",
      "25": "function",
      "48": "function",
      "10": "function",
      "18": "function"
    },
    "shift_case": "function_function"
  },
  "model": "iscan",
  "config_name": "SF",
  "dag_structure": "standard",
  "device": "cuda:0",
  "iscan": {
    "detected_shifted_nodes": [
      42,
      46,
      47,
      44,
      28,
      40,
      25,
      48
    ],
    "order": [
      0,
      3,
      2,
      33,
      12,
      32,
      10,
      31,
      24,
      15,
      9,
      45,
      7,
      48,
      30,
      4,
      27,
      18,
      17,
      1,
      14,
      38,
      36,
      5,
      20,
      8,
      39,
      13,
      34,
      6,
      35,
      25,
      40,
      19,
      16,
      43,
      22,
      37,
      28,
      41,
      11,
      26,
      21,
      49,
      23,
      44,
      47,
      46,
      29,
      42
    ],
    "ratio_dict": {
      "46": 29.51677833833718,
      "42": 11.348254743707972,
      "28": 6.464823545285849,
      "44": 3.745418356974333,
      "40": 3.2745202839979473,
      "25": 3.18946797055569,
      "48": 3.069280596231616,
      "47": 2.6940221178127524,
      "5": 1.5971728557824079,
      "10": 1.545072656164953,
      "43": 1.139470150062037,
      "39": 1.1326500069457621,
      "20": 1.1040791168935367,
      "15": 1.0611602588082722,
      "30": 1.0414148650798813,
      "31": 1.0380543150197086,
      "18": 1.026124376241354,
      "34": 1.0241713621690416,
      "17": 0.9897462260775572,
      "26": 0.9821479311151378,
      "14": 0.9796276970529555,
      "36": 0.9780598953427642,
      "12": 0.9668013722589052,
      "27": 0.9591505624738715,
      "16": 0.9501772075800842,
      "6": 0.9353352739921694,
      "8": 0.9208830385882423,
      "37": 0.9188374004168847,
      "35": 0.9130236011537106,
      "19": 0.9050997836819583,
      "4": 0.902351111121973,
      "22": 0.8975790513001731,
      "3": 0.8918363594165203,
      "11": 0.8812056130279254,
      "23": 0.8757420985900503,
      "32": 0.8605763800819397,
      "1": 0.856969218857589,
      "13": 0.8567704341945214,
      "38": 0.8476440827319232,
      "49": 0.8435767331429648,
      "21": 0.8188380661883894,
      "41": 0.8008364345960448,
      "7": 0.7924583596278857,
      "9": 0.774735472590342,
      "45": 0.7373579937370969,
      "33": 0.730844146909052,
      "29": 0.727195706145772,
      "24": 0.6962560540855172,
      "2": 0.3956413559891757
    },
    "y_node_detection": {
      "detected": false,
      "expected": true
    },
    "true_shifted_node_summary": {
      "1": {
        "is_detected_as_shifted": false,
        "has_functional_shift_detected": true
      },
      "7": {
        "is_detected_as_shifted": false,
        "has_functional_shift_detected": true
      },
      "42": {
        "is_detected_as_shifted": true,
        "has_functional_shift_detected": true
      },
      "10": {
        "is_detected_as_shifted": false,
        "has_functional_shift_detected": true
      },
      "44": {
        "is_detected_as_shifted": true,
        "has_functional_shift_detected": true
      },
      "46": {
        "is_detected_as_shifted": true,
        "has_functional_shift_detected": true
      },
      "48": {
        "is_detected_as_shifted": true,
        "has_functional_shift_detected": true
      },
      "18": {
        "is_detected_as_shifted": false,
        "has_functional_shift_detected": true
      },
      "25": {
        "is_detected_as_shifted": true,
        "has_functional_shift_detected": true
      },
      "28": {
        "is_detected_as_shifted": true,
        "has_functional_shift_detected": true
      }
    },
    "functional_shift_results": {
      "1": {
        "shifted_edges": [
          [
            0,
            1
          ]
        ],
        "test_details": {
          "y_node": 1,
          "parents": [
            0
          ],
          "functional_shift_detected": true,
          "p_value_overall": 1.1102230246251565e-16,
          "parent_specific_p_values": {
            "0": 1.1102230246251565e-16
          },
          "coefficients_env1": {
            "Intercept": 0.6290069541922895,
            "bs(x0, df=4, degree=3)[0]": 0.5788417810980331,
            "bs(x0, df=4, degree=3)[1]": -1.8896187648544944,
            "bs(x0, df=4, degree=3)[2]": 0.5782105487956006,
            "bs(x0, df=4, degree=3)[3]": -0.05662762801017268
          },
          "coefficients_env2": {
            "Intercept": 11.386985887611267,
            "bs(x0, df=4, degree=3)[0]": -24.37574771341049,
            "bs(x0, df=4, degree=3)[1]": 6.823697067455932,
            "bs(x0, df=4, degree=3)[2]": -19.660855398889456,
            "bs(x0, df=4, degree=3)[3]": 0.2067660963433684
          }
        },
        "has_functional_shift": true
      },
      "7": {
        "shifted_edges": [
          [
            0,
            7
          ]
        ],
        "test_details": {
          "y_node": 7,
          "parents": [
            0
          ],
          "functional_shift_detected": true,
          "p_value_overall": 1.1102230246251565e-16,
          "parent_specific_p_values": {
            "0": 1.1102230246251565e-16
          },
          "coefficients_env1": {
            "Intercept": 1.1967030626858983,
            "bs(x0, df=4, degree=3)[0]": -0.29620607280719646,
            "bs(x0, df=4, degree=3)[1]": -2.1291137271122498,
            "bs(x0, df=4, degree=3)[2]": -0.19100955499364214,
            "bs(x0, df=4, degree=3)[3]": -0.22206776723616628
          },
          "coefficients_env2": {
            "Intercept": 11.546687260712195,
            "bs(x0, df=4, degree=3)[0]": -24.68251871011795,
            "bs(x0, df=4, degree=3)[1]": 6.892606611340476,
            "bs(x0, df=4, degree=3)[2]": -19.905978649046226,
            "bs(x0, df=4, degree=3)[3]": 0.6380656426788263
          }
        },
        "has_functional_shift": true
      },
      "42": {
        "shifted_edges": [
          [
            31,
            42
          ]
        ],
        "test_details": {
          "y_node": 42,
          "parents": [
            31
          ],
          "functional_shift_detected": true,
          "p_value_overall": 1.1102230246251565e-16,
          "parent_specific_p_values": {
            "31": 1.1102230246251565e-16
          },
          "coefficients_env1": {
            "Intercept": 1.7009590483177006,
            "bs(x31, df=4, degree=3)[0]": -1.3041313260095762,
            "bs(x31, df=4, degree=3)[1]": -2.9533223499282872,
            "bs(x31, df=4, degree=3)[2]": 1.1231812735919602,
            "bs(x31, df=4, degree=3)[3]": -4.019951550309356
          },
          "coefficients_env2": {
            "Intercept": 6.390613824829883,
            "bs(x31, df=4, degree=3)[0]": -12.260454233549236,
            "bs(x31, df=4, degree=3)[1]": 0.7753580885673041,
            "bs(x31, df=4, degree=3)[2]": -5.501443819262948,
            "bs(x31, df=4, degree=3)[3]": -3.750846184973584
          }
        },
        "has_functional_shift": true
      },
      "10": {
        "shifted_edges": [
          [
            0,
            10
          ]
        ],
        "test_details": {
          "y_node": 10,
          "parents": [
            0
          ],
          "functional_shift_detected": true,
          "p_value_overall": 1.1102230246251565e-16,
          "parent_specific_p_values": {
            "0": 1.1102230246251565e-16
          },
          "coefficients_env1": {
            "Intercept": 0.8914069338384487,