{
  "dataset_info": {
    "seed": 312,
    "dataset_index": 1,
    "node_count": 50,
    "edge_count": 50,
    "graph_type": "SF",
    "shifted_nodes": [
      44,
      42,
      28,
      10,
      37,
      9,
      16,
      22,
      5,
      48
    ],
    "shift_types": {
      "44": "function",
      "42": "function",
      "28": "function",
      "10": "function",
      "37": "function",
      "9": "noise_std",
      "16": "noise_std",
      "22": "noise_std",
      "5": "noise_std",
      "48": "noise_std"
    },
    "shift_case": "function_noise_std"
  },
  "model": "iscan",
  "config_name": "SF",
  "dag_structure": "standard",
  "device": "cuda:0",
  "iscan": {
    "detected_shifted_nodes": [
      10,
      37,
      42,
      48
    ],
    "order": [
      0,
      1,
      3,
      20,
      12,
      14,
      23,
      4,
      26,
      27,
      7,
      39,
      41,
      2,
      5,
      36,
      31,
      13,
      28,
      18,
      6,
      11,
      17,
      38,
      15,
      46,
      9,
      30,
      21,
      25,
      34,
      45,
      43,
      22,
      19,
      16,
      48,
      24,
      44,
      29,
      35,
      42,
      8,
      32,
      33,
      49,
      37,
      47,
      40,
      10
    ],
    "ratio_dict": {
      "10": 3.783675389466109,
      "48": 3.255459476312716,
      "37": 2.832929754366525,
      "42": 2.1643647608535437,
      "16": 1.5875220732503483,
      "44": 1.574299140970373,
      "5": 1.4227486300449717,
      "9": 1.3044251439125132,
      "1": 1.159699617505303,
      "22": 1.1274293094003065,
      "33": 1.0675057853579741,
      "40": 0.980157151894462,
      "47": 0.9424830349891176,
      "3": 0.9391781744644329,
      "49": 0.9244026443363037,
      "2": 0.9052477666205002,
      "32": 0.9039909908631986,
      "31": 0.885751546995252,
      "29": 0.8695069339891344,
      "13": 0.8531630545646948,
      "28": 0.8122202192967632,
      "27": 0.8059923800997637,
      "24": 0.8030153508141873,
      "30": 0.7945120282438248,
      "43": 0.7906676079336572,
      "25": 0.7871511283036965,
      "6": 0.7853445361231518,
      "8": 0.7755080804628101,
      "36": 0.7648384642167724,
      "41": 0.7644026028902756,
      "35": 0.7589612805484709,
      "12": 0.7432555541914306,
      "11": 0.7412796326364421,
      "26": 0.7389887163211325,
      "19": 0.7239864774051911,
      "18": 0.71071157718703,
      "45": 0.6937989133502324,
      "34": 0.6912621497831736,
      "38": 0.6865612758481444,
      "21": 0.6718628983189131,
      "46": 0.6672099597948594,
      "15": 0.6622892865514864,
      "17": 0.6502685682707264,
      "4": 0.6401327212594284,
      "7": 0.6382503392393527,
      "39": 0.6230831237548001,
      "20": 0.5698124012856958,
      "23": 0.5369120243247237,
      "14": 0.5238004225591506
    },
    "y_node_detection": {
      "detected": false,
      "expected": true
    },
    "true_shifted_node_summary": {
      "37": {
        "is_detected_as_shifted": true,
        "has_functional_shift_detected": true
      },
      "5": {
        "is_detected_as_shifted": false,
        "has_functional_shift_detected": true
      },
      "9": {
        "is_detected_as_shifted": false,
        "has_functional_shift_detected": true
      },
      "42": {
        "is_detected_as_shifted": true,
        "has_functional_shift_detected": true
      },
      "10": {
        "is_detected_as_shifted": true,
        "has_functional_shift_detected": true
      },
      "44": {
        "is_detected_as_shifted": false,
        "has_functional_shift_detected": true
      },
      "16": {
        "is_detected_as_shifted": false,
        "has_functional_shift_detected": false
      },
      "48": {
        "is_detected_as_shifted": true,
        "has_functional_shift_detected": true
      },
      "22": {
        "is_detected_as_shifted": false,
        "has_functional_shift_detected": true
      },
      "28": {
        "is_detected_as_shifted": false,
        "has_functional_shift_detected": true
      }
    },
    "functional_shift_results": {
      "37": {
        "shifted_edges": [
          [
            19,
            37
          ]
        ],
        "test_details": {
          "y_node": 37,
          "parents": [
            19
          ],
          "functional_shift_detected": true,
          "p_value_overall": 1.1102230246251565e-16,
          "parent_specific_p_values": {
            "19": 1.1102230246251565e-16
          },
          "coefficients_env1": {
            "Intercept": 0.5274007280273485,
            "bs(x19, df=4, degree=3)[0]": 0.47683070660818555,
            "bs(x19, df=4, degree=3)[1]": -2.2027825355573993,
            "bs(x19, df=4, degree=3)[2]": 2.0354558855304776,
            "bs(x19, df=4, degree=3)[3]": -1.750021118425799
          },
          "coefficients_env2": {
            "Intercept": 1.8091883642112228,
            "bs(x19, df=4, degree=3)[0]": -8.719872952508979,
            "bs(x19, df=4, degree=3)[1]": 9.354300866811213,
            "bs(x19, df=4, degree=3)[2]": -4.183080779385531,
            "bs(x19, df=4, degree=3)[3]": 5.006765932348031
          }
        },
        "has_functional_shift": true
      },
      "5": {
        "shifted_edges": [
          [
            0,
            5
          ]
        ],
        "test_details": {
          "y_node": 5,
          "parents": [
            0
          ],
          "functional_shift_detected": true,
          "p_value_overall": 0.02528642939628889,
          "parent_specific_p_values": {
            "0": 0.02528642939628889
          },
          "coefficients_env1": {
            "Intercept": 0.9739350280913504,
            "bs(x0, df=4, degree=3)[0]": 0.5701226611889896,
            "bs(x0, df=4, degree=3)[1]": -2.618772099436603,
            "bs(x0, df=4, degree=3)[2]": 0.5593399562436907,
            "bs(x0, df=4, degree=3)[3]": -0.982031575302404
          },
          "coefficients_env2": {
            "Intercept": 0.8763391844334225,
            "bs(x0, df=4, degree=3)[0]": 0.3515700325528598,
            "bs(x0, df=4, degree=3)[1]": -2.244866843629386,
            "bs(x0, df=4, degree=3)[2]": 0.5250409554948066,
            "bs(x0, df=4, degree=3)[3]": 0.10896252258892519
          }
        },
        "has_functional_shift": true
      },
      "9": {
        "shifted_edges": [
          [
            3,
            9
          ]
        ],
        "test_details": {
          "y_node": 9,
          "parents": [
            3
          ],
          "functional_shift_detected": true,
          "p_value_overall": 2.9355591846247364e-08,
          "parent_specific_p_values": {
            "3": 2.9355591846247364e-08
          },
          "coefficients_env1": {
            "Intercept": -1.1658840749973547,
            "bs(x3, df=4, degree=3)[0]": 3.3536368089290867,
            "bs(x3, df=4, degree=3)[1]": -1.2456551106668565,
            "bs(x3, df=4, degree=3)[2]": 3.828410449158699,
            "bs(x3, df=4, degree=3)[3]": -0.4084757094820275
          },
          "coefficients_env2": {
            "Intercept": 1.3954063243051757,
            "bs(x3, df=4, degree=3)[0]": -0.5204094051574799,
            "bs(x3, df=4, degree=3)[1]": -2.90914806181564,
            "bs(x3, df=4, degree=3)[2]": 1.171361829710135,
            "bs(x3, df=4, degree=3)[3]": -3.7651917732406104
          }
        },
        "has_functional_shift": true
      },
      "42": {
        "shifted_edges": [
          [
            26,
            42
          ]
        ],
        "test_details": {
          "y_node": 42,
          "parents": [
            26
          ],
          "functional_shift_detected": true,
          "p_value_overall": 1.1102230246251565e-16,
          "parent_specific_p_values": {
            "26": 1.1102230246251565e-16
          },
          "coefficients_env1": {
            "Intercept": 0.9380987252177573,