{
  "dataset_info": {
    "seed": 315,
    "dataset_index": 4,
    "node_count": 50,
    "edge_count": 50,
    "graph_type": "SF",
    "shifted_nodes": [
      14,
      24,
      40,
      17,
      31,
      6,
      21,
      45,
      48,
      22
    ],
    "shift_types": {
      "14": "noise_std",
      "24": "noise_std",
      "40": "noise_std",
      "17": "noise_std",
      "31": "noise_std",
      "6": "noise_skew",
      "21": "noise_skew",
      "45": "noise_skew",
      "48": "noise_skew",
      "22": "noise_skew"
    },
    "shift_case": "noise_std_noise_skew"
  },
  "model": "iscan",
  "config_name": "SF",
  "dag_structure": "standard",
  "device": "cuda:0",
  "iscan": {
    "detected_shifted_nodes": [],
    "order": [
      0,
      48,
      14,
      45,
      6,
      22,
      4,
      21,
      25,
      11,
      13,
      28,
      32,
      8,
      33,
      12,
      1,
      7,
      30,
      3,
      35,
      20,
      10,
      9,
      19,
      39,
      2,
      24,
      40,
      46,
      38,
      5,
      29,
      42,
      41,
      47,
      16,
      18,
      26,
      15,
      31,
      27,
      17,
      36,
      44,
      34,
      49,
      37,
      23,
      43
    ],
    "ratio_dict": {
      "17": 1.933493004564563,
      "22": 1.660709992686217,
      "21": 1.5957876069461345,
      "31": 1.547608839104032,
      "24": 1.5271307506162415,
      "23": 1.5114933352638553,
      "34": 1.3877252540992566,
      "40": 1.3049670787687897,
      "49": 1.237000330767286,
      "37": 1.2040039938344167,
      "43": 1.152832054572706,
      "48": 1.0922332298510005,
      "36": 1.0723839325992994,
      "27": 1.058483575525164,
      "6": 1.0098800019750667,
      "18": 0.965212900279661,
      "1": 0.9438065668503041,
      "15": 0.9193172125120956,
      "47": 0.9186110868339286,
      "3": 0.9029158686000731,
      "41": 0.8957435154914801,
      "45": 0.8941645128595421,
      "44": 0.8939334188731136,
      "32": 0.873116220779363,
      "12": 0.8595659137911096,
      "30": 0.8463472888221335,
      "29": 0.8335405020794497,
      "35": 0.833173788248269,
      "8": 0.8205732918680834,
      "26": 0.8178900075983566,
      "7": 0.8093357649808666,
      "10": 0.8054835467465655,
      "5": 0.8053701413085189,
      "42": 0.7850063644828258,
      "9": 0.770833747674723,
      "19": 0.7651045499609205,
      "20": 0.7410438137297952,
      "4": 0.7210275508013229,
      "46": 0.7182656302391106,
      "16": 0.716095844189518,
      "33": 0.7089949597031329,
      "38": 0.7047513636695377,
      "39": 0.7039698660439788,
      "28": 0.6787163866722618,
      "13": 0.6654795987939313,
      "11": 0.6481462843156522,
      "2": 0.6397965086951215,
      "25": 0.6250269779642854,
      "14": 0.4629022371312525
    },
    "y_node_detection": {
      "detected": false,
      "expected": true
    },
    "true_shifted_node_summary": {
      "6": {
        "is_detected_as_shifted": false,
        "has_functional_shift_detected": true
      },
      "40": {
        "is_detected_as_shifted": false,
        "has_functional_shift_detected": true
      },
      "45": {
        "is_detected_as_shifted": false,
        "has_functional_shift_detected": true
      },
      "14": {
        "is_detected_as_shifted": false,
        "has_functional_shift_detected": true
      },
      "48": {
        "is_detected_as_shifted": false,
        "has_functional_shift_detected": true
      },
      "17": {
        "is_detected_as_shifted": false,
        "has_functional_shift_detected": false
      },
      "21": {
        "is_detected_as_shifted": false,
        "has_functional_shift_detected": true
      },
      "22": {
        "is_detected_as_shifted": false,
        "has_functional_shift_detected": true
      },
      "24": {
        "is_detected_as_shifted": false,
        "has_functional_shift_detected": false
      },
      "31": {
        "is_detected_as_shifted": false,
        "has_functional_shift_detected": true
      }
    },
    "functional_shift_results": {
      "6": {
        "shifted_edges": [
          [
            0,
            6
          ]
        ],
        "test_details": {
          "y_node": 6,
          "parents": [
            0
          ],
          "functional_shift_detected": true,
          "p_value_overall": 0.0006863433851315159,
          "parent_specific_p_values": {
            "0": 0.0006863433851315159
          },
          "coefficients_env1": {
            "Intercept": 0.9281730259924406,
            "bs(x0, df=4, degree=3)[0]": -0.03640249526252537,
            "bs(x0, df=4, degree=3)[1]": -1.9942619963520225,
            "bs(x0, df=4, degree=3)[2]": 0.08850239421028012,
            "bs(x0, df=4, degree=3)[3]": 0.08279822904261525
          },
          "coefficients_env2": {
            "Intercept": 1.0610700463706069,
            "bs(x0, df=4, degree=3)[0]": 0.7001694759414607,
            "bs(x0, df=4, degree=3)[1]": -1.85858789937609,
            "bs(x0, df=4, degree=3)[2]": 0.3222481021325436,
            "bs(x0, df=4, degree=3)[3]": 0.39920530338174215
          }
        },
        "has_functional_shift": true
      },
      "40": {
        "shifted_edges": [
          [
            0,
            40
          ]
        ],
        "test_details": {
          "y_node": 40,
          "parents": [
            0
          ],
          "functional_shift_detected": true,
          "p_value_overall": 0.0017995396675201114,
          "parent_specific_p_values": {
            "0": 0.0017995396675201114
          },
          "coefficients_env1": {
            "Intercept": 0.8263975585716296,
            "bs(x0, df=4, degree=3)[0]": 0.0490852618670552,
            "bs(x0, df=4, degree=3)[1]": -1.7794245827480188,
            "bs(x0, df=4, degree=3)[2]": 0.1234075994808237,
            "bs(x0, df=4, degree=3)[3]": 0.22865446880824836
          },
          "coefficients_env2": {
            "Intercept": 0.8304656206027472,
            "bs(x0, df=4, degree=3)[0]": 0.834979181146154,
            "bs(x0, df=4, degree=3)[1]": -2.3482757600077835,
            "bs(x0, df=4, degree=3)[2]": 0.3559371320199386,
            "bs(x0, df=4, degree=3)[3]": -0.009392040718710984
          }
        },
        "has_functional_shift": true
      },
      "45": {
        "shifted_edges": [
          [
            14,
            45
          ]
        ],
        "test_details": {
          "y_node": 45,
          "parents": [
            14
          ],
          "functional_shift_detected": true,
          "p_value_overall": 2.434545232077312e-09,
          "parent_specific_p_values": {
            "14": 2.434545232077312e-09
          },
          "coefficients_env1": {
            "Intercept": 1.018751953183958,
            "bs(x14, df=4, degree=3)[0]": -0.36137568052686764,
            "bs(x14, df=4, degree=3)[1]": -2.4465171905304746,
            "bs(x14, df=4, degree=3)[2]": 1.345144376230732,
            "bs(x14, df=4, degree=3)[3]": -1.6716780607734139
          },
          "coefficients_env2": {
            "Intercept": 1.3801232971853907,
            "bs(x14, df=4, degree=3)[0]": -0.2521261587743514,
            "bs(x14, df=4, degree=3)[1]": -2.0782950046607076,
            "bs(x14, df=4, degree=3)[2]": 1.452051685316572,
            "bs(x14, df=4, degree=3)[3]": -3.1619559679470837
          }
        },
        "has_functional_shift": true
      },
      "14": {
        "shifted_edges": [
          [
            4,
            14
          ]
        ],
        "test_details": {
          "y_node": 14,
          "parents": [
            4
          ],
          "functional_shift_detected": true,
          "p_value_overall": 8.01864684628617e-05,
          "parent_specific_p_values": {
            "4": 8.01864684628617e-05
          },
          "coefficients_env1": {
            "Intercept": 1.2626812558730443,
            "bs(x4, df=4, degree=3)[0]": -0.2330118549049771,