{
  "dataset_info": {
    "seed": 99,
    "dataset_index": 28,
    "node_count": 10,
    "edge_count": 10,
    "graph_type": "SF",
    "shifted_nodes": [
      5,
      8
    ],
    "shift_types": {
      "5": "noise_std",
      "8": "noise_skew"
    },
    "shift_case": "noise_std_noise_skew"
  },
  "model": "iscan",
  "config_name": "SF",
  "dag_structure": "standard",
  "device": "cuda:0",
  "iscan": {
    "detected_shifted_nodes": [
      8
    ],
    "order": [
      1,
      8,
      0,
      2,
      7,
      3,
      5,
      9,
      4,
      6
    ],
    "ratio_dict": {
      "8": 3.0646954551979992,
      "5": 0.9580181063378674,
      "6": 0.7113563850263884,
      "9": 0.7018651040608826,
      "7": 0.6936319747212737,
      "0": 0.661416422099246,
      "3": 0.6539497247709423,
      "4": 0.6506844084846182,
      "2": 0.6332675221612142
    },
    "y_node_detection": {
      "detected": false,
      "expected": true
    },
    "true_shifted_node_summary": {
      "8": {
        "is_detected_as_shifted": true,
        "has_functional_shift_detected": false
      },
      "5": {
        "is_detected_as_shifted": false,
        "has_functional_shift_detected": true
      }
    },
    "functional_shift_results": {
      "8": {
        "shifted_edges": [],
        "test_details": {
          "y_node": 8,
          "parents": [
            1
          ],
          "functional_shift_detected": false,
          "p_value_overall": 0.058536443050231646,
          "parent_specific_p_values": {},
          "coefficients_env1": {
            "Intercept": 1.1059247549291598,
            "bs(x1, df=4, degree=3)[0]": 0.09951024308203016,
            "bs(x1, df=4, degree=3)[1]": -2.9440203497832855,
            "bs(x1, df=4, degree=3)[2]": 1.344540567427222,
            "bs(x1, df=4, degree=3)[3]": -1.891725878352301
          },
          "coefficients_env2": {
            "Intercept": 1.0784745948286527,
            "bs(x1, df=4, degree=3)[0]": 0.5931472891583361,
            "bs(x1, df=4, degree=3)[1]": -2.6505130776869663,
            "bs(x1, df=4, degree=3)[2]": 2.00375032282846,
            "bs(x1, df=4, degree=3)[3]": -2.2573395410657313
          }
        },
        "has_functional_shift": false
      },
      "5": {
        "shifted_edges": [
          [
            0,
            5
          ]
        ],
        "test_details": {
          "y_node": 5,
          "parents": [
            0
          ],
          "functional_shift_detected": true,
          "p_value_overall": 0.0004718569425479213,
          "parent_specific_p_values": {
            "0": 0.0004718569425479213
          },
          "coefficients_env1": {
            "Intercept": -0.053471116642631766,
            "bs(x0, df=4, degree=3)[0]": 1.858750577454411,
            "bs(x0, df=4, degree=3)[1]": -1.9310063178916792,
            "bs(x0, df=4, degree=3)[2]": 2.143494932250671,
            "bs(x0, df=4, degree=3)[3]": -0.46957543313225547
          },
          "coefficients_env2": {
            "Intercept": 0.5162573121457884,
            "bs(x0, df=4, degree=3)[0]": 1.0815921191280795,
            "bs(x0, df=4, degree=3)[1]": -1.9749611053120801,
            "bs(x0, df=4, degree=3)[2]": 0.7784897811185857,
            "bs(x0, df=4, degree=3)[3]": 0.08825169992028509
          }
        },
        "has_functional_shift": true
      }
    },
    "all_shifted_edges": [
      [
        0,
        5
      ]
    ]
  }
}