{
  "dataset_info": {
    "seed": 85,
    "dataset_index": 14,
    "node_count": 10,
    "edge_count": 10,
    "graph_type": "SF",
    "shifted_nodes": [
      9,
      3
    ],
    "shift_types": {
      "9": "function",
      "3": "noise_skew"
    },
    "shift_case": "function_noise_skew"
  },
  "model": "iscan",
  "config_name": "SF",
  "dag_structure": "standard",
  "device": "cuda:0",
  "iscan": {
    "detected_shifted_nodes": [],
    "order": [
      0,
      1,
      3,
      2,
      6,
      4,
      5,
      7,
      9,
      8
    ],
    "ratio_dict": {
      "1": 1.5547071349635562,
      "2": 0.8397505659349281,
      "3": 0.80917257449913,
      "9": 0.7802305002124613,
      "5": 0.7264545557514498,
      "7": 0.618589545562617,
      "6": 0.6155463525755372,
      "4": 0.5387685661765506,
      "8": 0.5211998223103534
    },
    "y_node_detection": {
      "detected": false,
      "expected": true
    },
    "true_shifted_node_summary": {
      "9": {
        "is_detected_as_shifted": false,
        "has_functional_shift_detected": true
      },
      "3": {
        "is_detected_as_shifted": false,
        "has_functional_shift_detected": true
      }
    },
    "functional_shift_results": {
      "9": {
        "shifted_edges": [
          [
            7,
            9
          ]
        ],
        "test_details": {
          "y_node": 9,
          "parents": [
            7
          ],
          "functional_shift_detected": true,
          "p_value_overall": 1.1102230246251565e-16,
          "parent_specific_p_values": {
            "7": 1.1102230246251565e-16
          },
          "coefficients_env1": {
            "Intercept": 0.8432334496199096,
            "bs(x7, df=4, degree=3)[0]": 0.09718440805229552,
            "bs(x7, df=4, degree=3)[1]": -2.233935043949112,
            "bs(x7, df=4, degree=3)[2]": 1.1447665548036645,
            "bs(x7, df=4, degree=3)[3]": -1.0285277147546448
          },
          "coefficients_env2": {
            "Intercept": -2.0715337510024625,
            "bs(x7, df=4, degree=3)[0]": -1.4312902587906546,
            "bs(x7, df=4, degree=3)[1]": 11.31631495006437,
            "bs(x7, df=4, degree=3)[2]": 0.14842310324788732,
            "bs(x7, df=4, degree=3)[3]": 6.003655973318576
          }
        },
        "has_functional_shift": true
      },
      "3": {
        "shifted_edges": [
          [
            1,
            3
          ]
        ],
        "test_details": {
          "y_node": 3,
          "parents": [
            1
          ],
          "functional_shift_detected": true,
          "p_value_overall": 4.9960036108132044e-14,
          "parent_specific_p_values": {
            "1": 4.9960036108132044e-14
          },
          "coefficients_env1": {
            "Intercept": 1.6725928080924355,
            "bs(x1, df=4, degree=3)[0]": -1.1382834333677776,
            "bs(x1, df=4, degree=3)[1]": -2.8126165090477784,
            "bs(x1, df=4, degree=3)[2]": 0.7978159273303245,
            "bs(x1, df=4, degree=3)[3]": -3.3658790649917916
          },
          "coefficients_env2": {
            "Intercept": 1.2436998771941308,
            "bs(x1, df=4, degree=3)[0]": 0.16079276906983603,
            "bs(x1, df=4, degree=3)[1]": -2.3581099160013452,
            "bs(x1, df=4, degree=3)[2]": 1.0739158691795883,
            "bs(x1, df=4, degree=3)[3]": -0.8558368495841473
          }
        },
        "has_functional_shift": true
      }
    },
    "all_shifted_edges": [
      [
        7,
        9
      ],
      [
        1,
        3
      ]
    ]
  }
}