{
  "dataset_info": {
    "seed": 89,
    "dataset_index": 18,
    "node_count": 10,
    "edge_count": 10,
    "graph_type": "SF",
    "shifted_nodes": [
      8,
      1
    ],
    "shift_types": {
      "8": "noise_skew",
      "1": "noise_skew"
    },
    "shift_case": "noise_skew_noise_skew"
  },
  "model": "iscan",
  "config_name": "SF",
  "dag_structure": "standard",
  "device": "cuda:0",
  "iscan": {
    "detected_shifted_nodes": [],
    "order": [
      0,
      1,
      2,
      8,
      7,
      3,
      4,
      6,
      9,
      5
    ],
    "ratio_dict": {
      "1": 1.9129841553389308,
      "8": 1.4175450932022977,
      "4": 0.820937385774911,
      "6": 0.7346924131473135,
      "5": 0.7276823482999867,
      "3": 0.7057074218368139,
      "9": 0.6572392232871548,
      "2": 0.562124685646153,
      "7": 0.504524019387025
    },
    "y_node_detection": {
      "detected": false,
      "expected": true
    },
    "true_shifted_node_summary": {
      "8": {
        "is_detected_as_shifted": false,
        "has_functional_shift_detected": true
      },
      "1": {
        "is_detected_as_shifted": false,
        "has_functional_shift_detected": false
      }
    },
    "functional_shift_results": {
      "8": {
        "shifted_edges": [
          [
            2,
            8
          ]
        ],
        "test_details": {
          "y_node": 8,
          "parents": [
            2
          ],
          "functional_shift_detected": true,
          "p_value_overall": 1.1736259331041055e-06,
          "parent_specific_p_values": {
            "2": 1.1736259331041055e-06
          },
          "coefficients_env1": {
            "Intercept": 0.9908445218039847,
            "bs(x2, df=4, degree=3)[0]": 0.7242789092530282,
            "bs(x2, df=4, degree=3)[1]": -3.368966359617267,
            "bs(x2, df=4, degree=3)[2]": 1.981726004697645,
            "bs(x2, df=4, degree=3)[3]": -3.1886056476420856
          },
          "coefficients_env2": {
            "Intercept": 1.3384543394544832,
            "bs(x2, df=4, degree=3)[0]": 0.07175749877205012,
            "bs(x2, df=4, degree=3)[1]": -2.667306297345055,
            "bs(x2, df=4, degree=3)[2]": 1.7707931261283807,
            "bs(x2, df=4, degree=3)[3]": -2.7453463256075192
          }
        },
        "has_functional_shift": true
      },
      "1": {
        "shifted_edges": [],
        "test_details": {
          "y_node": 1,
          "parents": [
            0
          ],
          "functional_shift_detected": false,
          "p_value_overall": 0.24127668000570157,
          "parent_specific_p_values": {},
          "coefficients_env1": {
            "Intercept": 0.7633768965468657,
            "bs(x0, df=4, degree=3)[0]": 0.6012214699267302,
            "bs(x0, df=4, degree=3)[1]": -2.2575450166684616,
            "bs(x0, df=4, degree=3)[2]": 0.8158970614208461,
            "bs(x0, df=4, degree=3)[3]": -0.5726233402234508
          },
          "coefficients_env2": {
            "Intercept": 1.1485747025047286,
            "bs(x0, df=4, degree=3)[0]": 0.7744685597119936,
            "bs(x0, df=4, degree=3)[1]": -2.566312209536699,
            "bs(x0, df=4, degree=3)[2]": 1.0768778965546324,
            "bs(x0, df=4, degree=3)[3]": -0.43569458716351894
          }
        },
        "has_functional_shift": false
      }
    },
    "all_shifted_edges": [
      [
        2,
        8
      ]
    ]
  }
}