{
  "dataset_info": {
    "seed": 91,
    "dataset_index": 20,
    "node_count": 10,
    "edge_count": 10,
    "graph_type": "SF",
    "shifted_nodes": [
      4,
      1
    ],
    "shift_types": {
      "4": "function",
      "1": "noise_skew"
    },
    "shift_case": "function_noise_skew"
  },
  "model": "iscan",
  "config_name": "SF",
  "dag_structure": "standard",
  "device": "cuda:0",
  "iscan": {
    "detected_shifted_nodes": [],
    "order": [
      0,
      2,
      1,
      5,
      3,
      9,
      8,
      7,
      6,
      4
    ],
    "ratio_dict": {
      "1": 1.0656136680886352,
      "4": 1.064814985853975,
      "7": 0.7179201489959255,
      "6": 0.6692079720395442,
      "8": 0.6565835109461744,
      "3": 0.5920417863416533,
      "2": 0.5748460540768554,
      "9": 0.5551618908612191,
      "5": 0.45956093093751516
    },
    "y_node_detection": {
      "detected": false,
      "expected": true
    },
    "true_shifted_node_summary": {
      "1": {
        "is_detected_as_shifted": false,
        "has_functional_shift_detected": true
      },
      "4": {
        "is_detected_as_shifted": false,
        "has_functional_shift_detected": true
      }
    },
    "functional_shift_results": {
      "1": {
        "shifted_edges": [
          [
            0,
            1
          ]
        ],
        "test_details": {
          "y_node": 1,
          "parents": [
            0
          ],
          "functional_shift_detected": true,
          "p_value_overall": 0.00020598789386416794,
          "parent_specific_p_values": {
            "0": 0.00020598789386416794
          },
          "coefficients_env1": {
            "Intercept": 1.1393340673851733,
            "bs(x0, df=4, degree=3)[0]": -0.18019435081943447,
            "bs(x0, df=4, degree=3)[1]": -2.367270956547063,
            "bs(x0, df=4, degree=3)[2]": 0.32577938754317826,
            "bs(x0, df=4, degree=3)[3]": -0.35734342258995067
          },
          "coefficients_env2": {
            "Intercept": 1.433662740562942,
            "bs(x0, df=4, degree=3)[0]": 0.12722484009691415,
            "bs(x0, df=4, degree=3)[1]": -2.2551798575060196,
            "bs(x0, df=4, degree=3)[2]": 0.09725076361434004,
            "bs(x0, df=4, degree=3)[3]": -0.21246987665072303
          }
        },
        "has_functional_shift": true
      },
      "4": {
        "shifted_edges": [
          [
            2,
            4
          ]
        ],
        "test_details": {
          "y_node": 4,
          "parents": [
            2
          ],
          "functional_shift_detected": true,
          "p_value_overall": 1.1102230246251565e-16,
          "parent_specific_p_values": {
            "2": 1.1102230246251565e-16
          },
          "coefficients_env1": {
            "Intercept": 0.7778541424476518,
            "bs(x2, df=4, degree=3)[0]": 0.035155105007131315,
            "bs(x2, df=4, degree=3)[1]": -2.1674896287865355,
            "bs(x2, df=4, degree=3)[2]": 1.5712851274896267,
            "bs(x2, df=4, degree=3)[3]": -1.813952208372689
          },
          "coefficients_env2": {
            "Intercept": 0.3065037784878646,
            "bs(x2, df=4, degree=3)[0]": -5.463859262712308,
            "bs(x2, df=4, degree=3)[1]": 9.88621454375858,
            "bs(x2, df=4, degree=3)[2]": -2.624894652977959,
            "bs(x2, df=4, degree=3)[3]": 3.4450404259067398
          }
        },
        "has_functional_shift": true
      }
    },
    "all_shifted_edges": [
      [
        0,
        1
      ],
      [
        2,
        4
      ]
    ]
  }
}