{
  "dataset_info": {
    "seed": 160,
    "dataset_index": 29,
    "node_count": 20,
    "edge_count": 20,
    "graph_type": "SF",
    "shifted_nodes": [
      10,
      5,
      11,
      6
    ],
    "shift_types": {
      "10": "noise_std",
      "5": "noise_std",
      "11": "noise_std",
      "6": "noise_std"
    },
    "shift_case": "noise_std_noise_std"
  },
  "model": "iscan",
  "config_name": "SF",
  "dag_structure": "standard",
  "device": "cuda:0",
  "iscan": {
    "detected_shifted_nodes": [],
    "order": [
      0,
      15,
      14,
      13,
      3,
      11,
      2,
      1,
      7,
      5,
      18,
      4,
      17,
      12,
      16,
      6,
      19,
      9,
      8,
      10
    ],
    "ratio_dict": {
      "10": 1.5652338501073473,
      "11": 1.5643465267016712,
      "6": 1.3521691085562872,
      "9": 1.123769268394323,
      "5": 1.1016106646009467,
      "19": 1.022137941247546,
      "16": 0.9603444010571406,
      "15": 0.9299398334967448,
      "13": 0.8694271410671869,
      "14": 0.848658536134568,
      "8": 0.8321243827153548,
      "4": 0.8259691801663838,
      "7": 0.731652111963717,
      "12": 0.7235699237720356,
      "18": 0.7214054113989204,
      "17": 0.7019183653032126,
      "1": 0.6880693655226972,
      "2": 0.624342764919005,
      "3": 0.5461272513210725
    },
    "y_node_detection": {
      "detected": false,
      "expected": true
    },
    "true_shifted_node_summary": {
      "10": {
        "is_detected_as_shifted": false,
        "has_functional_shift_detected": true
      },
      "11": {
        "is_detected_as_shifted": false,
        "has_functional_shift_detected": true
      },
      "5": {
        "is_detected_as_shifted": false,
        "has_functional_shift_detected": true
      },
      "6": {
        "is_detected_as_shifted": false,
        "has_functional_shift_detected": false
      }
    },
    "functional_shift_results": {
      "10": {
        "shifted_edges": [
          [
            6,
            10
          ]
        ],
        "test_details": {
          "y_node": 10,
          "parents": [
            6
          ],
          "functional_shift_detected": true,
          "p_value_overall": 3.1134531850551816e-05,
          "parent_specific_p_values": {
            "6": 3.1134531850551816e-05
          },
          "coefficients_env1": {
            "Intercept": 0.5154006283168558,
            "bs(x6, df=4, degree=3)[0]": 0.48652108790487864,
            "bs(x6, df=4, degree=3)[1]": -2.139457518699694,
            "bs(x6, df=4, degree=3)[2]": 1.7433400364466922,
            "bs(x6, df=4, degree=3)[3]": -1.097343093635409
          },
          "coefficients_env2": {
            "Intercept": 0.18093304691980905,
            "bs(x6, df=4, degree=3)[0]": 1.2878479376813683,
            "bs(x6, df=4, degree=3)[1]": -1.7822614029099815,
            "bs(x6, df=4, degree=3)[2]": 2.3000885411257155,
            "bs(x6, df=4, degree=3)[3]": -2.2066726861325314
          }
        },
        "has_functional_shift": true
      },
      "11": {
        "shifted_edges": [
          [
            3,
            11
          ]
        ],
        "test_details": {
          "y_node": 11,
          "parents": [
            3
          ],
          "functional_shift_detected": true,
          "p_value_overall": 9.917309520723894e-05,
          "parent_specific_p_values": {
            "3": 9.917309520723894e-05
          },
          "coefficients_env1": {
            "Intercept": 0.9901481527417333,
            "bs(x3, df=4, degree=3)[0]": 0.2170587898100126,
            "bs(x3, df=4, degree=3)[1]": -2.870719983769101,
            "bs(x3, df=4, degree=3)[2]": 1.6882402843356332,
            "bs(x3, df=4, degree=3)[3]": -2.5507627274668363
          },
          "coefficients_env2": {
            "Intercept": 0.6390557569222677,
            "bs(x3, df=4, degree=3)[0]": 0.12120316234055675,
            "bs(x3, df=4, degree=3)[1]": -1.8864622662980601,
            "bs(x3, df=4, degree=3)[2]": 1.332147567925126,
            "bs(x3, df=4, degree=3)[3]": -0.41955641013790074
          }
        },
        "has_functional_shift": true
      },
      "5": {
        "shifted_edges": [
          [
            2,
            5
          ]
        ],
        "test_details": {
          "y_node": 5,
          "parents": [
            2
          ],
          "functional_shift_detected": true,
          "p_value_overall": 0.04207944412320341,
          "parent_specific_p_values": {
            "2": 0.04207944412320341
          },
          "coefficients_env1": {
            "Intercept": 1.4434596157794846,
            "bs(x2, df=4, degree=3)[0]": -0.6331261397638203,
            "bs(x2, df=4, degree=3)[1]": -2.878937271899675,
            "bs(x2, df=4, degree=3)[2]": 0.8171717089470723,
            "bs(x2, df=4, degree=3)[3]": -2.626669690496735
          },
          "coefficients_env2": {
            "Intercept": 0.15580120684549312,
            "bs(x2, df=4, degree=3)[0]": 1.4065190754733898,
            "bs(x2, df=4, degree=3)[1]": -2.3062541245642896,
            "bs(x2, df=4, degree=3)[2]": 2.654874668902288,
            "bs(x2, df=4, degree=3)[3]": -1.5098704912643506
          }
        },
        "has_functional_shift": true
      },
      "6": {
        "shifted_edges": [],
        "test_details": {
          "y_node": 6,
          "parents": [
            3
          ],
          "functional_shift_detected": false,
          "p_value_overall": 0.15978683499868862,
          "parent_specific_p_values": {},
          "coefficients_env1": {
            "Intercept": 1.4098527849457811,
            "bs(x3, df=4, degree=3)[0]": -0.5614136832917594,
            "bs(x3, df=4, degree=3)[1]": -2.8390240961107223,
            "bs(x3, df=4, degree=3)[2]": 0.8368644745696077,
            "bs(x3, df=4, degree=3)[3]": -2.263682725223571
          },
          "coefficients_env2": {
            "Intercept": 0.9602597622255633,
            "bs(x3, df=4, degree=3)[0]": 0.39118552780595583,
            "bs(x3, df=4, degree=3)[1]": -3.0480976862872877,
            "bs(x3, df=4, degree=3)[2]": 1.720487816043398,
            "bs(x3, df=4, degree=3)[3]": -1.8771789425296392
          }
        },
        "has_functional_shift": false
      }
    },
    "all_shifted_edges": [
      [
        6,
        10
      ],
      [
        3,
        11
      ],
      [
        2,
        5
      ]
    ]
  }
}