{
  "dataset_info": {
    "seed": 144,
    "dataset_index": 13,
    "node_count": 20,
    "edge_count": 20,
    "graph_type": "SF",
    "shifted_nodes": [
      10,
      19,
      16,
      5
    ],
    "shift_types": {
      "10": "function",
      "19": "function",
      "16": "noise_std",
      "5": "noise_std"
    },
    "shift_case": "function_noise_std"
  },
  "model": "iscan",
  "config_name": "SF",
  "dag_structure": "standard",
  "device": "cuda:0",
  "iscan": {
    "detected_shifted_nodes": [],
    "order": [
      0,
      1,
      11,
      3,
      8,
      12,
      7,
      5,
      4,
      18,
      17,
      14,
      2,
      13,
      6,
      9,
      16,
      19,
      15,
      10
    ],
    "ratio_dict": {
      "16": 1.1335783478238488,
      "10": 1.0756678652409908,
      "5": 0.9604982148696327,
      "19": 0.8692131349623011,
      "6": 0.8539142053653532,
      "9": 0.839549601690929,
      "13": 0.8083405568644912,
      "7": 0.7787823052030769,
      "18": 0.7700149328168668,
      "2": 0.7551919585301247,
      "4": 0.7319036762782198,
      "15": 0.7268729325544672,
      "14": 0.7234680492655148,
      "11": 0.6891323354116299,
      "17": 0.6779641745566858,
      "12": 0.6621599389641164,
      "3": 0.6570268662790246,
      "8": 0.6254069138027127,
      "1": 0.5066626749531183
    },
    "y_node_detection": {
      "detected": false,
      "expected": true
    },
    "true_shifted_node_summary": {
      "16": {
        "is_detected_as_shifted": false,
        "has_functional_shift_detected": true
      },
      "10": {
        "is_detected_as_shifted": false,
        "has_functional_shift_detected": true
      },
      "19": {
        "is_detected_as_shifted": false,
        "has_functional_shift_detected": true
      },
      "5": {
        "is_detected_as_shifted": false,
        "has_functional_shift_detected": true
      }
    },
    "functional_shift_results": {
      "16": {
        "shifted_edges": [
          [
            3,
            16
          ]
        ],
        "test_details": {
          "y_node": 16,
          "parents": [
            3
          ],
          "functional_shift_detected": true,
          "p_value_overall": 0.0014266978518593376,
          "parent_specific_p_values": {
            "3": 0.0014266978518593376
          },
          "coefficients_env1": {
            "Intercept": 0.36326796457910526,
            "bs(x3, df=4, degree=3)[0]": 1.1199495733844236,
            "bs(x3, df=4, degree=3)[1]": -2.4272246044142047,
            "bs(x3, df=4, degree=3)[2]": 2.5701644611294734,
            "bs(x3, df=4, degree=3)[3]": -2.4577627310935597
          },
          "coefficients_env2": {
            "Intercept": 1.1601288898531794,
            "bs(x3, df=4, degree=3)[0]": -0.437874159659085,
            "bs(x3, df=4, degree=3)[1]": -2.651353767192493,
            "bs(x3, df=4, degree=3)[2]": 1.6596538351615542,
            "bs(x3, df=4, degree=3)[3]": -3.438443669595125
          }
        },
        "has_functional_shift": true
      },
      "10": {
        "shifted_edges": [
          [
            3,
            10
          ]
        ],
        "test_details": {
          "y_node": 10,
          "parents": [
            3
          ],
          "functional_shift_detected": true,
          "p_value_overall": 1.1102230246251565e-16,
          "parent_specific_p_values": {
            "3": 1.1102230246251565e-16
          },
          "coefficients_env1": {
            "Intercept": 0.7566183492048182,
            "bs(x3, df=4, degree=3)[0]": 0.631149701494389,
            "bs(x3, df=4, degree=3)[1]": -2.798868761656343,
            "bs(x3, df=4, degree=3)[2]": 2.3358872400850403,
            "bs(x3, df=4, degree=3)[3]": -3.0454116010714136
          },
          "coefficients_env2": {
            "Intercept": -1.3347984202004834,
            "bs(x3, df=4, degree=3)[0]": -1.9827090779747691,
            "bs(x3, df=4, degree=3)[1]": 11.386309336083375,
            "bs(x3, df=4, degree=3)[2]": -2.125291874525727,
            "bs(x3, df=4, degree=3)[3]": 6.535103206516698
          }
        },
        "has_functional_shift": true
      },
      "19": {
        "shifted_edges": [
          [
            4,
            19
          ]
        ],
        "test_details": {
          "y_node": 19,
          "parents": [
            4
          ],
          "functional_shift_detected": true,
          "p_value_overall": 1.1102230246251565e-16,
          "parent_specific_p_values": {
            "4": 1.1102230246251565e-16
          },
          "coefficients_env1": {
            "Intercept": 0.07708394587449206,
            "bs(x4, df=4, degree=3)[0]": 1.7033943338736426,
            "bs(x4, df=4, degree=3)[1]": -2.141093798713399,
            "bs(x4, df=4, degree=3)[2]": 2.449160881705626,
            "bs(x4, df=4, degree=3)[3]": -1.3748399470058197
          },
          "coefficients_env2": {
            "Intercept": -0.002685710218344184,
            "bs(x4, df=4, degree=3)[0]": -5.603755551039365,
            "bs(x4, df=4, degree=3)[1]": 10.860768389051888,
            "bs(x4, df=4, degree=3)[2]": -3.3287618636548735,
            "bs(x4, df=4, degree=3)[3]": 7.562121136195775
          }
        },
        "has_functional_shift": true
      },
      "5": {
        "shifted_edges": [
          [
            3,
            5
          ]
        ],
        "test_details": {
          "y_node": 5,
          "parents": [
            3
          ],
          "functional_shift_detected": true,
          "p_value_overall": 0.017334951190728143,
          "parent_specific_p_values": {
            "3": 0.017334951190728143
          },
          "coefficients_env1": {
            "Intercept": 1.1271589386033254,
            "bs(x3, df=4, degree=3)[0]": 0.19720570915923202,
            "bs(x3, df=4, degree=3)[1]": -3.1142408216598865,
            "bs(x3, df=4, degree=3)[2]": 1.8374838888949445,
            "bs(x3, df=4, degree=3)[3]": -3.3894140947336338
          },
          "coefficients_env2": {
            "Intercept": 1.254669372708385,
            "bs(x3, df=4, degree=3)[0]": -0.5795937019879598,
            "bs(x3, df=4, degree=3)[1]": -2.5522206405133003,
            "bs(x3, df=4, degree=3)[2]": 1.2726768668782324,
            "bs(x3, df=4, degree=3)[3]": -3.2687621963735873
          }
        },
        "has_functional_shift": true
      }
    },
    "all_shifted_edges": [
      [
        3,
        16
      ],
      [
        3,
        10
      ],
      [
        4,
        19
      ],
      [
        3,
        5
      ]
    ]
  }
}