{
  "dataset_info": {
    "seed": 133,
    "dataset_index": 2,
    "node_count": 20,
    "edge_count": 20,
    "graph_type": "SF",
    "shifted_nodes": [
      4,
      12,
      17,
      8
    ],
    "shift_types": {
      "4": "function",
      "12": "function",
      "17": "noise_skew",
      "8": "noise_skew"
    },
    "shift_case": "function_noise_skew"
  },
  "model": "iscan",
  "config_name": "SF",
  "dag_structure": "standard",
  "device": "cuda:0",
  "iscan": {
    "detected_shifted_nodes": [
      12
    ],
    "order": [
      3,
      8,
      1,
      17,
      6,
      0,
      2,
      18,
      7,
      14,
      5,
      16,
      9,
      10,
      19,
      15,
      11,
      4,
      13,
      12
    ],
    "ratio_dict": {
      "12": 2.0155977939540977,
      "17": 1.2365055824821218,
      "1": 1.152183044889559,
      "6": 0.9937822330352815,
      "19": 0.9766304765792705,
      "8": 0.941025949609154,
      "11": 0.9306590659765246,
      "9": 0.8536933805893662,
      "0": 0.8428169921109674,
      "15": 0.8254313671588125,
      "14": 0.7840260270028707,
      "4": 0.7473569375291572,
      "2": 0.7014677122600153,
      "16": 0.6871250285579945,
      "5": 0.6868844021024629,
      "13": 0.6868351574866863,
      "10": 0.685317879348647,
      "18": 0.6814348361671916,
      "7": 0.5855328394514816
    },
    "y_node_detection": {
      "detected": false,
      "expected": true
    },
    "true_shifted_node_summary": {
      "8": {
        "is_detected_as_shifted": false,
        "has_functional_shift_detected": true
      },
      "17": {
        "is_detected_as_shifted": false,
        "has_functional_shift_detected": true
      },
      "4": {
        "is_detected_as_shifted": false,
        "has_functional_shift_detected": true
      },
      "12": {
        "is_detected_as_shifted": true,
        "has_functional_shift_detected": true
      }
    },
    "functional_shift_results": {
      "8": {
        "shifted_edges": [
          [
            3,
            8
          ]
        ],
        "test_details": {
          "y_node": 8,
          "parents": [
            3
          ],
          "functional_shift_detected": true,
          "p_value_overall": 0.00010157788625908548,
          "parent_specific_p_values": {
            "3": 0.00010157788625908548
          },
          "coefficients_env1": {
            "Intercept": 0.8856993206339266,
            "bs(x3, df=4, degree=3)[0]": -0.05228537028564806,
            "bs(x3, df=4, degree=3)[1]": -2.395351145064316,
            "bs(x3, df=4, degree=3)[2]": 1.656697773321349,
            "bs(x3, df=4, degree=3)[3]": -2.1434558238095383
          },
          "coefficients_env2": {
            "Intercept": 1.5876573755773455,
            "bs(x3, df=4, degree=3)[0]": -0.6512782762420785,
            "bs(x3, df=4, degree=3)[1]": -2.4206847543734753,
            "bs(x3, df=4, degree=3)[2]": 1.3542471103831712,
            "bs(x3, df=4, degree=3)[3]": -3.277412807368941
          }
        },
        "has_functional_shift": true
      },
      "17": {
        "shifted_edges": [
          [
            6,
            17
          ]
        ],
        "test_details": {
          "y_node": 17,
          "parents": [
            6
          ],
          "functional_shift_detected": true,
          "p_value_overall": 1.1102230246251565e-16,
          "parent_specific_p_values": {
            "6": 1.1102230246251565e-16
          },
          "coefficients_env1": {
            "Intercept": 1.3178564871031826,
            "bs(x6, df=4, degree=3)[0]": -1.0187775136766382,
            "bs(x6, df=4, degree=3)[1]": -2.11678895284297,
            "bs(x6, df=4, degree=3)[2]": 1.1485801459158769,
            "bs(x6, df=4, degree=3)[3]": -3.373607549550306
          },
          "coefficients_env2": {
            "Intercept": 1.7060520117103501,
            "bs(x6, df=4, degree=3)[0]": 0.04190796348234249,
            "bs(x6, df=4, degree=3)[1]": -3.3576772276528404,
            "bs(x6, df=4, degree=3)[2]": 1.4684871685816567,
            "bs(x6, df=4, degree=3)[3]": -3.2056265149939165
          }
        },
        "has_functional_shift": true
      },
      "4": {
        "shifted_edges": [
          [
            2,
            4
          ]
        ],
        "test_details": {
          "y_node": 4,
          "parents": [
            2
          ],
          "functional_shift_detected": true,
          "p_value_overall": 1.1102230246251565e-16,
          "parent_specific_p_values": {
            "2": 1.1102230246251565e-16
          },
          "coefficients_env1": {
            "Intercept": 0.9897057926540325,
            "bs(x2, df=4, degree=3)[0]": -0.004872700521141138,
            "bs(x2, df=4, degree=3)[1]": -2.712249816613874,
            "bs(x2, df=4, degree=3)[2]": 1.6086576408319786,
            "bs(x2, df=4, degree=3)[3]": -2.15690482871089
          },
          "coefficients_env2": {
            "Intercept": -1.3692212527941112,
            "bs(x2, df=4, degree=3)[0]": -4.156014756814383,
            "bs(x2, df=4, degree=3)[1]": 13.655534728574487,
            "bs(x2, df=4, degree=3)[2]": -3.6914013078979115,
            "bs(x2, df=4, degree=3)[3]": 10.75405941260426
          }
        },
        "has_functional_shift": true
      },
      "12": {
        "shifted_edges": [
          [
            9,
            12
          ]
        ],
        "test_details": {
          "y_node": 12,
          "parents": [
            9
          ],
          "functional_shift_detected": true,
          "p_value_overall": 1.1102230246251565e-16,
          "parent_specific_p_values": {
            "9": 1.1102230246251565e-16
          },
          "coefficients_env1": {
            "Intercept": 1.1037636680799734,
            "bs(x9, df=4, degree=3)[0]": 0.04790704466184448,
            "bs(x9, df=4, degree=3)[1]": -2.8975510862295817,
            "bs(x9, df=4, degree=3)[2]": 1.5157210967818808,
            "bs(x9, df=4, degree=3)[3]": -3.2216847625459915
          },
          "coefficients_env2": {
            "Intercept": 0.4179296024754032,
            "bs(x9, df=4, degree=3)[0]": -4.902080430358755,
            "bs(x9, df=4, degree=3)[1]": 9.75247985620673,
            "bs(x9, df=4, degree=3)[2]": -3.302075276255656,
            "bs(x9, df=4, degree=3)[3]": 6.6325487190673815
          }
        },
        "has_functional_shift": true
      }
    },
    "all_shifted_edges": [
      [
        3,
        8
      ],
      [
        6,
        17
      ],
      [
        2,
        4
      ],
      [
        9,
        12
      ]
    ]
  }
}