{
  "dataset_info": {
    "seed": 113,
    "dataset_index": 12,
    "node_count": 20,
    "edge_count": 20,
    "graph_type": "ER",
    "shifted_nodes": [
      11,
      10,
      16,
      15
    ],
    "shift_types": {
      "11": "noise_skew",
      "10": "noise_skew",
      "16": "noise_skew",
      "15": "noise_skew"
    },
    "shift_case": "noise_skew_noise_skew"
  },
  "model": "iscan",
  "config_name": "ER",
  "dag_structure": "standard",
  "device": "cuda:0",
  "iscan": {
    "detected_shifted_nodes": [],
    "order": [
      0,
      9,
      15,
      5,
      1,
      10,
      2,
      3,
      11,
      7,
      16,
      17,
      6,
      4,
      12,
      8,
      14,
      19,
      13,
      18
    ],
    "ratio_dict": {
      "16": 1.2678602877885243,
      "7": 1.2004665941324226,
      "15": 1.1038317136953626,
      "19": 0.9056462680559351,
      "6": 0.89583938476794,
      "13": 0.8776638869444091,
      "11": 0.8630747707760208,
      "5": 0.8256970742509894,
      "1": 0.8256098851542204,
      "8": 0.8198783031904552,
      "12": 0.8195731028694051,
      "10": 0.8088565353599486,
      "17": 0.7786367606631891,
      "4": 0.7434914748645697,
      "18": 0.7203524681605303,
      "14": 0.7046053173909993,
      "2": 0.7008668551674356,
      "3": 0.6420547175508586,
      "9": 0.6234512791886967
    },
    "y_node_detection": {
      "detected": false,
      "expected": true
    },
    "true_shifted_node_summary": {
      "16": {
        "is_detected_as_shifted": false,
        "has_functional_shift_detected": true
      },
      "10": {
        "is_detected_as_shifted": false,
        "has_functional_shift_detected": true
      },
      "11": {
        "is_detected_as_shifted": false,
        "has_functional_shift_detected": true
      },
      "15": {
        "is_detected_as_shifted": false,
        "has_functional_shift_detected": true
      }
    },
    "functional_shift_results": {
      "16": {
        "shifted_edges": [
          [
            7,
            16
          ],
          [
            2,
            16
          ],
          [
            3,
            16
          ]
        ],
        "test_details": {
          "y_node": 16,
          "parents": [
            2,
            3,
            7
          ],
          "functional_shift_detected": true,
          "p_value_overall": 1.1102230246251565e-16,
          "parent_specific_p_values": {
            "2": 8.499312365017886e-12,
            "3": 3.090135306527131e-07,
            "7": 7.958903280025353e-05
          },
          "coefficients_env1": {
            "Intercept": 2.5733419107188467,
            "bs(x2, df=4, degree=3)[0]": -0.11580520905505332,
            "bs(x2, df=4, degree=3)[1]": -2.4768356304322507,
            "bs(x2, df=4, degree=3)[2]": 2.687751537841982,
            "bs(x2, df=4, degree=3)[3]": -2.8323179935823948,
            "bs(x3, df=4, degree=3)[0]": -0.3432120586629392,
            "bs(x3, df=4, degree=3)[1]": -2.7896557334868186,
            "bs(x3, df=4, degree=3)[2]": 1.1204118333787312,
            "bs(x3, df=4, degree=3)[3]": -1.4247411197656725,
            "bs(x7, df=4, degree=3)[0]": 0.3807348852386718,
            "bs(x7, df=4, degree=3)[1]": -1.896896198038196,
            "bs(x7, df=4, degree=3)[2]": 0.8975006841152224,
            "bs(x7, df=4, degree=3)[3]": 0.5417646465685478
          },
          "coefficients_env2": {
            "Intercept": 1.855663083754798,
            "bs(x2, df=4, degree=3)[0]": 1.8470918491492159,
            "bs(x2, df=4, degree=3)[1]": -1.9954334867279204,
            "bs(x2, df=4, degree=3)[2]": 3.66946198538637,
            "bs(x2, df=4, degree=3)[3]": -2.2613520342893954,
            "bs(x3, df=4, degree=3)[0]": -0.3170934311013921,
            "bs(x3, df=4, degree=3)[1]": -2.979555724449015,
            "bs(x3, df=4, degree=3)[2]": 1.8795528738820864,
            "bs(x3, df=4, degree=3)[3]": -2.6632757102119937,
            "bs(x7, df=4, degree=3)[0]": 0.40309750181002535,
            "bs(x7, df=4, degree=3)[1]": -2.159982999789806,
            "bs(x7, df=4, degree=3)[2]": 1.5761943519062376,
            "bs(x7, df=4, degree=3)[3]": -0.3156556051204134
          }
        },
        "has_functional_shift": true
      },
      "10": {
        "shifted_edges": [
          [
            1,
            10
          ]
        ],
        "test_details": {
          "y_node": 10,
          "parents": [
            1
          ],
          "functional_shift_detected": true,
          "p_value_overall": 2.142900654233948e-05,
          "parent_specific_p_values": {
            "1": 2.142900654233948e-05
          },
          "coefficients_env1": {
            "Intercept": -0.23083130023856482,
            "bs(x1, df=4, degree=3)[0]": 1.7896936142697955,
            "bs(x1, df=4, degree=3)[1]": -1.3299244318814054,
            "bs(x1, df=4, degree=3)[2]": 1.6808900343904307,
            "bs(x1, df=4, degree=3)[3]": 0.9553762856883383
          },
          "coefficients_env2": {
            "Intercept": 1.5323028657646236,
            "bs(x1, df=4, degree=3)[0]": -0.12513968074004828,
            "bs(x1, df=4, degree=3)[1]": -2.4317921243629477,
            "bs(x1, df=4, degree=3)[2]": 0.39380182780671696,
            "bs(x1, df=4, degree=3)[3]": -0.8484222663485774
          }
        },
        "has_functional_shift": true
      },
      "11": {
        "shifted_edges": [
          [
            7,
            11
          ],
          [
            3,
            11
          ]
        ],
        "test_details": {
          "y_node": 11,
          "parents": [
            3,
            5,
            7
          ],
          "functional_shift_detected": true,
          "p_value_overall": 5.1414428270391e-13,
          "parent_specific_p_values": {
            "3": 5.965934685159269e-07,
            "5": 0.9187804020092004,
            "7": 3.0765767711216085e-10
          },
          "coefficients_env1": {
            "Intercept": 2.3356722853212313,
            "bs(x3, df=4, degree=3)[0]": -1.024319621086547,
            "bs(x3, df=4, degree=3)[1]": -3.0636703610404066,
            "bs(x3, df=4, degree=3)[2]": 0.43018035650944125,
            "bs(x3, df=4, degree=3)[3]": -2.4776739119465665,
            "bs(x5, df=4, degree=3)[0]": 0.5657605370764897,
            "bs(x5, df=4, degree=3)[1]": -1.9026636624789208,
            "bs(x5, df=4, degree=3)[2]": 0.7847519136357516,
            "bs(x5, df=4, degree=3)[3]": 0.3950985293193582,
            "bs(x7, df=4, degree=3)[0]": 1.5818480609900574,
            "bs(x7, df=4, degree=3)[1]": -1.6443462746316395,
            "bs(x7, df=4, degree=3)[2]": 1.4057949778915995,
            "bs(x7, df=4, degree=3)[3]": 0.7447130171757299
          },
          "coefficients_env2": {
            "Intercept": 2.4929609480539128,
            "bs(x3, df=4, degree=3)[0]": -0.11226763150425956,
            "bs(x3, df=4, degree=3)[1]": -2.6313371264627765,
            "bs(x3, df=4, degree=3)[2]": 1.7886146947334565,
            "bs(x3, df=4, degree=3)[3]": -3.0318012754237755,
            "bs(x5, df=4, degree=3)[0]": 0.6344448393851712,
            "bs(x5, df=4, degree=3)[1]": -1.879826412151334,
            "bs(x5, df=4, degree=3)[2]": 0.9414072176479135,
            "bs(x5, df=4, degree=3)[3]": 0.4916309748338355,
            "bs(x7, df=4, degree=3)[0]": 0.5077643513804169,
            "bs(x7, df=4, degree=3)[1]": -2.0886280498395218,
            "bs(x7, df=4, degree=3)[2]": 1.330962917203686,
            "bs(x7, df=4, degree=3)[3]": -0.1657562305018479
          }
        },
        "has_functional_shift": true
      },
      "15": {
        "shifted_edges": [
          [
            0,
            15
          ],
          [
            9,
            15
          ]
        ],
        "test_details": {
          "y_node": 15,
          "parents": [
            0,
            9
          ],
          "functional_shift_detected": true,