{
  "dataset_info": {
    "seed": 121,
    "dataset_index": 20,
    "node_count": 20,
    "edge_count": 20,
    "graph_type": "ER",
    "shifted_nodes": [
      17,
      18,
      3,
      7
    ],
    "shift_types": {
      "17": "function",
      "18": "function",
      "3": "noise_skew",
      "7": "noise_skew"
    },
    "shift_case": "function_noise_skew"
  },
  "model": "iscan",
  "config_name": "ER",
  "dag_structure": "standard",
  "device": "cuda:0",
  "iscan": {
    "detected_shifted_nodes": [
      17,
      18
    ],
    "order": [
      4,
      1,
      3,
      5,
      6,
      7,
      15,
      14,
      8,
      12,
      2,
      16,
      10,
      19,
      13,
      0,
      18,
      9,
      17,
      11
    ],
    "ratio_dict": {
      "17": 26.37033063595641,
      "18": 3.898760709889793,
      "7": 1.1921983936110594,
      "0": 1.0146973445081593,
      "3": 0.9456911459327006,
      "2": 0.9351674755935615,
      "5": 0.8403172932010847,
      "6": 0.8049753563308905,
      "13": 0.7538812862149521,
      "19": 0.7455416792556305,
      "10": 0.7256545355726626,
      "16": 0.6947320134040457,
      "14": 0.6942429948793155,
      "15": 0.6921996067756602,
      "12": 0.6905713592583058,
      "8": 0.581027228787027,
      "11": 0.5322804167489004,
      "9": 0.5105733271517248,
      "1": 0.40612509756252246
    },
    "y_node_detection": {
      "detected": false,
      "expected": true
    },
    "true_shifted_node_summary": {
      "17": {
        "is_detected_as_shifted": true,
        "has_functional_shift_detected": true
      },
      "18": {
        "is_detected_as_shifted": true,
        "has_functional_shift_detected": true
      },
      "3": {
        "is_detected_as_shifted": false,
        "has_functional_shift_detected": true
      },
      "7": {
        "is_detected_as_shifted": false,
        "has_functional_shift_detected": true
      }
    },
    "functional_shift_results": {
      "17": {
        "shifted_edges": [
          [
            7,
            17
          ],
          [
            2,
            17
          ],
          [
            0,
            17
          ]
        ],
        "test_details": {
          "y_node": 17,
          "parents": [
            0,
            2,
            7
          ],
          "functional_shift_detected": true,
          "p_value_overall": 1.1102230246251565e-16,
          "parent_specific_p_values": {
            "0": 1.1102230246251565e-16,
            "2": 1.1102230246251565e-16,
            "7": 1.1102230246251565e-16
          },
          "coefficients_env1": {
            "Intercept": 4.9547555891546775,
            "bs(x0, df=4, degree=3)[0]": 0.7800259289961742,
            "bs(x0, df=4, degree=3)[1]": -2.0499287313904566,
            "bs(x0, df=4, degree=3)[2]": 1.8801609538340887,
            "bs(x0, df=4, degree=3)[3]": -0.3229276340284864,
            "bs(x2, df=4, degree=3)[0]": -0.7983700980800703,
            "bs(x2, df=4, degree=3)[1]": -1.8201516648097766,
            "bs(x2, df=4, degree=3)[2]": -0.13675741496193167,
            "bs(x2, df=4, degree=3)[3]": 0.2943252560706481,
            "bs(x7, df=4, degree=3)[0]": -4.905831431553693,
            "bs(x7, df=4, degree=3)[1]": -1.6717200030943031,
            "bs(x7, df=4, degree=3)[2]": -3.405161508765769,
            "bs(x7, df=4, degree=3)[3]": -4.15657839470035
          },
          "coefficients_env2": {
            "Intercept": 12.575004054217132,
            "bs(x0, df=4, degree=3)[0]": -16.334418482840597,
            "bs(x0, df=4, degree=3)[1]": 10.891289388688756,
            "bs(x0, df=4, degree=3)[2]": -10.655519592242808,
            "bs(x0, df=4, degree=3)[3]": -0.6080124556934488,
            "bs(x2, df=4, degree=3)[0]": -20.508308011740297,
            "bs(x2, df=4, degree=3)[1]": 10.451163047420184,
            "bs(x2, df=4, degree=3)[2]": -16.6845521955298,
            "bs(x2, df=4, degree=3)[3]": 1.7319953926371099,
            "bs(x7, df=4, degree=3)[0]": 2.1089086942635697,
            "bs(x7, df=4, degree=3)[1]": 8.777296097784477,
            "bs(x7, df=4, degree=3)[2]": -0.9365440497604147,
            "bs(x7, df=4, degree=3)[3]": 1.162581402080064
          }
        },
        "has_functional_shift": true
      },
      "18": {
        "shifted_edges": [
          [
            5,
            18
          ],
          [
            13,
            18
          ]
        ],
        "test_details": {
          "y_node": 18,
          "parents": [
            5,
            13
          ],
          "functional_shift_detected": true,
          "p_value_overall": 1.1102230246251565e-16,
          "parent_specific_p_values": {
            "5": 1.1102230246251565e-16,
            "13": 1.1102230246251565e-16
          },
          "coefficients_env1": {
            "Intercept": 2.3249384120946743,
            "bs(x5, df=4, degree=3)[0]": -2.311797668261571,
            "bs(x5, df=4, degree=3)[1]": -0.28558632110417687,
            "bs(x5, df=4, degree=3)[2]": -0.9931167704212251,
            "bs(x5, df=4, degree=3)[3]": -4.437716039728412,
            "bs(x13, df=4, degree=3)[0]": 0.5536363198065661,
            "bs(x13, df=4, degree=3)[1]": -2.275833846695406,
            "bs(x13, df=4, degree=3)[2]": 0.7734967836100537,
            "bs(x13, df=4, degree=3)[3]": 0.10265345945811455
          },
          "coefficients_env2": {
            "Intercept": 1.2928488230611452,
            "bs(x5, df=4, degree=3)[0]": 11.582452286048952,
            "bs(x5, df=4, degree=3)[1]": 13.349821494042667,
            "bs(x5, df=4, degree=3)[2]": 9.851008982772601,
            "bs(x5, df=4, degree=3)[3]": 6.3506124849619985,
            "bs(x13, df=4, degree=3)[0]": -22.250321967595482,
            "bs(x13, df=4, degree=3)[1]": 6.137148523615336,
            "bs(x13, df=4, degree=3)[2]": -15.94928603590349,
            "bs(x13, df=4, degree=3)[3]": -1.1823837457786426
          }
        },
        "has_functional_shift": true
      },
      "3": {
        "shifted_edges": [
          [
            1,
            3
          ]
        ],
        "test_details": {
          "y_node": 3,
          "parents": [
            1
          ],
          "functional_shift_detected": true,
          "p_value_overall": 1.6727308427277876e-10,
          "parent_specific_p_values": {
            "1": 1.6727308427277876e-10
          },
          "coefficients_env1": {
            "Intercept": 0.7843167086509887,
            "bs(x1, df=4, degree=3)[0]": 0.4709817717696765,
            "bs(x1, df=4, degree=3)[1]": -1.9788828152974738,
            "bs(x1, df=4, degree=3)[2]": 0.36028363788242046,
            "bs(x1, df=4, degree=3)[3]": 0.2077842615567923
          },
          "coefficients_env2": {
            "Intercept": 0.7902877493395286,
            "bs(x1, df=4, degree=3)[0]": 1.4198877314956824,
            "bs(x1, df=4, degree=3)[1]": -2.583917143928283,
            "bs(x1, df=4, degree=3)[2]": 2.0084231116009956,
            "bs(x1, df=4, degree=3)[3]": -1.011883520504255
          }
        },
        "has_functional_shift": true
      },
      "7": {
        "shifted_edges": [
          [
            6,
            7
          ],
          [
            5,
            7
          ]
        ],
        "test_details": {
          "y_node": 7,
          "parents": [
            5,
            6
          ],
          "functional_shift_detected": true,
          "p_value_overall": 1.1102230246251565e-16,
          "parent_specific_p_values": {
            "5": 3.468023201946835e-09,
            "6": 1.1102230246251565e-16
          },
          "coefficients_env1": {
            "Intercept": 1.6869047077872414,
            "bs(x5, df=4, degree=3)[0]": -2.674065982542034,
            "bs(x5, df=4, degree=3)[1]": -0.4156960593229878,
            "bs(x5, df=4, degree=3)[2]": -0.6660885080926513,
            "bs(x5, df=4, degree=3)[3]": -4.633964015850473,