{
  "dataset_info": {
    "seed": 117,
    "dataset_index": 16,
    "node_count": 20,
    "edge_count": 20,
    "graph_type": "ER",
    "shifted_nodes": [
      11,
      9,
      17,
      13
    ],
    "shift_types": {
      "11": "noise_std",
      "9": "noise_std",
      "17": "noise_skew",
      "13": "noise_skew"
    },
    "shift_case": "noise_std_noise_skew"
  },
  "model": "iscan",
  "config_name": "ER",
  "dag_structure": "standard",
  "device": "cuda:0",
  "iscan": {
    "detected_shifted_nodes": [],
    "order": [
      5,
      13,
      7,
      2,
      12,
      17,
      8,
      3,
      14,
      0,
      16,
      4,
      18,
      6,
      10,
      9,
      1,
      15,
      19,
      11
    ],
    "ratio_dict": {
      "11": 1.5508215061070032,
      "9": 1.4938986053259706,
      "17": 1.4554627777467162,
      "7": 1.29248575538623,
      "13": 1.2796275433117905,
      "19": 1.0562897472183164,
      "15": 0.8905426785780558,
      "6": 0.8668375119643058,
      "1": 0.8389601156068079,
      "10": 0.8364091597272479,
      "14": 0.8089391089321257,
      "8": 0.7984061336190693,
      "18": 0.7861326084779257,
      "3": 0.7548667657891329,
      "12": 0.7142411637597833,
      "4": 0.6796785595173506,
      "0": 0.6774795233676925,
      "16": 0.607168428079457,
      "2": 0.5317187853104316
    },
    "y_node_detection": {
      "detected": false,
      "expected": true
    },
    "true_shifted_node_summary": {
      "9": {
        "is_detected_as_shifted": false,
        "has_functional_shift_detected": true
      },
      "11": {
        "is_detected_as_shifted": false,
        "has_functional_shift_detected": true
      },
      "13": {
        "is_detected_as_shifted": false,
        "has_functional_shift_detected": true
      },
      "17": {
        "is_detected_as_shifted": false,
        "has_functional_shift_detected": true
      }
    },
    "functional_shift_results": {
      "9": {
        "shifted_edges": [
          [
            3,
            9
          ]
        ],
        "test_details": {
          "y_node": 9,
          "parents": [
            3
          ],
          "functional_shift_detected": true,
          "p_value_overall": 0.04592246674899514,
          "parent_specific_p_values": {
            "3": 0.04592246674899514
          },
          "coefficients_env1": {
            "Intercept": 1.1600155518439625,
            "bs(x3, df=4, degree=3)[0]": -0.012609763667658924,
            "bs(x3, df=4, degree=3)[1]": -2.204460926905573,
            "bs(x3, df=4, degree=3)[2]": -0.19644582571140587,
            "bs(x3, df=4, degree=3)[3]": -0.16498252678266745
          },
          "coefficients_env2": {
            "Intercept": 0.8154674811840388,
            "bs(x3, df=4, degree=3)[0]": 0.7420413995914596,
            "bs(x3, df=4, degree=3)[1]": -2.5577598992115878,
            "bs(x3, df=4, degree=3)[2]": 0.8872688016080463,
            "bs(x3, df=4, degree=3)[3]": -0.908824066741623
          }
        },
        "has_functional_shift": true
      },
      "11": {
        "shifted_edges": [
          [
            9,
            11
          ]
        ],
        "test_details": {
          "y_node": 11,
          "parents": [
            9
          ],
          "functional_shift_detected": true,
          "p_value_overall": 3.846012397445975e-11,
          "parent_specific_p_values": {
            "9": 3.846012397445975e-11
          },
          "coefficients_env1": {
            "Intercept": 1.1432077979469717,
            "bs(x9, df=4, degree=3)[0]": -0.14814885061967473,
            "bs(x9, df=4, degree=3)[1]": -2.821232383557544,
            "bs(x9, df=4, degree=3)[2]": 1.6158915121103954,
            "bs(x9, df=4, degree=3)[3]": -3.310123903128506
          },
          "coefficients_env2": {
            "Intercept": -0.9874528528995299,
            "bs(x9, df=4, degree=3)[0]": 3.3551496193656294,
            "bs(x9, df=4, degree=3)[1]": -1.6550880245553206,
            "bs(x9, df=4, degree=3)[2]": 3.9021266653100906,
            "bs(x9, df=4, degree=3)[3]": -1.5938867715629337
          }
        },
        "has_functional_shift": true
      },
      "13": {
        "shifted_edges": [
          [
            7,
            13
          ]
        ],
        "test_details": {
          "y_node": 13,
          "parents": [
            5,
            7
          ],
          "functional_shift_detected": true,
          "p_value_overall": 4.317323452740496e-06,
          "parent_specific_p_values": {
            "5": 0.0847069068934595,
            "7": 2.4568533280033833e-06
          },
          "coefficients_env1": {
            "Intercept": 1.7007936678018067,
            "bs(x5, df=4, degree=3)[0]": 1.524549207551197,
            "bs(x5, df=4, degree=3)[1]": -1.9790105402151197,
            "bs(x5, df=4, degree=3)[2]": 1.539754517530471,
            "bs(x5, df=4, degree=3)[3]": 0.21459554705775552,
            "bs(x7, df=4, degree=3)[0]": -0.6180048565198083,
            "bs(x7, df=4, degree=3)[1]": -3.118873979265412,
            "bs(x7, df=4, degree=3)[2]": 1.4122026556251592,
            "bs(x7, df=4, degree=3)[3]": -3.803848299094885
          },
          "coefficients_env2": {
            "Intercept": 0.09923411052293452,
            "bs(x5, df=4, degree=3)[0]": 3.078174030256909,
            "bs(x5, df=4, degree=3)[1]": -1.1060430392311216,
            "bs(x5, df=4, degree=3)[2]": 2.8808739090350866,
            "bs(x5, df=4, degree=3)[3]": 1.70716300755745,
            "bs(x7, df=4, degree=3)[0]": 0.7179568417503694,
            "bs(x7, df=4, degree=3)[1]": -2.7761639647828606,
            "bs(x7, df=4, degree=3)[2]": 2.0908697585742106,
            "bs(x7, df=4, degree=3)[3]": -2.0472821511901564
          }
        },
        "has_functional_shift": true
      },
      "17": {
        "shifted_edges": [
          [
            12,
            17
          ],
          [
            5,
            17
          ]
        ],
        "test_details": {
          "y_node": 17,
          "parents": [
            5,
            12
          ],
          "functional_shift_detected": true,
          "p_value_overall": 8.338641332983343e-09,
          "parent_specific_p_values": {
            "5": 0.0007875364945697516,
            "12": 9.668575781107691e-07
          },
          "coefficients_env1": {
            "Intercept": 2.8846359691156644,
            "bs(x5, df=4, degree=3)[0]": -0.013895297364956982,
            "bs(x5, df=4, degree=3)[1]": -3.358779843628268,
            "bs(x5, df=4, degree=3)[2]": 0.5878271467433799,
            "bs(x5, df=4, degree=3)[3]": -0.9073269069340287,
            "bs(x12, df=4, degree=3)[0]": -1.131711795081722,
            "bs(x12, df=4, degree=3)[1]": -2.4212590230813884,
            "bs(x12, df=4, degree=3)[2]": 1.154415002438741,
            "bs(x12, df=4, degree=3)[3]": -3.6139141605504803
          },
          "coefficients_env2": {
            "Intercept": 2.1323158678032366,
            "bs(x5, df=4, degree=3)[0]": 1.8416643441844656,
            "bs(x5, df=4, degree=3)[1]": -1.5993591688621043,
            "bs(x5, df=4, degree=3)[2]": 2.1283586496013442,
            "bs(x5, df=4, degree=3)[3]": 0.7611639905741044,
            "bs(x12, df=4, degree=3)[0]": -2.084825201924448,
            "bs(x12, df=4, degree=3)[1]": -2.358892709102778,
            "bs(x12, df=4, degree=3)[2]": 0.2192781743959599,
            "bs(x12, df=4, degree=3)[3]": -4.948235655875198
          }
        },
        "has_functional_shift": true
      }
    },
    "all_shifted_edges": [
      [
        3,
        9
      ],
      [
        9,
        11
      ],
      [
        7,
        13
      ],
      [
        12,
        17
      ],
      [
        5,
        17
      ]
    ]
  }
}