{
  "dataset_info": {
    "seed": 184,
    "dataset_index": 23,
    "node_count": 30,
    "edge_count": 30,
    "graph_type": "ER",
    "shifted_nodes": [
      16,
      7,
      9,
      23,
      24,
      29
    ],
    "shift_types": {
      "16": "noise_std",
      "7": "noise_std",
      "9": "noise_std",
      "23": "noise_std",
      "24": "noise_std",
      "29": "noise_std"
    },
    "shift_case": "noise_std_noise_std"
  },
  "model": "linearccp",
  "config_name": "ER",
  "dag_structure": "standard",
  "device": "cpu",
  "linearccp": {
    "shifted_nodes": [
      7,
      9,
      10,
      16,
      20,
      23,
      24,
      27,
      28,
      29
    ],
    "functional_change_nodes": [
      7,
      10,
      20,
      24,
      27,
      28,
      29
    ],
    "noise_change_nodes": [
      7,
      9,
      16,
      23,
      24,
      29
    ],
    "node_results": {
      "6": {
        "is_shifted": false,
        "parents": [
          3
        ],
        "function_test": {
          "f_statistic": 0.4338578593272922,
          "p_value": 0.5101779728918079,
          "is_function_changed": false,
          "beta_env1": [
            0.024724534691600863
          ],
          "beta_env2": [
            -0.007090259456729281
          ]
        },
        "noise_test": {
          "ks_statistic": 0.051,
          "p_value": 0.14836452078962484,
          "is_noise_changed": false
        }
      },
      "7": {
        "is_shifted": true,
        "parents": [
          3
        ],
        "function_test": {
          "f_statistic": 5.3329080148196,
          "p_value": 0.021028089815592677,
          "is_function_changed": true,
          "beta_env1": [
            0.0603286213995992
          ],
          "beta_env2": [
            -0.07281626361431112
          ]
        },
        "noise_test": {
          "ks_statistic": 0.092,
          "p_value": 0.000418604197209586,
          "is_noise_changed": true
        }
      },
      "9": {
        "is_shifted": true,
        "parents": [
          3,
          5
        ],
        "function_test": {
          "f_statistic": 0.5817966939026721,
          "p_value": 0.5589881486937482,
          "is_function_changed": false,
          "beta_env1": [
            0.003292064188274931,
            0.04263156561650524
          ],
          "beta_env2": [
            0.025106877092668407,
            -0.023673202298033682
          ]
        },
        "noise_test": {
          "ks_statistic": 0.073,
          "p_value": 0.00967775474446886,
          "is_noise_changed": true
        }
      },
      "10": {
        "is_shifted": true,
        "parents": [
          4,
          7
        ],
        "function_test": {
          "f_statistic": 7.382821274641663,
          "p_value": 0.0006389908364647923,
          "is_function_changed": true,
          "beta_env1": [
            0.02292277300721195,
            0.24627670071966185
          ],
          "beta_env2": [
            0.07682686962689707,
            0.07405269092055088
          ]
        },
        "noise_test": {
          "ks_statistic": 0.038,
          "p_value": 0.4659595288557257,
          "is_noise_changed": false
        }
      },
      "11": {
        "is_shifted": false,
        "parents": [
          5
        ],
        "function_test": {
          "f_statistic": 0.012180188143867733,
          "p_value": 0.912131885131623,
          "is_function_changed": false,
          "beta_env1": [
            0.028135593423457752
          ],
          "beta_env2": [
            0.03379176875088828
          ]
        },
        "noise_test": {
          "ks_statistic": 0.029,
          "p_value": 0.7946637387576738,
          "is_noise_changed": false
        }
      },
      "16": {
        "is_shifted": true,
        "parents": [
          11
        ],
        "function_test": {
          "f_statistic": 0.16631230100381683,
          "p_value": 0.683453933556575,
          "is_function_changed": false,
          "beta_env1": [
            0.17977734123450895
          ],
          "beta_env2": [
            0.15858249328793772
          ]
        },
        "noise_test": {
          "ks_statistic": 0.085,
          "p_value": 0.0014488954599620356,
          "is_noise_changed": true
        }
      },
      "17": {
        "is_shifted": false,
        "parents": [
          0,
          15
        ],
        "function_test": {
          "f_statistic": 0.9131676397666035,
          "p_value": 0.40141892237062904,
          "is_function_changed": false,
          "beta_env1": [
            0.018529758635677813,
            -0.013910470231994697
          ],
          "beta_env2": [
            -0.0487929641561405,
            0.022903405028777607
          ]
        },
        "noise_test": {
          "ks_statistic": 0.027,
          "p_value": 0.8595454206943325,
          "is_noise_changed": false
        }
      },
      "18": {
        "is_shifted": false,
        "parents": [
          11
        ],
        "function_test": {
          "f_statistic": 0.9668611570881385,
          "p_value": 0.32558341767297294,
          "is_function_changed": false,
          "beta_env1": [
            0.15909293461532423
          ],
          "beta_env2": [
            0.11459432055470883
          ]
        },
        "noise_test": {
          "ks_statistic": 0.028,
          "p_value": 0.8282194040312439,
          "is_noise_changed": false
        }
      },
      "20": {
        "is_shifted": true,
        "parents": [
          9,
          13
        ],
        "function_test": {
          "f_statistic": 10.177646303907405,
          "p_value": 4.0023288285340186e-05,
          "is_function_changed": true,
          "beta_env1": [
            0.1707563828861717,
            0.13747964254266443
          ],
          "beta_env2": [
            -0.026420730609241796,
            0.1253475043336044
          ]
        },
        "noise_test": {
          "ks_statistic": 0.041,
          "p_value": 0.37012017606173,
          "is_noise_changed": false
        }
      },
      "21": {
        "is_shifted": false,
        "parents": [
          17
        ],
        "function_test": {
          "f_statistic": 1.931338108600519,
          "p_value": 0.16476710382249216,
          "is_function_changed": false,
          "beta_env1": [
            0.21525698478540015
          ],
          "beta_env2": [
            0.15508165099303825
          ]
        },
        "noise_test": {
          "ks_statistic": 0.024,
          "p_value": 0.9357699014782725,
          "is_noise_changed": false
        }
      },
      "23": {
        "is_shifted": true,
        "parents": [
          1,
          2
        ],
        "function_test": {
          "f_statistic": 0.41800142521625566,
          "p_value": 0.6584189657427071,
          "is_function_changed": false,
          "beta_env1": [
            0.05722557514344104,
            0.022762545865601627
          ],
          "beta_env2": [
            0.02322218364468483,
            0.07117183906253972
          ]
        },
        "noise_test": {
          "ks_statistic": 0.066,
          "p_value": 0.025633868930359294,
          "is_noise_changed": true
        }
      },
      "24": {
        "is_shifted": true,
        "parents": [
          9,
          12
        ],
        "function_test": {
          "f_statistic": 7.591609448458302,
          "p_value": 0.0005193916371074581,
          "is_function_changed": true,
          "beta_env1": [
            0.18891558028786384,
            0.14017541625157154
          ],
          "beta_env2": [
            0.0011232120820015461,
            0.11257869094037831
          ]
        },
        "noise_test": {
          "ks_statistic": 0.066,
          "p_value": 0.025633868930359294,
          "is_noise_changed": true
        }
      },
      "25": {
        "is_shifted": false,