{
  "dataset_info": {
    "seed": 188,
    "dataset_index": 27,
    "node_count": 30,
    "edge_count": 30,
    "graph_type": "ER",
    "shifted_nodes": [
      27,
      14,
      25,
      29,
      21,
      28
    ],
    "shift_types": {
      "27": "function",
      "14": "function",
      "25": "function",
      "29": "function",
      "21": "function",
      "28": "function"
    },
    "shift_case": "function_function"
  },
  "model": "linearccp",
  "config_name": "ER",
  "dag_structure": "standard",
  "device": "cpu",
  "linearccp": {
    "shifted_nodes": [
      14,
      21,
      22,
      25,
      27,
      28,
      29
    ],
    "functional_change_nodes": [
      14,
      21,
      22,
      25,
      27,
      28,
      29
    ],
    "noise_change_nodes": [
      14,
      21,
      22,
      25,
      27,
      28,
      29
    ],
    "node_results": {
      "3": {
        "is_shifted": false,
        "parents": [
          0,
          2
        ],
        "function_test": {
          "f_statistic": 1.1089248057218588,
          "p_value": 0.33011686349774494,
          "is_function_changed": false,
          "beta_env1": [
            0.08338864386571661,
            0.0917852662506661
          ],
          "beta_env2": [
            0.05284798563745888,
            0.012844449329784567
          ]
        },
        "noise_test": {
          "ks_statistic": 0.03,
          "p_value": 0.7593695685682871,
          "is_noise_changed": false
        }
      },
      "7": {
        "is_shifted": false,
        "parents": [
          6
        ],
        "function_test": {
          "f_statistic": 0.3984179583740125,
          "p_value": 0.5279796943762667,
          "is_function_changed": false,
          "beta_env1": [
            -0.017116499712916896
          ],
          "beta_env2": [
            -0.04894367356298823
          ]
        },
        "noise_test": {
          "ks_statistic": 0.036,
          "p_value": 0.5362766985932181,
          "is_noise_changed": false
        }
      },
      "8": {
        "is_shifted": false,
        "parents": [
          3
        ],
        "function_test": {
          "f_statistic": 0.1572263848251532,
          "p_value": 0.6917654480075448,
          "is_function_changed": false,
          "beta_env1": [
            0.20424373013010438
          ],
          "beta_env2": [
            0.18751752548318604
          ]
        },
        "noise_test": {
          "ks_statistic": 0.028,
          "p_value": 0.8282194040312439,
          "is_noise_changed": false
        }
      },
      "10": {
        "is_shifted": false,
        "parents": [
          0,
          1
        ],
        "function_test": {
          "f_statistic": 0.21026730561841356,
          "p_value": 0.8103855669047728,
          "is_function_changed": false,
          "beta_env1": [
            0.07995109427582922,
            0.011269578899203662
          ],
          "beta_env2": [
            0.04404145363606712,
            0.005366413687237738
          ]
        },
        "noise_test": {
          "ks_statistic": 0.029,
          "p_value": 0.7946637387576738,
          "is_noise_changed": false
        }
      },
      "13": {
        "is_shifted": false,
        "parents": [
          3,
          6,
          12
        ],
        "function_test": {
          "f_statistic": 1.922202928392462,
          "p_value": 0.12390372062294597,
          "is_function_changed": false,
          "beta_env1": [
            0.25388736087735825,
            0.19390573622545254,
            0.23451927461987887
          ],
          "beta_env2": [
            0.15601879616630615,
            0.10430440723400841,
            0.21015389662188425
          ]
        },
        "noise_test": {
          "ks_statistic": 0.023,
          "p_value": 0.9542189106778983,
          "is_noise_changed": false
        }
      },
      "14": {
        "is_shifted": true,
        "parents": [
          10
        ],
        "function_test": {
          "f_statistic": 4.058818467373512,
          "p_value": 0.04407511526716279,
          "is_function_changed": true,
          "beta_env1": [
            0.24006565571425487
          ],
          "beta_env2": [
            0.4223969942641257
          ]
        },
        "noise_test": {
          "ks_statistic": 0.247,
          "p_value": 3.4882693423303045e-27,
          "is_noise_changed": true
        }
      },
      "16": {
        "is_shifted": false,
        "parents": [
          15
        ],
        "function_test": {
          "f_statistic": 0.7583521583951818,
          "p_value": 0.38394942485937555,
          "is_function_changed": false,
          "beta_env1": [
            -0.04200749026396224
          ],
          "beta_env2": [
            0.0012361042228847036
          ]
        },
        "noise_test": {
          "ks_statistic": 0.045,
          "p_value": 0.26347172719864703,
          "is_noise_changed": false
        }
      },
      "18": {
        "is_shifted": false,
        "parents": [
          1,
          3
        ],
        "function_test": {
          "f_statistic": 0.9996087257889763,
          "p_value": 0.3682077550497663,
          "is_function_changed": false,
          "beta_env1": [
            0.22517606216927097,
            0.21447679217503376
          ],
          "beta_env2": [
            0.14337924086949724,
            0.22632730714164898
          ]
        },
        "noise_test": {
          "ks_statistic": 0.018,
          "p_value": 0.9969602438295625,
          "is_noise_changed": false
        }
      },
      "19": {
        "is_shifted": false,
        "parents": [
          3
        ],
        "function_test": {
          "f_statistic": 0.1635975860282003,
          "p_value": 0.6859090120347728,
          "is_function_changed": false,
          "beta_env1": [
            0.20639520241728065
          ],
          "beta_env2": [
            0.2233660671170412
          ]
        },
        "noise_test": {
          "ks_statistic": 0.02,
          "p_value": 0.9883339509983219,
          "is_noise_changed": false
        }
      },
      "20": {
        "is_shifted": false,
        "parents": [
          8,
          18,
          19
        ],
        "function_test": {
          "f_statistic": 1.7254044499198449,
          "p_value": 0.1597093517983449,
          "is_function_changed": false,
          "beta_env1": [
            0.6321181711489419,
            0.3545841194872169,
            0.49022310447689715
          ],
          "beta_env2": [
            0.4991648940219105,
            0.3435974969140234,
            0.45152323750599693
          ]
        },
        "noise_test": {
          "ks_statistic": 0.045,
          "p_value": 0.26347172719864703,
          "is_noise_changed": false
        }
      },
      "21": {
        "is_shifted": true,
        "parents": [
          8
        ],
        "function_test": {
          "f_statistic": 74.64880873027407,
          "p_value": 1.1102230246251565e-16,
          "is_function_changed": true,
          "beta_env1": [
            0.3076264675663242
          ],
          "beta_env2": [
            1.1865905079873094
          ]
        },
        "noise_test": {
          "ks_statistic": 0.283,
          "p_value": 1.1405545071561369e-35,
          "is_noise_changed": true
        }
      },
      "22": {
        "is_shifted": true,
        "parents": [
          14,
          17
        ],
        "function_test": {
          "f_statistic": 27.799046897106564,
          "p_value": 1.2367884494324244e-12,
          "is_function_changed": true,
          "beta_env1": [
            0.25110518716275665,
            0.1469580964560264
          ],
          "beta_env2": [
            -0.029576457809158126,
            0.41723189344504996
          ]
        },
        "noise_test": {
          "ks_statistic": 0.141,
          "p_value": 4.38875271454814e-09,