{
  "dataset_info": {
    "seed": 170,
    "dataset_index": 9,
    "node_count": 30,
    "edge_count": 30,
    "graph_type": "ER",
    "shifted_nodes": [
      5,
      3,
      22,
      10,
      20,
      14
    ],
    "shift_types": {
      "5": "function",
      "3": "function",
      "22": "function",
      "10": "function",
      "20": "function",
      "14": "function"
    },
    "shift_case": "function_function"
  },
  "model": "linearccp",
  "config_name": "ER",
  "dag_structure": "standard",
  "device": "cpu",
  "linearccp": {
    "shifted_nodes": [
      3,
      5,
      10,
      12,
      14,
      15,
      18,
      20,
      21,
      22,
      25,
      26,
      27,
      28,
      29
    ],
    "functional_change_nodes": [
      3,
      5,
      10,
      12,
      14,
      15,
      18,
      20,
      21,
      22,
      25,
      26,
      27,
      28,
      29
    ],
    "noise_change_nodes": [
      3,
      5,
      10,
      12,
      14,
      18,
      20,
      21,
      22,
      25,
      27
    ],
    "node_results": {
      "3": {
        "is_shifted": true,
        "parents": [
          0,
          1
        ],
        "function_test": {
          "f_statistic": 152.9000776126174,
          "p_value": 1.1102230246251565e-16,
          "is_function_changed": true,
          "beta_env1": [
            0.03298132783998126,
            -0.009928085401041798
          ],
          "beta_env2": [
            2.5156798826873907,
            2.0466708063570236
          ]
        },
        "noise_test": {
          "ks_statistic": 0.341,
          "p_value": 6.3151556458138154e-52,
          "is_noise_changed": true
        }
      },
      "5": {
        "is_shifted": true,
        "parents": [
          2
        ],
        "function_test": {
          "f_statistic": 259.0746209196105,
          "p_value": 1.1102230246251565e-16,
          "is_function_changed": true,
          "beta_env1": [
            0.06242892770961678
          ],
          "beta_env2": [
            2.135695189610259
          ]
        },
        "noise_test": {
          "ks_statistic": 0.343,
          "p_value": 1.5193815153747912e-52,
          "is_noise_changed": true
        }
      },
      "8": {
        "is_shifted": false,
        "parents": [
          1
        ],
        "function_test": {
          "f_statistic": 0.8671836885336328,
          "p_value": 0.3518487813773037,
          "is_function_changed": false,
          "beta_env1": [
            -0.004981891205087447
          ],
          "beta_env2": [
            -0.05123183273695564
          ]
        },
        "noise_test": {
          "ks_statistic": 0.017,
          "p_value": 0.9987234512860412,
          "is_noise_changed": false
        }
      },
      "10": {
        "is_shifted": true,
        "parents": [
          5
        ],
        "function_test": {
          "f_statistic": 8.447215586918116,
          "p_value": 0.003696327210648942,
          "is_function_changed": true,
          "beta_env1": [
            0.2370189987005948
          ],
          "beta_env2": [
            -0.11052028146310502
          ]
        },
        "noise_test": {
          "ks_statistic": 0.432,
          "p_value": 3.677996330485201e-84,
          "is_noise_changed": true
        }
      },
      "12": {
        "is_shifted": true,
        "parents": [
          3
        ],
        "function_test": {
          "f_statistic": 43.57788492042599,
          "p_value": 5.2059911936908065e-11,
          "is_function_changed": true,
          "beta_env1": [
            0.2190809377962456
          ],
          "beta_env2": [
            -0.026658114544456976
          ]
        },
        "noise_test": {
          "ks_statistic": 0.114,
          "p_value": 4.441088228134397e-06,
          "is_noise_changed": true
        }
      },
      "14": {
        "is_shifted": true,
        "parents": [
          7,
          9
        ],
        "function_test": {
          "f_statistic": 182.7474759743523,
          "p_value": 1.1102230246251565e-16,
          "is_function_changed": true,
          "beta_env1": [
            0.028078125822434966,
            -0.040376346440401924
          ],
          "beta_env2": [
            2.674912151083734,
            2.3188135858709757
          ]
        },
        "noise_test": {
          "ks_statistic": 0.338,
          "p_value": 5.261321340466556e-51,
          "is_noise_changed": true
        }
      },
      "15": {
        "is_shifted": true,
        "parents": [
          13
        ],
        "function_test": {
          "f_statistic": 11.501366736898799,
          "p_value": 0.0007090069626122242,
          "is_function_changed": true,
          "beta_env1": [
            0.08027729109834358
          ],
          "beta_env2": [
            -0.0898261731995171
          ]
        },
        "noise_test": {
          "ks_statistic": 0.03,
          "p_value": 0.7593695685682871,
          "is_noise_changed": false
        }
      },
      "16": {
        "is_shifted": false,
        "parents": [
          7
        ],
        "function_test": {
          "f_statistic": 1.359737278328038,
          "p_value": 0.24372233091177353,
          "is_function_changed": false,
          "beta_env1": [
            0.02985023329156938
          ],
          "beta_env2": [
            -0.02839037924431699
          ]
        },
        "noise_test": {
          "ks_statistic": 0.023,
          "p_value": 0.9542189106778983,
          "is_noise_changed": false
        }
      },
      "17": {
        "is_shifted": false,
        "parents": [
          1,
          9
        ],
        "function_test": {
          "f_statistic": 2.4012032207222993,
          "p_value": 0.09087082449603479,
          "is_function_changed": false,
          "beta_env1": [
            -0.11623407779851823,
            -0.13126799472841863
          ],
          "beta_env2": [
            -0.03312607911998671,
            -0.03981044765292012
          ]
        },
        "noise_test": {
          "ks_statistic": 0.023,
          "p_value": 0.9542189106778983,
          "is_noise_changed": false
        }
      },
      "18": {
        "is_shifted": true,
        "parents": [
          5
        ],
        "function_test": {
          "f_statistic": 41.19588586089993,
          "p_value": 1.7156420728525745e-10,
          "is_function_changed": true,
          "beta_env1": [
            0.24702861026727715
          ],
          "beta_env2": [
            -0.02077653608427056
          ]
        },
        "noise_test": {
          "ks_statistic": 0.123,
          "p_value": 5.214702601499457e-07,
          "is_noise_changed": true
        }
      },
      "19": {
        "is_shifted": false,
        "parents": [
          13
        ],
        "function_test": {
          "f_statistic": 2.474369624987974,
          "p_value": 0.11587431455948871,
          "is_function_changed": false,
          "beta_env1": [
            0.04357215763061913
          ],
          "beta_env2": [
            -0.03622844563022161
          ]
        },
        "noise_test": {
          "ks_statistic": 0.024,
          "p_value": 0.9357699014782725,
          "is_noise_changed": false
        }
      },
      "20": {
        "is_shifted": true,
        "parents": [
          4
        ],
        "function_test": {
          "f_statistic": 341.46196522914204,
          "p_value": 1.1102230246251565e-16,
          "is_function_changed": true,
          "beta_env1": [
            -0.04307520246305113
          ],
          "beta_env2": [
            2.448750507067344
          ]
        },
        "noise_test": {
          "ks_statistic": 0.368,
          "p_value": 1.2990993761208528e-60,
          "is_noise_changed": true
        }
      },
      "21": {
        "is_shifted": true,
        "parents": [
          10
        ],