{
  "dataset_info": {
    "seed": 182,
    "dataset_index": 21,
    "node_count": 30,
    "edge_count": 30,
    "graph_type": "ER",
    "shifted_nodes": [
      11,
      26,
      5,
      15,
      24,
      10
    ],
    "shift_types": {
      "11": "function",
      "26": "function",
      "5": "function",
      "15": "function",
      "24": "function",
      "10": "function"
    },
    "shift_case": "function_function"
  },
  "model": "linearccp",
  "config_name": "ER",
  "dag_structure": "standard",
  "device": "cpu",
  "linearccp": {
    "shifted_nodes": [
      5,
      10,
      11,
      12,
      15,
      16,
      22,
      23,
      24,
      26,
      29
    ],
    "functional_change_nodes": [
      5,
      10,
      12,
      15,
      16,
      22,
      23,
      24,
      26,
      29
    ],
    "noise_change_nodes": [
      5,
      10,
      11,
      12,
      15,
      16,
      22,
      23,
      24,
      26,
      29
    ],
    "node_results": {
      "5": {
        "is_shifted": true,
        "parents": [
          1
        ],
        "function_test": {
          "f_statistic": 349.46421306739796,
          "p_value": 1.1102230246251565e-16,
          "is_function_changed": true,
          "beta_env1": [
            -0.04057430715035119
          ],
          "beta_env2": [
            2.4379601109769027
          ]
        },
        "noise_test": {
          "ks_statistic": 0.333,
          "p_value": 1.7219581232661912e-49,
          "is_noise_changed": true
        }
      },
      "7": {
        "is_shifted": false,
        "parents": [
          6
        ],
        "function_test": {
          "f_statistic": 0.03939356736555799,
          "p_value": 0.8426912084967185,
          "is_function_changed": false,
          "beta_env1": [
            0.00023104780883225124
          ],
          "beta_env2": [
            0.009976493903602153
          ]
        },
        "noise_test": {
          "ks_statistic": 0.033,
          "p_value": 0.647814872077161,
          "is_noise_changed": false
        }
      },
      "9": {
        "is_shifted": false,
        "parents": [
          8
        ],
        "function_test": {
          "f_statistic": 0.039312124319883186,
          "p_value": 0.8428517813428441,
          "is_function_changed": false,
          "beta_env1": [
            -0.029666848769296383
          ],
          "beta_env2": [
            -0.019897133526991625
          ]
        },
        "noise_test": {
          "ks_statistic": 0.039,
          "p_value": 0.43260886958153144,
          "is_noise_changed": false
        }
      },
      "10": {
        "is_shifted": true,
        "parents": [
          1
        ],
        "function_test": {
          "f_statistic": 373.7155531449329,
          "p_value": 1.1102230246251565e-16,
          "is_function_changed": true,
          "beta_env1": [
            -0.04403755011195458
          ],
          "beta_env2": [
            2.4963493199568134
          ]
        },
        "noise_test": {
          "ks_statistic": 0.356,
          "p_value": 1.1582681881726136e-56,
          "is_noise_changed": true
        }
      },
      "11": {
        "is_shifted": true,
        "parents": [
          10
        ],
        "function_test": {
          "f_statistic": 2.829612794339931,
          "p_value": 0.09269708554274458,
          "is_function_changed": false,
          "beta_env1": [
            0.11831071161474986
          ],
          "beta_env2": [
            -0.08123713345632735
          ]
        },
        "noise_test": {
          "ks_statistic": 0.413,
          "p_value": 1.0004257340859742e-76,
          "is_noise_changed": true
        }
      },
      "12": {
        "is_shifted": true,
        "parents": [
          5
        ],
        "function_test": {
          "f_statistic": 25.462076313430103,
          "p_value": 4.920564513621883e-07,
          "is_function_changed": true,
          "beta_env1": [
            0.18267198954330433
          ],
          "beta_env2": [
            -0.026588546392294184
          ]
        },
        "noise_test": {
          "ks_statistic": 0.149,
          "p_value": 4.2475154084352807e-10,
          "is_noise_changed": true
        }
      },
      "15": {
        "is_shifted": true,
        "parents": [
          1
        ],
        "function_test": {
          "f_statistic": 372.7501356410258,
          "p_value": 1.1102230246251565e-16,
          "is_function_changed": true,
          "beta_env1": [
            -0.040933344487258494
          ],
          "beta_env2": [
            2.5138245709573157
          ]
        },
        "noise_test": {
          "ks_statistic": 0.346,
          "p_value": 1.7628312247911467e-53,
          "is_noise_changed": true
        }
      },
      "16": {
        "is_shifted": true,
        "parents": [
          5,
          8
        ],
        "function_test": {
          "f_statistic": 16.200385116649645,
          "p_value": 1.049089841664852e-07,
          "is_function_changed": true,
          "beta_env1": [
            0.20814977500307041,
            0.10526686596291629
          ],
          "beta_env2": [
            -0.02522416097229156,
            0.2687234164286833
          ]
        },
        "noise_test": {
          "ks_statistic": 0.133,
          "p_value": 3.979777583324821e-08,
          "is_noise_changed": true
        }
      },
      "19": {
        "is_shifted": false,
        "parents": [
          4
        ],
        "function_test": {
          "f_statistic": 0.9847468286153274,
          "p_value": 0.3211499749655419,
          "is_function_changed": false,
          "beta_env1": [
            -0.010685047264374067
          ],
          "beta_env2": [
            -0.06004858491573349
          ]
        },
        "noise_test": {
          "ks_statistic": 0.039,
          "p_value": 0.43260886958153144,
          "is_noise_changed": false
        }
      },
      "20": {
        "is_shifted": false,
        "parents": [
          13
        ],
        "function_test": {
          "f_statistic": 0.8113125385362514,
          "p_value": 0.36784114579187177,
          "is_function_changed": false,
          "beta_env1": [
            -0.01173980594930981
          ],
          "beta_env2": [
            0.03346146854917179
          ]
        },
        "noise_test": {
          "ks_statistic": 0.032,
          "p_value": 0.6854967337920594,
          "is_noise_changed": false
        }
      },
      "21": {
        "is_shifted": false,
        "parents": [
          0,
          4
        ],
        "function_test": {
          "f_statistic": 0.41133356025274637,
          "p_value": 0.6628220464543728,
          "is_function_changed": false,
          "beta_env1": [
            0.0068218779020421455,
            0.006484924590709787
          ],
          "beta_env2": [
            -0.043343485655466384,
            -0.001918368971338702
          ]
        },
        "noise_test": {
          "ks_statistic": 0.027,
          "p_value": 0.8595454206943325,
          "is_noise_changed": false
        }
      },
      "22": {
        "is_shifted": true,
        "parents": [
          5
        ],
        "function_test": {
          "f_statistic": 35.87197199449916,
          "p_value": 2.4928396014090026e-09,
          "is_function_changed": true,
          "beta_env1": [
            0.2376957366031811
          ],
          "beta_env2": [
            -0.011369893057607739
          ]
        },
        "noise_test": {
          "ks_statistic": 0.141,
          "p_value": 4.38875271454814e-09,
          "is_noise_changed": true
        }
      },
      "23": {
        "is_shifted": true,
        "parents": [
          0,
          5,
          8,
          12
        ],
        "function_test": {
          "f_statistic": 13.988450244993345,
          "p_value": 2.9369617848828966e-11,
          "is_function_changed": true,