{
  "dataset_info": {
    "seed": 164,
    "dataset_index": 3,
    "node_count": 30,
    "edge_count": 30,
    "graph_type": "ER",
    "shifted_nodes": [
      18,
      17,
      25,
      23,
      27,
      14
    ],
    "shift_types": {
      "18": "function",
      "17": "function",
      "25": "function",
      "23": "function",
      "27": "function",
      "14": "function"
    },
    "shift_case": "function_function"
  },
  "model": "linearccp",
  "config_name": "ER",
  "dag_structure": "standard",
  "device": "cpu",
  "linearccp": {
    "shifted_nodes": [
      8,
      11,
      14,
      17,
      18,
      22,
      23,
      25,
      26,
      27
    ],
    "functional_change_nodes": [
      8,
      11,
      14,
      17,
      18,
      22,
      23,
      25,
      26,
      27
    ],
    "noise_change_nodes": [
      14,
      17,
      18,
      22,
      23,
      25,
      26,
      27
    ],
    "node_results": {
      "8": {
        "is_shifted": true,
        "parents": [
          4
        ],
        "function_test": {
          "f_statistic": 4.1226079321977895,
          "p_value": 0.042446145154603765,
          "is_function_changed": true,
          "beta_env1": [
            0.025009728669390857
          ],
          "beta_env2": [
            -0.07632497602346593
          ]
        },
        "noise_test": {
          "ks_statistic": 0.026,
          "p_value": 0.8881734182535203,
          "is_noise_changed": false
        }
      },
      "10": {
        "is_shifted": false,
        "parents": [
          1
        ],
        "function_test": {
          "f_statistic": 0.5778758263928526,
          "p_value": 0.4472359160951076,
          "is_function_changed": false,
          "beta_env1": [
            0.02074858969211845
          ],
          "beta_env2": [
            -0.01683625514541055
          ]
        },
        "noise_test": {
          "ks_statistic": 0.034,
          "p_value": 0.6101664688189142,
          "is_noise_changed": false
        }
      },
      "11": {
        "is_shifted": true,
        "parents": [
          2,
          8
        ],
        "function_test": {
          "f_statistic": 4.196137118212562,
          "p_value": 0.015186756065183604,
          "is_function_changed": true,
          "beta_env1": [
            0.142407575295914,
            0.18195567172706284
          ],
          "beta_env2": [
            0.03543359102028741,
            0.2913286140449771
          ]
        },
        "noise_test": {
          "ks_statistic": 0.037,
          "p_value": 0.5005673707894058,
          "is_noise_changed": false
        }
      },
      "14": {
        "is_shifted": true,
        "parents": [
          1,
          11
        ],
        "function_test": {
          "f_statistic": 83.32499453600735,
          "p_value": 1.1102230246251565e-16,
          "is_function_changed": true,
          "beta_env1": [
            0.1701061096245584,
            0.23622829820285246
          ],
          "beta_env2": [
            2.4182660394610074,
            0.2550341781239306
          ]
        },
        "noise_test": {
          "ks_statistic": 0.359,
          "p_value": 1.2295379067920271e-57,
          "is_noise_changed": true
        }
      },
      "16": {
        "is_shifted": false,
        "parents": [
          5
        ],
        "function_test": {
          "f_statistic": 0.00028642317283187154,
          "p_value": 0.9864989048019968,
          "is_function_changed": false,
          "beta_env1": [
            0.04306113745574798
          ],
          "beta_env2": [
            0.04392034594176356
          ]
        },
        "noise_test": {
          "ks_statistic": 0.026,
          "p_value": 0.8881734182535203,
          "is_noise_changed": false
        }
      },
      "17": {
        "is_shifted": true,
        "parents": [
          5
        ],
        "function_test": {
          "f_statistic": 340.7403221346103,
          "p_value": 1.1102230246251565e-16,
          "is_function_changed": true,
          "beta_env1": [
            -0.06291094638766867
          ],
          "beta_env2": [
            2.3183748537409885
          ]
        },
        "noise_test": {
          "ks_statistic": 0.347,
          "p_value": 8.558957839743207e-54,
          "is_noise_changed": true
        }
      },
      "18": {
        "is_shifted": true,
        "parents": [
          15,
          16
        ],
        "function_test": {
          "f_statistic": 83.64864319232464,
          "p_value": 1.1102230246251565e-16,
          "is_function_changed": true,
          "beta_env1": [
            0.016541867395417426,
            0.23023685517777895
          ],
          "beta_env2": [
            1.99899662148425,
            1.1530974983808957
          ]
        },
        "noise_test": {
          "ks_statistic": 0.338,
          "p_value": 5.261321340466556e-51,
          "is_noise_changed": true
        }
      },
      "19": {
        "is_shifted": false,
        "parents": [
          3,
          6
        ],
        "function_test": {
          "f_statistic": 1.1873836094269525,
          "p_value": 0.30523383950999206,
          "is_function_changed": false,
          "beta_env1": [
            0.06426269389039543,
            0.06016150943826038
          ],
          "beta_env2": [
            -0.023569843129476915,
            0.0641631610366378
          ]
        },
        "noise_test": {
          "ks_statistic": 0.037,
          "p_value": 0.5005673707894058,
          "is_noise_changed": false
        }
      },
      "20": {
        "is_shifted": false,
        "parents": [
          16
        ],
        "function_test": {
          "f_statistic": 1.9399677300837082,
          "p_value": 0.1638271508349054,
          "is_function_changed": false,
          "beta_env1": [
            0.24904967583576046
          ],
          "beta_env2": [
            0.1877088160063575
          ]
        },
        "noise_test": {
          "ks_statistic": 0.026,
          "p_value": 0.8881734182535203,
          "is_noise_changed": false
        }
      },
      "22": {
        "is_shifted": true,
        "parents": [
          5,
          17,
          21
        ],
        "function_test": {
          "f_statistic": 61.54168435988055,
          "p_value": 1.1102230246251565e-16,
          "is_function_changed": true,
          "beta_env1": [
            0.25873301366110774,
            0.463501523949291,
            0.05531638070480203
          ],
          "beta_env2": [
            0.48355837218080816,
            -0.1563446643161689,
            0.36938127364889206
          ]
        },
        "noise_test": {
          "ks_statistic": 0.118,
          "p_value": 1.7492235820299696e-06,
          "is_noise_changed": true
        }
      },
      "23": {
        "is_shifted": true,
        "parents": [
          15
        ],
        "function_test": {
          "f_statistic": 325.9675037282014,
          "p_value": 1.1102230246251565e-16,
          "is_function_changed": true,
          "beta_env1": [
            -0.05257583896271639
          ],
          "beta_env2": [
            2.228073341354075
          ]
        },
        "noise_test": {
          "ks_statistic": 0.344,
          "p_value": 7.427333747033019e-53,
          "is_noise_changed": true
        }
      },
      "25": {
        "is_shifted": true,
        "parents": [
          6,
          17,
          19
        ],
        "function_test": {
          "f_statistic": 24.662769530603768,
          "p_value": 1.1102230246251565e-15,
          "is_function_changed": true,
          "beta_env1": [
            0.3813753211027211,
            0.40407579710492636,
            0.44908658744809293
          ],
          "beta_env2": [
            2.0533842519872425,
            -0.11305483232115326,
            -0.5284987971300789
          ]
        },