{
  "dataset_info": {
    "seed": 162,
    "dataset_index": 1,
    "node_count": 30,
    "edge_count": 30,
    "graph_type": "ER",
    "shifted_nodes": [
      25,
      19,
      10,
      20,
      7,
      13
    ],
    "shift_types": {
      "25": "function",
      "19": "function",
      "10": "function",
      "20": "noise_std",
      "7": "noise_std",
      "13": "noise_std"
    },
    "shift_case": "function_noise_std"
  },
  "model": "linearccp",
  "config_name": "ER",
  "dag_structure": "standard",
  "device": "cpu",
  "linearccp": {
    "shifted_nodes": [
      7,
      9,
      10,
      13,
      14,
      16,
      19,
      20,
      21,
      22,
      23,
      24,
      25,
      29
    ],
    "functional_change_nodes": [
      9,
      10,
      14,
      16,
      19,
      20,
      21,
      22,
      23,
      24,
      25,
      29
    ],
    "noise_change_nodes": [
      7,
      10,
      13,
      14,
      19,
      20,
      21,
      22,
      23,
      24,
      25,
      29
    ],
    "node_results": {
      "7": {
        "is_shifted": true,
        "parents": [
          1
        ],
        "function_test": {
          "f_statistic": 2.0661742397759677,
          "p_value": 0.15075563079415455,
          "is_function_changed": false,
          "beta_env1": [
            0.0006368026508206838
          ],
          "beta_env2": [
            0.08339588369671178
          ]
        },
        "noise_test": {
          "ks_statistic": 0.082,
          "p_value": 0.002393409648884169,
          "is_noise_changed": true
        }
      },
      "9": {
        "is_shifted": true,
        "parents": [
          7
        ],
        "function_test": {
          "f_statistic": 7.984548273238317,
          "p_value": 0.004764768784899176,
          "is_function_changed": true,
          "beta_env1": [
            0.20085110387181526
          ],
          "beta_env2": [
            0.08217810821232534
          ]
        },
        "noise_test": {
          "ks_statistic": 0.052,
          "p_value": 0.13385273551786803,
          "is_noise_changed": false
        }
      },
      "10": {
        "is_shifted": true,
        "parents": [
          6
        ],
        "function_test": {
          "f_statistic": 339.8962321260597,
          "p_value": 1.1102230246251565e-16,
          "is_function_changed": true,
          "beta_env1": [
            0.032408312379755756
          ],
          "beta_env2": [
            2.477966871739965
          ]
        },
        "noise_test": {
          "ks_statistic": 0.359,
          "p_value": 1.2295379067920271e-57,
          "is_noise_changed": true
        }
      },
      "12": {
        "is_shifted": false,
        "parents": [
          2
        ],
        "function_test": {
          "f_statistic": 0.0013528086993172563,
          "p_value": 0.9706636620621109,
          "is_function_changed": false,
          "beta_env1": [
            0.04473131815925137
          ],
          "beta_env2": [
            0.04292605296065645
          ]
        },
        "noise_test": {
          "ks_statistic": 0.023,
          "p_value": 0.9542189106778983,
          "is_noise_changed": false
        }
      },
      "13": {
        "is_shifted": true,
        "parents": [
          0
        ],
        "function_test": {
          "f_statistic": 2.716850666048515,
          "p_value": 0.09945113240112069,
          "is_function_changed": false,
          "beta_env1": [
            0.05133667830487431
          ],
          "beta_env2": [
            -0.0468212113572755
          ]
        },
        "noise_test": {
          "ks_statistic": 0.1,
          "p_value": 8.974277567313009e-05,
          "is_noise_changed": true
        }
      },
      "14": {
        "is_shifted": true,
        "parents": [
          10
        ],
        "function_test": {
          "f_statistic": 28.311066378548297,
          "p_value": 1.1490080920051327e-07,
          "is_function_changed": true,
          "beta_env1": [
            0.201390386815845
          ],
          "beta_env2": [
            -0.023844442616787836
          ]
        },
        "noise_test": {
          "ks_statistic": 0.127,
          "p_value": 1.9092886474554655e-07,
          "is_noise_changed": true
        }
      },
      "15": {
        "is_shifted": false,
        "parents": [
          6
        ],
        "function_test": {
          "f_statistic": 1.7552896242284743,
          "p_value": 0.18536478456288907,
          "is_function_changed": false,
          "beta_env1": [
            0.03715348144328967
          ],
          "beta_env2": [
            -0.030802923268482548
          ]
        },
        "noise_test": {
          "ks_statistic": 0.026,
          "p_value": 0.8881734182535203,
          "is_noise_changed": false
        }
      },
      "16": {
        "is_shifted": true,
        "parents": [
          6,
          7
        ],
        "function_test": {
          "f_statistic": 5.288768314554874,
          "p_value": 0.005119031038852917,
          "is_function_changed": true,
          "beta_env1": [
            0.1362797831408072,
            0.16024945034582316
          ],
          "beta_env2": [
            0.057188810047920625,
            0.027060613903959325
          ]
        },
        "noise_test": {
          "ks_statistic": 0.041,
          "p_value": 0.37012017606173,
          "is_noise_changed": false
        }
      },
      "18": {
        "is_shifted": false,
        "parents": [
          12,
          16
        ],
        "function_test": {
          "f_statistic": 0.09048465292194137,
          "p_value": 0.9134921037840801,
          "is_function_changed": false,
          "beta_env1": [
            0.39557282896153634,
            0.23205335987355308
          ],
          "beta_env2": [
            0.41448521104659475,
            0.22072876333450425
          ]
        },
        "noise_test": {
          "ks_statistic": 0.024,
          "p_value": 0.9357699014782725,
          "is_noise_changed": false
        }
      },
      "19": {
        "is_shifted": true,
        "parents": [
          4,
          7
        ],
        "function_test": {
          "f_statistic": 75.17588212229317,
          "p_value": 1.1102230246251565e-16,
          "is_function_changed": true,
          "beta_env1": [
            0.11210340611041447,
            0.23135945982292724
          ],
          "beta_env2": [
            2.175131597856375,
            0.9730687732296897
          ]
        },
        "noise_test": {
          "ks_statistic": 0.36,
          "p_value": 5.795101457747716e-58,
          "is_noise_changed": true
        }
      },
      "20": {
        "is_shifted": true,
        "parents": [
          7
        ],
        "function_test": {
          "f_statistic": 7.866285852263244,
          "p_value": 0.005085276092739233,
          "is_function_changed": true,
          "beta_env1": [
            0.19641180905799255
          ],
          "beta_env2": [
            0.0587012260197917
          ]
        },
        "noise_test": {
          "ks_statistic": 0.098,
          "p_value": 0.00013349301651925088,
          "is_noise_changed": true
        }
      },
      "21": {
        "is_shifted": true,
        "parents": [
          13,
          15,
          20
        ],
        "function_test": {
          "f_statistic": 14.864390794803032,
          "p_value": 1.4284413651921568e-09,
          "is_function_changed": true,
          "beta_env1": [
            0.44790697207626695,
            0.3462434537953374,
            0.4114199360943815
          ],
          "beta_env2": [
            0.19855490070973672,
            0.3906857287329362,
            0.16027461242458615
          ]
        },
        "noise_test": {
          "ks_statistic": 0.072,
          "p_value": 0.01118990326412112,
          "is_noise_changed": true
        }
      },