{
  "dataset_info": {
    "seed": 176,
    "dataset_index": 15,
    "node_count": 30,
    "edge_count": 30,
    "graph_type": "ER",
    "shifted_nodes": [
      14,
      21,
      12,
      27,
      19,
      18
    ],
    "shift_types": {
      "14": "function",
      "21": "function",
      "12": "function",
      "27": "function",
      "19": "function",
      "18": "function"
    },
    "shift_case": "function_function"
  },
  "model": "linearccp",
  "config_name": "ER",
  "dag_structure": "standard",
  "device": "cpu",
  "linearccp": {
    "shifted_nodes": [
      12,
      14,
      18,
      19,
      20,
      21,
      24,
      25,
      27,
      29
    ],
    "functional_change_nodes": [
      12,
      14,
      18,
      19,
      20,
      21,
      24,
      25,
      27,
      29
    ],
    "noise_change_nodes": [
      12,
      14,
      18,
      19,
      21,
      24,
      25,
      27,
      29
    ],
    "node_results": {
      "10": {
        "is_shifted": false,
        "parents": [
          3
        ],
        "function_test": {
          "f_statistic": 0.37045063732065475,
          "p_value": 0.5428279923612513,
          "is_function_changed": false,
          "beta_env1": [
            0.006990359500354651
          ],
          "beta_env2": [
            -0.02393209730561193
          ]
        },
        "noise_test": {
          "ks_statistic": 0.035,
          "p_value": 0.5728904395829821,
          "is_noise_changed": false
        }
      },
      "12": {
        "is_shifted": true,
        "parents": [
          2
        ],
        "function_test": {
          "f_statistic": 407.8565148783511,
          "p_value": 1.1102230246251565e-16,
          "is_function_changed": true,
          "beta_env1": [
            -0.05177132673871415
          ],
          "beta_env2": [
            2.5838640657206065
          ]
        },
        "noise_test": {
          "ks_statistic": 0.351,
          "p_value": 4.64927301850743e-55,
          "is_noise_changed": true
        }
      },
      "14": {
        "is_shifted": true,
        "parents": [
          3,
          9
        ],
        "function_test": {
          "f_statistic": 182.62167124473032,
          "p_value": 1.1102230246251565e-16,
          "is_function_changed": true,
          "beta_env1": [
            0.04950371273308195,
            0.019213282933141635
          ],
          "beta_env2": [
            2.2810349833257524,
            2.54428841265137
          ]
        },
        "noise_test": {
          "ks_statistic": 0.325,
          "p_value": 4.0660830919911046e-47,
          "is_noise_changed": true
        }
      },
      "15": {
        "is_shifted": false,
        "parents": [
          2
        ],
        "function_test": {
          "f_statistic": 0.9181703821970855,
          "p_value": 0.3380718770878425,
          "is_function_changed": false,
          "beta_env1": [
            -0.027988481138810715
          ],
          "beta_env2": [
            0.021382168511732885
          ]
        },
        "noise_test": {
          "ks_statistic": 0.026,
          "p_value": 0.8881734182535203,
          "is_noise_changed": false
        }
      },
      "16": {
        "is_shifted": false,
        "parents": [
          15
        ],
        "function_test": {
          "f_statistic": 3.1978191152662334,
          "p_value": 0.07388816833862966,
          "is_function_changed": false,
          "beta_env1": [
            0.2588404863719085
          ],
          "beta_env2": [
            0.1769608623357873
          ]
        },
        "noise_test": {
          "ks_statistic": 0.039,
          "p_value": 0.43260886958153144,
          "is_noise_changed": false
        }
      },
      "17": {
        "is_shifted": false,
        "parents": [
          0,
          15,
          16
        ],
        "function_test": {
          "f_statistic": 0.5157349619609991,
          "p_value": 0.6714677319156658,
          "is_function_changed": false,
          "beta_env1": [
            0.1994832192850917,
            0.4395709316045284,
            0.4930453372546903
          ],
          "beta_env2": [
            0.1279444598467897,
            0.4131849126324628,
            0.4729839719596704
          ]
        },
        "noise_test": {
          "ks_statistic": 0.029,
          "p_value": 0.7946637387576738,
          "is_noise_changed": false
        }
      },
      "18": {
        "is_shifted": true,
        "parents": [
          14
        ],
        "function_test": {
          "f_statistic": 14.758142022672965,
          "p_value": 0.00012603514652054226,
          "is_function_changed": true,
          "beta_env1": [
            0.2578433553344406
          ],
          "beta_env2": [
            -0.1522510567355134
          ]
        },
        "noise_test": {
          "ks_statistic": 0.412,
          "p_value": 2.404084289563744e-76,
          "is_noise_changed": true
        }
      },
      "19": {
        "is_shifted": true,
        "parents": [
          11,
          13
        ],
        "function_test": {
          "f_statistic": 130.34397604253454,
          "p_value": 1.1102230246251565e-16,
          "is_function_changed": true,
          "beta_env1": [
            0.08057032911867368,
            0.06587333948476944
          ],
          "beta_env2": [
            2.1060646940021512,
            2.2008015348583956
          ]
        },
        "noise_test": {
          "ks_statistic": 0.334,
          "p_value": 8.609790616330956e-50,
          "is_noise_changed": true
        }
      },
      "20": {
        "is_shifted": true,
        "parents": [
          2,
          4,
          15
        ],
        "function_test": {
          "f_statistic": 3.318049782231341,
          "p_value": 0.019154390934478904,
          "is_function_changed": true,
          "beta_env1": [
            0.1629140565481145,
            0.14535120745616387,
            0.47888363640498915
          ],
          "beta_env2": [
            0.2482843776019286,
            0.11030082834759306,
            0.3250437317297821
          ]
        },
        "noise_test": {
          "ks_statistic": 0.027,
          "p_value": 0.8595454206943325,
          "is_noise_changed": false
        }
      },
      "21": {
        "is_shifted": true,
        "parents": [
          0
        ],
        "function_test": {
          "f_statistic": 330.72301323354543,
          "p_value": 1.1102230246251565e-16,
          "is_function_changed": true,
          "beta_env1": [
            0.026029076881677018
          ],
          "beta_env2": [
            2.4459718916714075
          ]
        },
        "noise_test": {
          "ks_statistic": 0.36,
          "p_value": 5.795101457747716e-58,
          "is_noise_changed": true
        }
      },
      "23": {
        "is_shifted": false,
        "parents": [
          13
        ],
        "function_test": {
          "f_statistic": 0.23791310358988346,
          "p_value": 0.6257710311540452,
          "is_function_changed": false,
          "beta_env1": [
            0.0719864260302613
          ],
          "beta_env2": [
            0.0473864660154587
          ]
        },
        "noise_test": {
          "ks_statistic": 0.034,
          "p_value": 0.6101664688189142,
          "is_noise_changed": false
        }
      },
      "24": {
        "is_shifted": true,
        "parents": [
          0,
          18
        ],
        "function_test": {
          "f_statistic": 11.284501453476414,
          "p_value": 1.338845613652051e-05,
          "is_function_changed": true,
          "beta_env1": [
            0.15139660680529843,
            0.19560483601004933
          ],
          "beta_env2": [
            0.09805085687398364,
            -0.008173023835138089
          ]
        },
        "noise_test": {
          "ks_statistic": 0.123,
          "p_value": 5.214702601499457e-07,