{
  "dataset_info": {
    "seed": 186,
    "dataset_index": 25,
    "node_count": 30,
    "edge_count": 30,
    "graph_type": "ER",
    "shifted_nodes": [
      8,
      12,
      22,
      26,
      18,
      28
    ],
    "shift_types": {
      "8": "function",
      "12": "function",
      "22": "function",
      "26": "noise_std",
      "18": "noise_std",
      "28": "noise_std"
    },
    "shift_case": "function_noise_std"
  },
  "model": "linearccp",
  "config_name": "ER",
  "dag_structure": "standard",
  "device": "cpu",
  "linearccp": {
    "shifted_nodes": [
      6,
      8,
      12,
      15,
      18,
      20,
      21,
      22,
      25,
      26,
      27,
      28
    ],
    "functional_change_nodes": [
      6,
      8,
      12,
      15,
      18,
      20,
      21,
      22,
      25,
      26,
      27,
      28
    ],
    "noise_change_nodes": [
      8,
      12,
      15,
      18,
      20,
      21,
      22,
      25,
      26,
      27,
      28
    ],
    "node_results": {
      "6": {
        "is_shifted": true,
        "parents": [
          0
        ],
        "function_test": {
          "f_statistic": 5.697961654274203,
          "p_value": 0.017077229913506242,
          "is_function_changed": true,
          "beta_env1": [
            -0.06606563369838288
          ],
          "beta_env2": [
            0.0580951914910527
          ]
        },
        "noise_test": {
          "ks_statistic": 0.025,
          "p_value": 0.9136894237272155,
          "is_noise_changed": false
        }
      },
      "7": {
        "is_shifted": false,
        "parents": [
          5
        ],
        "function_test": {
          "f_statistic": 1.119818153525601,
          "p_value": 0.2900856607788824,
          "is_function_changed": false,
          "beta_env1": [
            0.014441805617951213
          ],
          "beta_env2": [
            -0.03815568465536794
          ]
        },
        "noise_test": {
          "ks_statistic": 0.033,
          "p_value": 0.647814872077161,
          "is_noise_changed": false
        }
      },
      "8": {
        "is_shifted": true,
        "parents": [
          6
        ],
        "function_test": {
          "f_statistic": 114.97819611279529,
          "p_value": 1.1102230246251565e-16,
          "is_function_changed": true,
          "beta_env1": [
            0.11679559104628683
          ],
          "beta_env2": [
            1.2490823292483157
          ]
        },
        "noise_test": {
          "ks_statistic": 0.284,
          "p_value": 6.368984280614877e-36,
          "is_noise_changed": true
        }
      },
      "10": {
        "is_shifted": false,
        "parents": [
          0
        ],
        "function_test": {
          "f_statistic": 0.02447956579891183,
          "p_value": 0.8756866866124451,
          "is_function_changed": false,
          "beta_env1": [
            -0.0019393313601543092
          ],
          "beta_env2": [
            -0.009997777933855272
          ]
        },
        "noise_test": {
          "ks_statistic": 0.039,
          "p_value": 0.43260886958153144,
          "is_noise_changed": false
        }
      },
      "12": {
        "is_shifted": true,
        "parents": [
          11
        ],
        "function_test": {
          "f_statistic": 296.9343800052929,
          "p_value": 1.1102230246251565e-16,
          "is_function_changed": true,
          "beta_env1": [
            -0.018790774040770494
          ],
          "beta_env2": [
            2.2280087410356817
          ]
        },
        "noise_test": {
          "ks_statistic": 0.332,
          "p_value": 3.4361829016674145e-49,
          "is_noise_changed": true
        }
      },
      "14": {
        "is_shifted": false,
        "parents": [
          9
        ],
        "function_test": {
          "f_statistic": 0.1942622644345226,
          "p_value": 0.65944032748243,
          "is_function_changed": false,
          "beta_env1": [
            0.020414555571229176
          ],
          "beta_env2": [
            0.04213155571661777
          ]
        },
        "noise_test": {
          "ks_statistic": 0.024,
          "p_value": 0.9357699014782725,
          "is_noise_changed": false
        }
      },
      "15": {
        "is_shifted": true,
        "parents": [
          8
        ],
        "function_test": {
          "f_statistic": 22.679039411470338,
          "p_value": 2.052223803228337e-06,
          "is_function_changed": true,
          "beta_env1": [
            0.1841915087674114
          ],
          "beta_env2": [
            -0.01817500054328294
          ]
        },
        "noise_test": {
          "ks_statistic": 0.14,
          "p_value": 5.822752148022591e-09,
          "is_noise_changed": true
        }
      },
      "17": {
        "is_shifted": false,
        "parents": [
          4,
          16
        ],
        "function_test": {
          "f_statistic": 1.0595141768351706,
          "p_value": 0.3468192246197084,
          "is_function_changed": false,
          "beta_env1": [
            0.0033327201038342597,
            -0.016272093481932683
          ],
          "beta_env2": [
            0.010521454512244153,
            0.06648084194469475
          ]
        },
        "noise_test": {
          "ks_statistic": 0.019,
          "p_value": 0.9937026761524456,
          "is_noise_changed": false
        }
      },
      "18": {
        "is_shifted": true,
        "parents": [
          9
        ],
        "function_test": {
          "f_statistic": 5.003544646651073,
          "p_value": 0.025405494892450364,
          "is_function_changed": true,
          "beta_env1": [
            -0.08401915284044881
          ],
          "beta_env2": [
            0.04695023626099037
          ]
        },
        "noise_test": {
          "ks_statistic": 0.086,
          "p_value": 0.0012207544622917959,
          "is_noise_changed": true
        }
      },
      "19": {
        "is_shifted": false,
        "parents": [
          0,
          10,
          13
        ],
        "function_test": {
          "f_statistic": 1.0212081756893763,
          "p_value": 0.3821585090895989,
          "is_function_changed": false,
          "beta_env1": [
            0.21210278000708743,
            0.47102454532264637,
            0.08992489987589485
          ],
          "beta_env2": [
            0.126672128057832,
            0.4226994085814637,
            0.044589689769963275
          ]
        },
        "noise_test": {
          "ks_statistic": 0.036,
          "p_value": 0.5362766985932181,
          "is_noise_changed": false
        }
      },
      "20": {
        "is_shifted": true,
        "parents": [
          2,
          12
        ],
        "function_test": {
          "f_statistic": 16.859183972405663,
          "p_value": 5.487394860725914e-08,
          "is_function_changed": true,
          "beta_env1": [
            0.1680062962726649,
            0.24789445801087112
          ],
          "beta_env2": [
            0.28259413777426573,
            -0.008571421762838106
          ]
        },
        "noise_test": {
          "ks_statistic": 0.128,
          "p_value": 1.4776675436423948e-07,
          "is_noise_changed": true
        }
      },
      "21": {
        "is_shifted": true,
        "parents": [
          6,
          11,
          12
        ],
        "function_test": {
          "f_statistic": 45.413771896753865,
          "p_value": 1.1102230246251565e-16,
          "is_function_changed": true,
          "beta_env1": [
            0.23959885885963403,
            0.29436019316269757,
            0.4532589616882485
          ],
          "beta_env2": [
            0.34646190000762717,
            0.5636381327054065,
            -0.12813167434056852
          ]
        },
        "noise_test": {
          "ks_statistic": 0.121,
          "p_value": 8.513708327314542e-07,