{
  "dataset_info": {
    "seed": 310,
    "dataset_index": 29,
    "node_count": 50,
    "edge_count": 50,
    "graph_type": "ER",
    "shifted_nodes": [
      42,
      33,
      36,
      27,
      13,
      23,
      30,
      34,
      24,
      28
    ],
    "shift_types": {
      "42": "noise_std",
      "33": "noise_std",
      "36": "noise_std",
      "27": "noise_std",
      "13": "noise_std",
      "23": "noise_std",
      "30": "noise_std",
      "34": "noise_std",
      "24": "noise_std",
      "28": "noise_std"
    },
    "shift_case": "noise_std_noise_std"
  },
  "model": "iscan",
  "config_name": "ER",
  "dag_structure": "standard",
  "device": "cuda:0",
  "iscan": {
    "detected_shifted_nodes": [
      34
    ],
    "order": [
      47,
      22,
      0,
      31,
      25,
      4,
      9,
      8,
      15,
      45,
      37,
      39,
      21,
      10,
      3,
      1,
      2,
      35,
      12,
      14,
      11,
      6,
      5,
      7,
      28,
      18,
      26,
      19,
      33,
      23,
      38,
      24,
      36,
      48,
      43,
      13,
      20,
      16,
      32,
      17,
      27,
      44,
      46,
      49,
      30,
      41,
      29,
      34,
      40,
      42
    ],
    "ratio_dict": {
      "34": 2.1785956487436127,
      "30": 1.946382964139761,
      "27": 1.8754050299378038,
      "42": 1.8569368757234692,
      "13": 1.5833581091624744,
      "29": 1.3860327369901262,
      "40": 1.3099764166008416,
      "23": 1.2781609602283697,
      "33": 1.2721494752095734,
      "24": 1.2548505611967378,
      "28": 1.174827866690021,
      "17": 1.171916151788925,
      "46": 1.1503993320235786,
      "49": 1.1212044089850357,
      "36": 1.0630456528035803,
      "32": 1.059764327496637,
      "16": 1.0491346114514526,
      "12": 1.040105474307282,
      "41": 1.0356467240958809,
      "44": 0.9929007468601867,
      "35": 0.9310966278275962,
      "2": 0.9106426733458393,
      "14": 0.8962938400001971,
      "48": 0.8795194308858152,
      "3": 0.8717872239889043,
      "11": 0.8670726454909766,
      "1": 0.8558570357112335,
      "26": 0.8260370232084785,
      "22": 0.8206708157761932,
      "10": 0.8151313365529306,
      "15": 0.8085042436868712,
      "20": 0.8031912593214212,
      "5": 0.8008675922116888,
      "38": 0.7803698087805049,
      "6": 0.7585425895813285,
      "8": 0.7201529615862606,
      "31": 0.680420969520178,
      "21": 0.6795939120655908,
      "0": 0.6711803633069177,
      "7": 0.6683231405976786,
      "43": 0.6662420778675692,
      "45": 0.658407952990755,
      "18": 0.6500828210399949,
      "37": 0.6467067516601559,
      "19": 0.6100647448501987,
      "25": 0.5693771082290596,
      "4": 0.5642142796818296,
      "39": 0.5550749584162314,
      "9": 0.5524826329364007
    },
    "y_node_detection": {
      "detected": false,
      "expected": true
    },
    "true_shifted_node_summary": {
      "33": {
        "is_detected_as_shifted": false,
        "has_functional_shift_detected": true
      },
      "34": {
        "is_detected_as_shifted": true,
        "has_functional_shift_detected": true
      },
      "36": {
        "is_detected_as_shifted": false,
        "has_functional_shift_detected": true
      },
      "42": {
        "is_detected_as_shifted": false,
        "has_functional_shift_detected": true
      },
      "13": {
        "is_detected_as_shifted": false,
        "has_functional_shift_detected": true
      },
      "23": {
        "is_detected_as_shifted": false,
        "has_functional_shift_detected": true
      },
      "24": {
        "is_detected_as_shifted": false,
        "has_functional_shift_detected": false
      },
      "27": {
        "is_detected_as_shifted": false,
        "has_functional_shift_detected": true
      },
      "28": {
        "is_detected_as_shifted": false,
        "has_functional_shift_detected": true
      },
      "30": {
        "is_detected_as_shifted": false,
        "has_functional_shift_detected": true
      }
    },
    "functional_shift_results": {
      "33": {
        "shifted_edges": [
          [
            6,
            33
          ]
        ],
        "test_details": {
          "y_node": 33,
          "parents": [
            6
          ],
          "functional_shift_detected": true,
          "p_value_overall": 0.0006518333897432838,
          "parent_specific_p_values": {
            "6": 0.0006518333897432838
          },
          "coefficients_env1": {
            "Intercept": 1.076184111495231,
            "bs(x6, df=4, degree=3)[0]": -0.011611683240895232,
            "bs(x6, df=4, degree=3)[1]": -2.44643595317277,
            "bs(x6, df=4, degree=3)[2]": 0.5634780520808333,
            "bs(x6, df=4, degree=3)[3]": -0.8110986274370644
          },
          "coefficients_env2": {
            "Intercept": 1.5732294918634095,
            "bs(x6, df=4, degree=3)[0]": -0.5405951817326874,
            "bs(x6, df=4, degree=3)[1]": -2.6568034058586,
            "bs(x6, df=4, degree=3)[2]": -0.5804537326735639,
            "bs(x6, df=4, degree=3)[3]": -0.04078168154490347
          }
        },
        "has_functional_shift": true
      },
      "34": {
        "shifted_edges": [
          [
            27,
            34
          ]
        ],
        "test_details": {
          "y_node": 34,
          "parents": [
            7,
            27
          ],
          "functional_shift_detected": true,
          "p_value_overall": 0.002631294984770771,
          "parent_specific_p_values": {
            "7": 0.1001970349746133,
            "27": 0.0031551354765458894
          },
          "coefficients_env1": {
            "Intercept": 2.2018706257296867,
            "bs(x7, df=4, degree=3)[0]": 0.2995754667035841,
            "bs(x7, df=4, degree=3)[1]": -2.2352823197473586,
            "bs(x7, df=4, degree=3)[2]": 0.6510356529440118,
            "bs(x7, df=4, degree=3)[3]": 0.15544872260667564,
            "bs(x27, df=4, degree=3)[0]": -0.23335519458968734,
            "bs(x27, df=4, degree=3)[1]": -3.0590739446312254,
            "bs(x27, df=4, degree=3)[2]": 1.074399940608832,
            "bs(x27, df=4, degree=3)[3]": -2.2452890820397444
          },
          "coefficients_env2": {
            "Intercept": 2.000271991478393,
            "bs(x7, df=4, degree=3)[0]": 0.6401041324359851,
            "bs(x7, df=4, degree=3)[1]": -1.9078674575171328,
            "bs(x7, df=4, degree=3)[2]": 0.4702953869800664,
            "bs(x7, df=4, degree=3)[3]": 0.6955920348296416,
            "bs(x27, df=4, degree=3)[0]": -0.3384754765161888,
            "bs(x27, df=4, degree=3)[1]": -2.6092064274560403,
            "bs(x27, df=4, degree=3)[2]": 0.9610046001056582,
            "bs(x27, df=4, degree=3)[3]": -3.417232816643578
          }
        },
        "has_functional_shift": true
      },
      "36": {
        "shifted_edges": [
          [
            23,
            36
          ]
        ],
        "test_details": {
          "y_node": 36,
          "parents": [
            23
          ],
          "functional_shift_detected": true,
          "p_value_overall": 1.2586682749393674e-06,
          "parent_specific_p_values": {
            "23": 1.2586682749393674e-06
          },
          "coefficients_env1": {
            "Intercept": 0.8429507390719354,
            "bs(x23, df=4, degree=3)[0]": -0.08283605087604216,
            "bs(x23, df=4, degree=3)[1]": -2.3146648296907784,
            "bs(x23, df=4, degree=3)[2]": 1.858768616737184,
            "bs(x23, df=4, degree=3)[3]": -2.4106446166730215
          },
          "coefficients_env2": {
            "Intercept": 0.1320756698959476,
            "bs(x23, df=4, degree=3)[0]": 1.380554592013864,
            "bs(x23, df=4, degree=3)[1]": -1.9176371364279992,
            "bs(x23, df=4, degree=3)[2]": 2.483327282878386,
            "bs(x23, df=4, degree=3)[3]": -2.2279674689171967
          }
        },