{
  "dataset_info": {
    "seed": 296,
    "dataset_index": 15,
    "node_count": 50,
    "edge_count": 50,
    "graph_type": "ER",
    "shifted_nodes": [
      9,
      18,
      40,
      34,
      36,
      44,
      28,
      37,
      31,
      23
    ],
    "shift_types": {
      "9": "function",
      "18": "function",
      "40": "function",
      "34": "function",
      "36": "function",
      "44": "function",
      "28": "function",
      "37": "function",
      "31": "function",
      "23": "function"
    },
    "shift_case": "function_function"
  },
  "model": "iscan",
  "config_name": "ER",
  "dag_structure": "standard",
  "device": "cuda:0",
  "iscan": {
    "detected_shifted_nodes": [
      36,
      31,
      44,
      35,
      29,
      23,
      43,
      48,
      34,
      18,
      38,
      40
    ],
    "order": [
      0,
      32,
      20,
      3,
      21,
      17,
      7,
      2,
      4,
      27,
      8,
      10,
      42,
      14,
      47,
      25,
      19,
      1,
      5,
      41,
      46,
      26,
      12,
      45,
      6,
      13,
      24,
      9,
      15,
      16,
      37,
      11,
      30,
      33,
      22,
      28,
      40,
      38,
      39,
      18,
      49,
      34,
      48,
      43,
      23,
      29,
      35,
      44,
      31,
      36
    ],
    "ratio_dict": {
      "31": 254.20687961444568,
      "34": 35.33175461262402,
      "36": 28.51784076406493,
      "44": 16.692573679426967,
      "23": 6.493073995690846,
      "18": 3.8426669158194713,
      "29": 3.6082966151484785,
      "43": 3.446818699283869,
      "40": 3.1269412244500505,
      "38": 2.7826130558782767,
      "35": 2.5344793229786005,
      "48": 2.05142481106584,
      "28": 1.951688895510379,
      "39": 1.4117890331064047,
      "37": 1.3224524141534963,
      "5": 1.143046238607511,
      "49": 1.1138358684178946,
      "1": 1.0839648584477428,
      "19": 1.0562636722929875,
      "30": 0.970143491312354,
      "22": 0.9543573237466898,
      "32": 0.9224839462070613,
      "41": 0.9040881434446455,
      "14": 0.8649398365185829,
      "11": 0.8562287784819722,
      "25": 0.8380233934699302,
      "4": 0.8046938788714761,
      "46": 0.7750143942671598,
      "33": 0.7725945109974771,
      "2": 0.7687015074977093,
      "47": 0.7652925308193004,
      "6": 0.7600391298410811,
      "26": 0.7521534769645368,
      "12": 0.7374494883307908,
      "17": 0.7034112300240136,
      "13": 0.703105060449811,
      "20": 0.6977271114274667,
      "9": 0.6961400900055053,
      "42": 0.6924500691394089,
      "16": 0.6806359085170957,
      "27": 0.6764394408332507,
      "15": 0.6625279422974955,
      "3": 0.6551039950797783,
      "45": 0.6524989668686388,
      "21": 0.6418707838742048,
      "8": 0.6415967019461332,
      "24": 0.5896290998839121,
      "10": 0.5608271589780545,
      "7": 0.5267154100379825
    },
    "y_node_detection": {
      "detected": false,
      "expected": true
    },
    "true_shifted_node_summary": {
      "34": {
        "is_detected_as_shifted": true,
        "has_functional_shift_detected": true
      },
      "36": {
        "is_detected_as_shifted": true,
        "has_functional_shift_detected": true
      },
      "37": {
        "is_detected_as_shifted": false,
        "has_functional_shift_detected": true
      },
      "40": {
        "is_detected_as_shifted": true,
        "has_functional_shift_detected": true
      },
      "9": {
        "is_detected_as_shifted": false,
        "has_functional_shift_detected": true
      },
      "44": {
        "is_detected_as_shifted": true,
        "has_functional_shift_detected": true
      },
      "18": {
        "is_detected_as_shifted": true,
        "has_functional_shift_detected": true
      },
      "23": {
        "is_detected_as_shifted": true,
        "has_functional_shift_detected": true
      },
      "28": {
        "is_detected_as_shifted": false,
        "has_functional_shift_detected": true
      },
      "31": {
        "is_detected_as_shifted": true,
        "has_functional_shift_detected": true
      }
    },
    "functional_shift_results": {
      "34": {
        "shifted_edges": [
          [
            1,
            34
          ],
          [
            28,
            34
          ]
        ],
        "test_details": {
          "y_node": 34,
          "parents": [
            1,
            28
          ],
          "functional_shift_detected": true,
          "p_value_overall": 1.1102230246251565e-16,
          "parent_specific_p_values": {
            "1": 1.1102230246251565e-16,
            "28": 1.1102230246251565e-16
          },
          "coefficients_env1": {
            "Intercept": 2.27290587749402,
            "bs(x1, df=4, degree=3)[0]": -0.3098968309702983,
            "bs(x1, df=4, degree=3)[1]": -1.8133689568898594,
            "bs(x1, df=4, degree=3)[2]": 0.4730413806311461,
            "bs(x1, df=4, degree=3)[3]": 0.4091977341169794,
            "bs(x28, df=4, degree=3)[0]": -1.0775630368948736,
            "bs(x28, df=4, degree=3)[1]": -2.3615122014006205,
            "bs(x28, df=4, degree=3)[2]": 1.1256978859747684,
            "bs(x28, df=4, degree=3)[3]": -2.4825904915527954
          },
          "coefficients_env2": {
            "Intercept": 6.1181418918305255,
            "bs(x1, df=4, degree=3)[0]": -19.13682080323441,
            "bs(x1, df=4, degree=3)[1]": 10.164390494910153,
            "bs(x1, df=4, degree=3)[2]": -14.064822366128988,
            "bs(x1, df=4, degree=3)[3]": 1.592462679922861,
            "bs(x28, df=4, degree=3)[0]": 2.197061793115542,
            "bs(x28, df=4, degree=3)[1]": 4.382094888175819,
            "bs(x28, df=4, degree=3)[2]": -0.7553204412601404,
            "bs(x28, df=4, degree=3)[3]": 3.0530594509461735
          }
        },
        "has_functional_shift": true
      },
      "36": {
        "shifted_edges": [
          [
            13,
            36
          ],
          [
            11,
            36
          ],
          [
            35,
            36
          ]
        ],
        "test_details": {
          "y_node": 36,
          "parents": [
            11,
            13,
            35
          ],
          "functional_shift_detected": true,
          "p_value_overall": 1.1102230246251565e-16,
          "parent_specific_p_values": {
            "11": 1.1102230246251565e-16,
            "13": 1.1102230246251565e-16,
            "35": 1.1102230246251565e-16
          },
          "coefficients_env1": {
            "Intercept": 1.6493563543676,
            "bs(x11, df=4, degree=3)[0]": -1.709109815029867,
            "bs(x11, df=4, degree=3)[1]": -2.8116181784103076,
            "bs(x11, df=4, degree=3)[2]": 0.7032988867742758,
            "bs(x11, df=4, degree=3)[3]": -3.170459859491155,
            "bs(x13, df=4, degree=3)[0]": 0.01569940645103085,
            "bs(x13, df=4, degree=3)[1]": -1.3784122836464905,
            "bs(x13, df=4, degree=3)[2]": 1.6354368975054734,
            "bs(x13, df=4, degree=3)[3]": 1.0181008818730668,
            "bs(x35, df=4, degree=3)[0]": 0.7345840951188846,
            "bs(x35, df=4, degree=3)[1]": 1.9736915640783965,
            "bs(x35, df=4, degree=3)[2]": -2.370329799648684,
            "bs(x35, df=4, degree=3)[3]": 1.2871551405179809
          },
          "coefficients_env2": {
            "Intercept": 6.560143076220662,
            "bs(x11, df=4, degree=3)[0]": -3.5063063277260227,
            "bs(x11, df=4, degree=3)[1]": 13.364618815469232,
            "bs(x11, df=4, degree=3)[2]": -6.1363975474673635,
            "bs(x11, df=4, degree=3)[3]": 12.896028324099547,
            "bs(x13, df=4, degree=3)[0]": -14.691272722778432,
            "bs(x13, df=4, degree=3)[1]": 10.983239507529493,
            "bs(x13, df=4, degree=3)[2]": -10.26715175800465,
            "bs(x13, df=4, degree=3)[3]": 1.8879991718621947,