{
  "dataset_info": {
    "seed": 295,
    "dataset_index": 14,
    "node_count": 50,
    "edge_count": 50,
    "graph_type": "ER",
    "shifted_nodes": [
      22,
      34,
      35,
      45,
      27,
      47,
      15,
      8,
      12,
      26
    ],
    "shift_types": {
      "22": "function",
      "34": "function",
      "35": "function",
      "45": "function",
      "27": "function",
      "47": "noise_skew",
      "15": "noise_skew",
      "8": "noise_skew",
      "12": "noise_skew",
      "26": "noise_skew"
    },
    "shift_case": "function_noise_skew"
  },
  "model": "iscan",
  "config_name": "ER",
  "dag_structure": "standard",
  "device": "cuda:0",
  "iscan": {
    "detected_shifted_nodes": [
      45,
      22,
      31,
      34,
      32
    ],
    "order": [
      6,
      8,
      25,
      26,
      7,
      5,
      4,
      12,
      14,
      3,
      13,
      15,
      0,
      46,
      19,
      28,
      18,
      9,
      21,
      38,
      40,
      11,
      16,
      23,
      41,
      36,
      17,
      1,
      29,
      10,
      2,
      37,
      24,
      44,
      30,
      27,
      35,
      47,
      33,
      39,
      48,
      43,
      42,
      32,
      20,
      34,
      31,
      22,
      49,
      45
    ],
    "ratio_dict": {
      "45": 47.34010087432922,
      "22": 38.98011499321178,
      "32": 3.0719901621306693,
      "31": 2.570579890335609,
      "34": 2.1437082916441663,
      "49": 1.513597545899398,
      "43": 1.3604845243017933,
      "15": 1.3407291893131632,
      "20": 1.3357701335194707,
      "39": 1.2743768070752137,
      "12": 1.2707742136593758,
      "28": 1.2001883713562016,
      "8": 1.1761979175795527,
      "35": 1.175531540420008,
      "26": 1.1420451468479205,
      "33": 1.1126794885294122,
      "19": 1.0878311767725455,
      "25": 1.075742337122044,
      "9": 1.020001869155516,
      "21": 0.9994823791074426,
      "42": 0.9751522221632544,
      "18": 0.8808312331143744,
      "48": 0.8701897616560744,
      "7": 0.8609110437254045,
      "11": 0.8538906292413586,
      "14": 0.8476950701523407,
      "3": 0.841568167770577,
      "30": 0.8213361143926787,
      "40": 0.7774008814086264,
      "47": 0.7464537600265285,
      "37": 0.7211644936939957,
      "46": 0.7208380487538346,
      "0": 0.6993013995496716,
      "24": 0.69534663066569,
      "38": 0.6915825556287418,
      "16": 0.67923910561605,
      "27": 0.6787405292466182,
      "36": 0.6415000252514373,
      "4": 0.6390140011608757,
      "13": 0.6315045595390996,
      "44": 0.6303969183978618,
      "29": 0.6277114759231988,
      "23": 0.6223740850331014,
      "2": 0.6132936507785579,
      "10": 0.5922961764172175,
      "41": 0.5901935372894228,
      "17": 0.5821215921935041,
      "5": 0.49974592236388815,
      "1": 0.48063739587024507
    },
    "y_node_detection": {
      "detected": false,
      "expected": true
    },
    "true_shifted_node_summary": {
      "34": {
        "is_detected_as_shifted": true,
        "has_functional_shift_detected": true
      },
      "35": {
        "is_detected_as_shifted": false,
        "has_functional_shift_detected": true
      },
      "8": {
        "is_detected_as_shifted": false,
        "has_functional_shift_detected": true
      },
      "12": {
        "is_detected_as_shifted": false,
        "has_functional_shift_detected": true
      },
      "45": {
        "is_detected_as_shifted": true,
        "has_functional_shift_detected": true
      },
      "47": {
        "is_detected_as_shifted": false,
        "has_functional_shift_detected": true
      },
      "15": {
        "is_detected_as_shifted": false,
        "has_functional_shift_detected": false
      },
      "22": {
        "is_detected_as_shifted": true,
        "has_functional_shift_detected": true
      },
      "26": {
        "is_detected_as_shifted": false,
        "has_functional_shift_detected": false
      },
      "27": {
        "is_detected_as_shifted": false,
        "has_functional_shift_detected": true
      }
    },
    "functional_shift_results": {
      "34": {
        "shifted_edges": [
          [
            20,
            34
          ]
        ],
        "test_details": {
          "y_node": 34,
          "parents": [
            20
          ],
          "functional_shift_detected": true,
          "p_value_overall": 1.1102230246251565e-16,
          "parent_specific_p_values": {
            "20": 1.1102230246251565e-16
          },
          "coefficients_env1": {
            "Intercept": 2.1102089947147764,
            "bs(x20, df=4, degree=3)[0]": -3.5322102375403808,
            "bs(x20, df=4, degree=3)[1]": 1.4541977930480445,
            "bs(x20, df=4, degree=3)[2]": -5.208640528476384,
            "bs(x20, df=4, degree=3)[3]": -0.46111987900460705
          },
          "coefficients_env2": {
            "Intercept": -4.260924443815023,
            "bs(x20, df=4, degree=3)[0]": 4.02899936967898,
            "bs(x20, df=4, degree=3)[1]": 11.619434632911322,
            "bs(x20, df=4, degree=3)[2]": 0.5838160085785606,
            "bs(x20, df=4, degree=3)[3]": 5.755578427152711
          }
        },
        "has_functional_shift": true
      },
      "35": {
        "shifted_edges": [
          [
            21,
            35
          ]
        ],
        "test_details": {
          "y_node": 35,
          "parents": [
            21
          ],
          "functional_shift_detected": true,
          "p_value_overall": 1.1102230246251565e-16,
          "parent_specific_p_values": {
            "21": 1.1102230246251565e-16
          },
          "coefficients_env1": {
            "Intercept": -0.48462087935881565,
            "bs(x21, df=4, degree=3)[0]": 2.5797810140350688,
            "bs(x21, df=4, degree=3)[1]": -1.2971036043082,
            "bs(x21, df=4, degree=3)[2]": 1.894148356583627,
            "bs(x21, df=4, degree=3)[3]": 1.007967606069386
          },
          "coefficients_env2": {
            "Intercept": 7.139144672003265,
            "bs(x21, df=4, degree=3)[0]": -18.976110854835362,
            "bs(x21, df=4, degree=3)[1]": 7.9718219496988105,
            "bs(x21, df=4, degree=3)[2]": -12.294393894417524,
            "bs(x21, df=4, degree=3)[3]": 1.5713052640556633
          }
        },
        "has_functional_shift": true
      },
      "8": {
        "shifted_edges": [
          [
            6,
            8
          ]
        ],
        "test_details": {
          "y_node": 8,
          "parents": [
            6
          ],
          "functional_shift_detected": true,
          "p_value_overall": 1.1865430047164338e-05,
          "parent_specific_p_values": {
            "6": 1.1865430047164338e-05
          },
          "coefficients_env1": {
            "Intercept": 1.227743140086393,
            "bs(x6, df=4, degree=3)[0]": -0.4508320078055057,
            "bs(x6, df=4, degree=3)[1]": -2.257803838141268,
            "bs(x6, df=4, degree=3)[2]": 0.08168521398723178,
            "bs(x6, df=4, degree=3)[3]": -0.5263853986065777
          },
          "coefficients_env2": {
            "Intercept": 1.4139837946467326,
            "bs(x6, df=4, degree=3)[0]": 0.013166565205251252,
            "bs(x6, df=4, degree=3)[1]": -2.031510530662334,
            "bs(x6, df=4, degree=3)[2]": -0.12451042935217943,
            "bs(x6, df=4, degree=3)[3]": 0.06237206220667732
          }
        },
        "has_functional_shift": true
      },
      "12": {
        "shifted_edges": [
          [
            4,
            12
          ]
        ],
        "test_details": {
          "y_node": 12,
          "parents": [
            4,
            5
          ],
          "functional_shift_detected": true,
          "p_value_overall": 1.1102230246251565e-16,
          "parent_specific_p_values": {
            "4": 1.1102230246251565e-16,
            "5": 0.1239488261339815
          },