{
  "dataset_info": {
    "seed": 298,
    "dataset_index": 17,
    "node_count": 50,
    "edge_count": 50,
    "graph_type": "ER",
    "shifted_nodes": [
      30,
      23,
      10,
      35,
      45,
      21,
      24,
      13,
      16,
      36
    ],
    "shift_types": {
      "30": "noise_std",
      "23": "noise_std",
      "10": "noise_std",
      "35": "noise_std",
      "45": "noise_std",
      "21": "noise_std",
      "24": "noise_std",
      "13": "noise_std",
      "16": "noise_std",
      "36": "noise_std"
    },
    "shift_case": "noise_std_noise_std"
  },
  "model": "iscan",
  "config_name": "ER",
  "dag_structure": "standard",
  "device": "cuda:0",
  "iscan": {
    "detected_shifted_nodes": [
      45,
      16,
      24
    ],
    "order": [
      11,
      25,
      8,
      2,
      42,
      0,
      15,
      28,
      17,
      6,
      43,
      9,
      41,
      12,
      47,
      1,
      18,
      7,
      3,
      5,
      20,
      27,
      36,
      14,
      32,
      4,
      22,
      29,
      44,
      49,
      10,
      33,
      40,
      23,
      37,
      39,
      21,
      19,
      26,
      30,
      13,
      34,
      24,
      38,
      31,
      48,
      35,
      16,
      46,
      45
    ],
    "ratio_dict": {
      "24": 2.384209575148324,
      "45": 2.307086163923852,
      "16": 2.288933131080359,
      "35": 1.8194419653130558,
      "25": 1.6503063611076267,
      "23": 1.6127420354151463,
      "30": 1.5964988552954784,
      "48": 1.4857917602664032,
      "36": 1.308303738370605,
      "13": 1.3064469508157868,
      "10": 1.2722836286635808,
      "21": 1.198980338714207,
      "34": 1.1650630923123655,
      "46": 1.1467086194161327,
      "31": 1.1412915535711194,
      "7": 1.0365701337624667,
      "38": 1.0329683011010864,
      "3": 0.9634842867195491,
      "1": 0.9372902862212867,
      "18": 0.9139144549815573,
      "47": 0.9113399555345416,
      "44": 0.8895160327533674,
      "8": 0.885313762419612,
      "19": 0.8764761354055919,
      "5": 0.8603620272517747,
      "2": 0.8479360393243592,
      "20": 0.8221865724177528,
      "39": 0.8025265913692012,
      "49": 0.7766879880128695,
      "27": 0.7686329778628785,
      "37": 0.7612590413471099,
      "40": 0.7538584597892994,
      "32": 0.7411364549298554,
      "9": 0.7364235882575919,
      "17": 0.7350932157771847,
      "33": 0.7269231849213091,
      "26": 0.7212493643358331,
      "41": 0.7138296186577435,
      "6": 0.7095721097940504,
      "22": 0.6748076760996607,
      "42": 0.6655458448375512,
      "15": 0.6435892341291292,
      "29": 0.6345286797144617,
      "12": 0.6156670883824114,
      "4": 0.6021154033124466,
      "14": 0.5994248833648395,
      "43": 0.5643306447879632,
      "0": 0.5484018664483044,
      "28": 0.5051355713645895
    },
    "y_node_detection": {
      "detected": false,
      "expected": true
    },
    "true_shifted_node_summary": {
      "35": {
        "is_detected_as_shifted": false,
        "has_functional_shift_detected": true
      },
      "36": {
        "is_detected_as_shifted": false,
        "has_functional_shift_detected": true
      },
      "10": {
        "is_detected_as_shifted": false,
        "has_functional_shift_detected": true
      },
      "45": {
        "is_detected_as_shifted": true,
        "has_functional_shift_detected": true
      },
      "13": {
        "is_detected_as_shifted": false,
        "has_functional_shift_detected": true
      },
      "16": {
        "is_detected_as_shifted": true,
        "has_functional_shift_detected": true
      },
      "21": {
        "is_detected_as_shifted": false,
        "has_functional_shift_detected": false
      },
      "23": {
        "is_detected_as_shifted": false,
        "has_functional_shift_detected": true
      },
      "24": {
        "is_detected_as_shifted": true,
        "has_functional_shift_detected": true
      },
      "30": {
        "is_detected_as_shifted": false,
        "has_functional_shift_detected": true
      }
    },
    "functional_shift_results": {
      "35": {
        "shifted_edges": [
          [
            31,
            35
          ]
        ],
        "test_details": {
          "y_node": 35,
          "parents": [
            31
          ],
          "functional_shift_detected": true,
          "p_value_overall": 0.01477900921962716,
          "parent_specific_p_values": {
            "31": 0.01477900921962716
          },
          "coefficients_env1": {
            "Intercept": 2.336559236684175,
            "bs(x31, df=4, degree=3)[0]": -3.665519596687429,
            "bs(x31, df=4, degree=3)[1]": -0.18342263454804852,
            "bs(x31, df=4, degree=3)[2]": -2.652714015825397,
            "bs(x31, df=4, degree=3)[3]": -3.4200151739460685
          },
          "coefficients_env2": {
            "Intercept": 3.0386363704239194,
            "bs(x31, df=4, degree=3)[0]": -4.508074861274192,
            "bs(x31, df=4, degree=3)[1]": -1.1504833441934146,
            "bs(x31, df=4, degree=3)[2]": -3.1438747984550406,
            "bs(x31, df=4, degree=3)[3]": -3.59463203077725
          }
        },
        "has_functional_shift": true
      },
      "36": {
        "shifted_edges": [
          [
            15,
            36
          ]
        ],
        "test_details": {
          "y_node": 36,
          "parents": [
            15
          ],
          "functional_shift_detected": true,
          "p_value_overall": 0.0103733798192569,
          "parent_specific_p_values": {
            "15": 0.0103733798192569
          },
          "coefficients_env1": {
            "Intercept": 0.7463243911906075,
            "bs(x15, df=4, degree=3)[0]": 0.5576176398855662,
            "bs(x15, df=4, degree=3)[1]": -2.3025158246897277,
            "bs(x15, df=4, degree=3)[2]": 1.138369325411761,
            "bs(x15, df=4, degree=3)[3]": -0.9840733575894327
          },
          "coefficients_env2": {
            "Intercept": 0.8657433417488549,
            "bs(x15, df=4, degree=3)[0]": 0.8662209039519175,
            "bs(x15, df=4, degree=3)[1]": -2.804618840943948,
            "bs(x15, df=4, degree=3)[2]": 1.0218834929346323,
            "bs(x15, df=4, degree=3)[3]": -0.7346391615549436
          }
        },
        "has_functional_shift": true
      },
      "10": {
        "shifted_edges": [
          [
            2,
            10
          ]
        ],
        "test_details": {
          "y_node": 10,
          "parents": [
            2
          ],
          "functional_shift_detected": true,
          "p_value_overall": 0.018899854898367652,
          "parent_specific_p_values": {
            "2": 0.018899854898367652
          },
          "coefficients_env1": {
            "Intercept": 1.0756060199915285,
            "bs(x2, df=4, degree=3)[0]": 0.108253928611173,
            "bs(x2, df=4, degree=3)[1]": -2.521793350021563,
            "bs(x2, df=4, degree=3)[2]": 0.5658537606433779,
            "bs(x2, df=4, degree=3)[3]": -0.6460119702577471
          },
          "coefficients_env2": {
            "Intercept": 1.0686925735309467,
            "bs(x2, df=4, degree=3)[0]": -0.2771246155535052,
            "bs(x2, df=4, degree=3)[1]": -1.7578032862781003,
            "bs(x2, df=4, degree=3)[2]": -0.23942298363814116,
            "bs(x2, df=4, degree=3)[3]": 0.08863865616551286
          }
        },
        "has_functional_shift": true
      },
      "45": {
        "shifted_edges": [
          [
            26,
            45
          ],
          [
            30,
            45
          ],
          [
            38,
            45
          ]
        ],
        "test_details": {
          "y_node": 45,
          "parents": [
            26,
            29,
            30,
            38
          ],
          "functional_shift_detected": true,
          "p_value_overall": 3.862315245406478e-09,