{
  "dataset_info": {
    "seed": 297,
    "dataset_index": 16,
    "node_count": 50,
    "edge_count": 50,
    "graph_type": "ER",
    "shifted_nodes": [
      49,
      15,
      31,
      37,
      44,
      14,
      36,
      24,
      25,
      26
    ],
    "shift_types": {
      "49": "noise_std",
      "15": "noise_std",
      "31": "noise_std",
      "37": "noise_std",
      "44": "noise_std",
      "14": "noise_skew",
      "36": "noise_skew",
      "24": "noise_skew",
      "25": "noise_skew",
      "26": "noise_skew"
    },
    "shift_case": "noise_std_noise_skew"
  },
  "model": "iscan",
  "config_name": "ER",
  "dag_structure": "standard",
  "device": "cuda:0",
  "iscan": {
    "detected_shifted_nodes": [
      49
    ],
    "order": [
      1,
      14,
      8,
      24,
      17,
      4,
      26,
      5,
      25,
      19,
      33,
      36,
      22,
      11,
      20,
      12,
      43,
      41,
      2,
      7,
      21,
      0,
      3,
      18,
      15,
      35,
      10,
      16,
      42,
      32,
      13,
      9,
      29,
      23,
      31,
      37,
      46,
      6,
      34,
      27,
      28,
      49,
      39,
      44,
      30,
      45,
      48,
      40,
      47,
      38
    ],
    "ratio_dict": {
      "49": 2.218016634695107,
      "44": 1.939518017021384,
      "37": 1.6610945672288968,
      "15": 1.5463417669457356,
      "31": 1.4422295018787599,
      "38": 1.3922993601967408,
      "24": 1.3384494525411679,
      "47": 1.3186066467406612,
      "25": 1.2849429236624363,
      "40": 1.2600457365099804,
      "30": 1.2497161218598591,
      "22": 1.1244776303250417,
      "45": 1.1063470536885576,
      "28": 1.0921851739664403,
      "48": 1.0869942787436002,
      "27": 1.0777388394999137,
      "12": 1.052965083120002,
      "6": 0.95972155497492,
      "23": 0.9541040823122153,
      "26": 0.9293407264826336,
      "7": 0.9016464150825122,
      "21": 0.8679713805154499,
      "14": 0.8655182601455107,
      "41": 0.8602844814483309,
      "39": 0.8598835593553434,
      "36": 0.8321778061346262,
      "3": 0.8296644861479137,
      "46": 0.819939720403865,
      "43": 0.8158421646773107,
      "34": 0.8098410670485459,
      "18": 0.8066023900870064,
      "35": 0.7933265920540439,
      "11": 0.7884896636227194,
      "20": 0.7834571655364405,
      "2": 0.7820336594772453,
      "29": 0.7818076470125057,
      "17": 0.7444263347804971,
      "13": 0.7300443946675711,
      "0": 0.7274770560300445,
      "42": 0.7094102927729603,
      "5": 0.7093935945366109,
      "32": 0.705871309300775,
      "9": 0.6748834663992539,
      "16": 0.6612011420210968,
      "8": 0.6494745995350576,
      "19": 0.6307024932522125,
      "4": 0.6273463943078139,
      "10": 0.6024320443365265,
      "33": 0.5846798514345333
    },
    "y_node_detection": {
      "detected": false,
      "expected": true
    },
    "true_shifted_node_summary": {
      "36": {
        "is_detected_as_shifted": false,
        "has_functional_shift_detected": true
      },
      "37": {
        "is_detected_as_shifted": false,
        "has_functional_shift_detected": true
      },
      "44": {
        "is_detected_as_shifted": false,
        "has_functional_shift_detected": false
      },
      "14": {
        "is_detected_as_shifted": false,
        "has_functional_shift_detected": true
      },
      "15": {
        "is_detected_as_shifted": false,
        "has_functional_shift_detected": true
      },
      "49": {
        "is_detected_as_shifted": true,
        "has_functional_shift_detected": true
      },
      "24": {
        "is_detected_as_shifted": false,
        "has_functional_shift_detected": true
      },
      "25": {
        "is_detected_as_shifted": false,
        "has_functional_shift_detected": true
      },
      "26": {
        "is_detected_as_shifted": false,
        "has_functional_shift_detected": true
      },
      "31": {
        "is_detected_as_shifted": false,
        "has_functional_shift_detected": true
      }
    },
    "functional_shift_results": {
      "36": {
        "shifted_edges": [
          [
            22,
            36
          ]
        ],
        "test_details": {
          "y_node": 36,
          "parents": [
            19,
            22,
            33
          ],
          "functional_shift_detected": true,
          "p_value_overall": 7.155796809055204e-05,
          "parent_specific_p_values": {
            "19": 0.7795332931120685,
            "22": 8.114235411360582e-07,
            "33": 0.3375819801133241
          },
          "coefficients_env1": {
            "Intercept": 0.831092189284152,
            "bs(x19, df=4, degree=3)[0]": 1.7004536495288833,
            "bs(x19, df=4, degree=3)[1]": -1.556120998245812,
            "bs(x19, df=4, degree=3)[2]": 1.9489701164845474,
            "bs(x19, df=4, degree=3)[3]": 0.2844061483668035,
            "bs(x22, df=4, degree=3)[0]": 0.5705241074013971,
            "bs(x22, df=4, degree=3)[1]": -2.2132359082081248,
            "bs(x22, df=4, degree=3)[2]": 2.321768834007975,
            "bs(x22, df=4, degree=3)[3]": -2.7219578762113548,
            "bs(x33, df=4, degree=3)[0]": 0.917012733587482,
            "bs(x33, df=4, degree=3)[1]": -2.0532537161594115,
            "bs(x33, df=4, degree=3)[2]": 0.939232824277465,
            "bs(x33, df=4, degree=3)[3]": 0.5053296687683854
          },
          "coefficients_env2": {
            "Intercept": 1.597619321142338,
            "bs(x19, df=4, degree=3)[0]": 1.3447479870030103,
            "bs(x19, df=4, degree=3)[1]": -1.984907612852616,
            "bs(x19, df=4, degree=3)[2]": 1.716072534183422,
            "bs(x19, df=4, degree=3)[3]": -0.21478557754028071,
            "bs(x22, df=4, degree=3)[0]": 0.22778596471498103,
            "bs(x22, df=4, degree=3)[1]": -2.4935988733978496,
            "bs(x22, df=4, degree=3)[2]": 1.3271020253776022,
            "bs(x22, df=4, degree=3)[3]": -1.6301808843936598,
            "bs(x33, df=4, degree=3)[0]": 1.3473434353441687,
            "bs(x33, df=4, degree=3)[1]": -1.5795946371235414,
            "bs(x33, df=4, degree=3)[2]": 1.1102007669135812,
            "bs(x33, df=4, degree=3)[3]": 1.126216856725339
          }
        },
        "has_functional_shift": true
      },
      "37": {
        "shifted_edges": [
          [
            20,
            37
          ]
        ],
        "test_details": {
          "y_node": 37,
          "parents": [
            20,
            33
          ],
          "functional_shift_detected": true,
          "p_value_overall": 2.2696621915230253e-08,
          "parent_specific_p_values": {
            "20": 1.503603508368201e-08,
            "33": 0.08157625386621803
          },
          "coefficients_env1": {
            "Intercept": 1.314512576946922,
            "bs(x20, df=4, degree=3)[0]": 0.8661904985786194,
            "bs(x20, df=4, degree=3)[1]": -1.8557669587511825,
            "bs(x20, df=4, degree=3)[2]": 1.8748360450176667,
            "bs(x20, df=4, degree=3)[3]": -1.0208014811048374,
            "bs(x33, df=4, degree=3)[0]": -0.15401480067053702,
            "bs(x33, df=4, degree=3)[1]": -2.1035207240380642,
            "bs(x33, df=4, degree=3)[2]": 0.3462996525097407,
            "bs(x33, df=4, degree=3)[3]": -0.10549238522785531
          },
          "coefficients_env2": {
            "Intercept": 2.1090446550550785,
            "bs(x20, df=4, degree=3)[0]": -2.1363047779471653,
            "bs(x20, df=4, degree=3)[1]": -2.6283972184492717,
            "bs(x20, df=4, degree=3)[2]": 0.0638962211473571,
            "bs(x20, df=4, degree=3)[3]": -3.3789163069805115,
            "bs(x33, df=4, degree=3)[0]": 1.3961041664820912,
            "bs(x33, df=4, degree=3)[1]": -1.514186770962747,
            "bs(x33, df=4, degree=3)[2]": 1.5341682224871327,
            "bs(x33, df=4, degree=3)[3]": 1.167518014384148
          }
        },