{
  "dataset_info": {
    "seed": 104,
    "dataset_index": 3,
    "node_count": 20,
    "edge_count": 20,
    "graph_type": "ER",
    "shifted_nodes": [
      8,
      6,
      18,
      19
    ],
    "shift_types": {
      "8": "function",
      "6": "function",
      "18": "function",
      "19": "function"
    },
    "shift_case": "function_function"
  },
  "model": "linearccp",
  "config_name": "ER",
  "dag_structure": "standard",
  "device": "cpu",
  "linearccp": {
    "shifted_nodes": [
      6,
      8,
      12,
      13,
      15,
      16,
      17,
      18,
      19
    ],
    "functional_change_nodes": [
      6,
      8,
      12,
      13,
      15,
      16,
      17,
      18,
      19
    ],
    "noise_change_nodes": [
      6,
      8,
      12,
      15,
      16,
      17,
      18,
      19
    ],
    "node_results": {
      "2": {
        "is_shifted": false,
        "parents": [
          0
        ],
        "function_test": {
          "f_statistic": 0.010488710871383795,
          "p_value": 0.9184380356752733,
          "is_function_changed": false,
          "beta_env1": [
            -0.006627095473901323
          ],
          "beta_env2": [
            -0.011839264309899464
          ]
        },
        "noise_test": {
          "ks_statistic": 0.029,
          "p_value": 0.7946637387576738,
          "is_noise_changed": false
        }
      },
      "3": {
        "is_shifted": false,
        "parents": [
          1
        ],
        "function_test": {
          "f_statistic": 0.14299169940456752,
          "p_value": 0.7053649980482948,
          "is_function_changed": false,
          "beta_env1": [
            -0.023744887884313642
          ],
          "beta_env2": [
            -0.004533415302127625
          ]
        },
        "noise_test": {
          "ks_statistic": 0.032,
          "p_value": 0.6854967337920594,
          "is_noise_changed": false
        }
      },
      "6": {
        "is_shifted": true,
        "parents": [
          3
        ],
        "function_test": {
          "f_statistic": 116.00440363387591,
          "p_value": 1.1102230246251565e-16,
          "is_function_changed": true,
          "beta_env1": [
            0.24557427982586574
          ],
          "beta_env2": [
            1.4376031306700194
          ]
        },
        "noise_test": {
          "ks_statistic": 0.307,
          "p_value": 5.274648198989292e-42,
          "is_noise_changed": true
        }
      },
      "8": {
        "is_shifted": true,
        "parents": [
          1,
          5
        ],
        "function_test": {
          "f_statistic": 193.56906668326562,
          "p_value": 1.1102230246251565e-16,
          "is_function_changed": true,
          "beta_env1": [
            -0.046161019070948626,
            -0.0736642256704549
          ],
          "beta_env2": [
            2.34963602551958,
            2.6586358421141236
          ]
        },
        "noise_test": {
          "ks_statistic": 0.335,
          "p_value": 4.295221386124656e-50,
          "is_noise_changed": true
        }
      },
      "9": {
        "is_shifted": false,
        "parents": [
          0
        ],
        "function_test": {
          "f_statistic": 0.405699588860264,
          "p_value": 0.5242333773777315,
          "is_function_changed": false,
          "beta_env1": [
            0.010056016832508688
          ],
          "beta_env2": [
            -0.022417130661849017
          ]
        },
        "noise_test": {
          "ks_statistic": 0.025,
          "p_value": 0.9136894237272155,
          "is_noise_changed": false
        }
      },
      "12": {
        "is_shifted": true,
        "parents": [
          8
        ],
        "function_test": {
          "f_statistic": 45.6068814726324,
          "p_value": 1.889177703162659e-11,
          "is_function_changed": true,
          "beta_env1": [
            0.24642303256684261
          ],
          "beta_env2": [
            -0.013368746483048458
          ]
        },
        "noise_test": {
          "ks_statistic": 0.151,
          "p_value": 2.3211878296314437e-10,
          "is_noise_changed": true
        }
      },
      "13": {
        "is_shifted": true,
        "parents": [
          11,
          12
        ],
        "function_test": {
          "f_statistic": 19.794176213768072,
          "p_value": 3.0741276191292854e-09,
          "is_function_changed": true,
          "beta_env1": [
            0.09782310966304257,
            0.2662399572992276
          ],
          "beta_env2": [
            -0.03156642626830893,
            0.0006510502836057793
          ]
        },
        "noise_test": {
          "ks_statistic": 0.041,
          "p_value": 0.37012017606173,
          "is_noise_changed": false
        }
      },
      "15": {
        "is_shifted": true,
        "parents": [
          2,
          6
        ],
        "function_test": {
          "f_statistic": 20.01719915132425,
          "p_value": 2.470359916628695e-09,
          "is_function_changed": true,
          "beta_env1": [
            0.3392042682946706,
            0.2743264451234745
          ],
          "beta_env2": [
            0.48166044333400837,
            0.008752509091593693
          ]
        },
        "noise_test": {
          "ks_statistic": 0.12,
          "p_value": 1.0845303448772275e-06,
          "is_noise_changed": true
        }
      },
      "16": {
        "is_shifted": true,
        "parents": [
          0,
          4,
          6,
          12
        ],
        "function_test": {
          "f_statistic": 12.376772569840684,
          "p_value": 6.050647760602601e-10,
          "is_function_changed": true,
          "beta_env1": [
            0.2924328004417995,
            0.28588666466753493,
            0.33163868527864093,
            0.31374919047209365
          ],
          "beta_env2": [
            0.41269426154632866,
            0.3546335541024773,
            -0.0012302618588747331,
            0.11593197588516983
          ]
        },
        "noise_test": {
          "ks_statistic": 0.099,
          "p_value": 0.00010956387707040737,
          "is_noise_changed": true
        }
      },
      "17": {
        "is_shifted": true,
        "parents": [
          6
        ],
        "function_test": {
          "f_statistic": 33.22059928458454,
          "p_value": 9.50995626691764e-09,
          "is_function_changed": true,
          "beta_env1": [
            0.219387656519615
          ],
          "beta_env2": [
            -0.01239080598877867
          ]
        },
        "noise_test": {
          "ks_statistic": 0.128,
          "p_value": 1.4776675436423948e-07,
          "is_noise_changed": true
        }
      },
      "18": {
        "is_shifted": true,
        "parents": [
          1,
          6,
          13
        ],
        "function_test": {
          "f_statistic": 26.28520997183099,
          "p_value": 1.1102230246251565e-16,
          "is_function_changed": true,
          "beta_env1": [
            0.3592894641203578,
            0.4313658843070851,
            0.3179700535031103
          ],
          "beta_env2": [
            2.369244386992383,
            -0.269970087034669,
            0.2611324730008468
          ]
        },
        "noise_test": {
          "ks_statistic": 0.345,
          "p_value": 3.622550883311272e-53,
          "is_noise_changed": true
        }
      },
      "19": {
        "is_shifted": true,
        "parents": [
          5
        ],
        "function_test": {
          "f_statistic": 399.95708810713376,
          "p_value": 1.1102230246251565e-16,
          "is_function_changed": true,
          "beta_env1": [
            -0.023889919297222464
          ],
          "beta_env2": [
            2.595345024841262
          ]
        },
        "noise_test": {
          "ks_statistic": 0.355,
          "p_value": 2.435056842111727e-56,