{
  "dataset_info": {
    "seed": 103,
    "dataset_index": 2,
    "node_count": 20,
    "edge_count": 20,
    "graph_type": "ER",
    "shifted_nodes": [
      7,
      19,
      4,
      18
    ],
    "shift_types": {
      "7": "function",
      "19": "function",
      "4": "noise_skew",
      "18": "noise_skew"
    },
    "shift_case": "function_noise_skew"
  },
  "model": "linearccp",
  "config_name": "ER",
  "dag_structure": "standard",
  "device": "cpu",
  "linearccp": {
    "shifted_nodes": [
      4,
      7,
      12,
      13,
      14,
      16,
      18,
      19
    ],
    "functional_change_nodes": [
      7,
      12,
      13,
      14,
      16,
      18,
      19
    ],
    "noise_change_nodes": [
      4,
      7,
      12,
      18,
      19
    ],
    "node_results": {
      "4": {
        "is_shifted": true,
        "parents": [
          0,
          3
        ],
        "function_test": {
          "f_statistic": 1.0033285946928872,
          "p_value": 0.36684198418124014,
          "is_function_changed": false,
          "beta_env1": [
            0.04922939988588103,
            -0.04237478753647627
          ],
          "beta_env2": [
            -0.02174788300205789,
            -0.023284528426608112
          ]
        },
        "noise_test": {
          "ks_statistic": 0.105,
          "p_value": 3.209982841805882e-05,
          "is_noise_changed": true
        }
      },
      "5": {
        "is_shifted": false,
        "parents": [
          2
        ],
        "function_test": {
          "f_statistic": 0.19674098277471339,
          "p_value": 0.6574124657812659,
          "is_function_changed": false,
          "beta_env1": [
            -0.0008537125569774275
          ],
          "beta_env2": [
            0.022090598038307638
          ]
        },
        "noise_test": {
          "ks_statistic": 0.041,
          "p_value": 0.37012017606173,
          "is_noise_changed": false
        }
      },
      "7": {
        "is_shifted": true,
        "parents": [
          6
        ],
        "function_test": {
          "f_statistic": 250.55037902156434,
          "p_value": 1.1102230246251565e-16,
          "is_function_changed": true,
          "beta_env1": [
            0.0036058549854291622
          ],
          "beta_env2": [
            2.066403869356592
          ]
        },
        "noise_test": {
          "ks_statistic": 0.348,
          "p_value": 4.146142039578868e-54,
          "is_noise_changed": true
        }
      },
      "10": {
        "is_shifted": false,
        "parents": [
          5
        ],
        "function_test": {
          "f_statistic": 0.6811318221083678,
          "p_value": 0.4092958818670448,
          "is_function_changed": false,
          "beta_env1": [
            0.19966365450065265
          ],
          "beta_env2": [
            0.23596694072245392
          ]
        },
        "noise_test": {
          "ks_statistic": 0.022,
          "p_value": 0.9690010280430694,
          "is_noise_changed": false
        }
      },
      "11": {
        "is_shifted": false,
        "parents": [
          0
        ],
        "function_test": {
          "f_statistic": 2.98443348120971,
          "p_value": 0.0842233882101544,
          "is_function_changed": false,
          "beta_env1": [
            0.04720874569082219
          ],
          "beta_env2": [
            -0.0390919984430926
          ]
        },
        "noise_test": {
          "ks_statistic": 0.035,
          "p_value": 0.5728904395829821,
          "is_noise_changed": false
        }
      },
      "12": {
        "is_shifted": true,
        "parents": [
          7
        ],
        "function_test": {
          "f_statistic": 20.534695869103906,
          "p_value": 6.202498007090718e-06,
          "is_function_changed": true,
          "beta_env1": [
            0.1734479349441554
          ],
          "beta_env2": [
            -0.019275279059899002
          ]
        },
        "noise_test": {
          "ks_statistic": 0.14,
          "p_value": 5.822752148022591e-09,
          "is_noise_changed": true
        }
      },
      "13": {
        "is_shifted": true,
        "parents": [
          3,
          4,
          6
        ],
        "function_test": {
          "f_statistic": 9.085508515180285,
          "p_value": 5.668371747646894e-06,
          "is_function_changed": true,
          "beta_env1": [
            0.23263583855756476,
            0.37527324341441687,
            0.1436027946002204
          ],
          "beta_env2": [
            0.4285709970379131,
            0.5190593576615501,
            0.3752520203520065
          ]
        },
        "noise_test": {
          "ks_statistic": 0.027,
          "p_value": 0.8595454206943325,
          "is_noise_changed": false
        }
      },
      "14": {
        "is_shifted": true,
        "parents": [
          13
        ],
        "function_test": {
          "f_statistic": 6.804204424418022,
          "p_value": 0.00916220443599125,
          "is_function_changed": true,
          "beta_env1": [
            0.03907845548348984
          ],
          "beta_env2": [
            -0.059909034971312974
          ]
        },
        "noise_test": {
          "ks_statistic": 0.032,
          "p_value": 0.6854967337920594,
          "is_noise_changed": false
        }
      },
      "16": {
        "is_shifted": true,
        "parents": [
          4,
          15
        ],
        "function_test": {
          "f_statistic": 10.57022747150277,
          "p_value": 2.7137678701327772e-05,
          "is_function_changed": true,
          "beta_env1": [
            0.20089550305114454,
            0.11969354495736374
          ],
          "beta_env2": [
            0.19494823659340388,
            0.39405254553178815
          ]
        },
        "noise_test": {
          "ks_statistic": 0.026,
          "p_value": 0.8881734182535203,
          "is_noise_changed": false
        }
      },
      "17": {
        "is_shifted": false,
        "parents": [
          1
        ],
        "function_test": {
          "f_statistic": 1.2524204820966303,
          "p_value": 0.26322533769088674,
          "is_function_changed": false,
          "beta_env1": [
            0.0032134240423112165
          ],
          "beta_env2": [
            0.05884322487292143
          ]
        },
        "noise_test": {
          "ks_statistic": 0.024,
          "p_value": 0.9357699014782725,
          "is_noise_changed": false
        }
      },
      "18": {
        "is_shifted": true,
        "parents": [
          7,
          14
        ],
        "function_test": {
          "f_statistic": 34.23982147142196,
          "p_value": 2.4424906541753444e-15,
          "is_function_changed": true,
          "beta_env1": [
            0.37017916630776165,
            0.2692394535161968
          ],
          "beta_env2": [
            -0.009601109129892628,
            0.26519099819705094
          ]
        },
        "noise_test": {
          "ks_statistic": 0.11,
          "p_value": 1.0915917613597424e-05,
          "is_noise_changed": true
        }
      },
      "19": {
        "is_shifted": true,
        "parents": [
          5,
          11,
          13,
          14
        ],
        "function_test": {
          "f_statistic": 31.150231341005593,
          "p_value": 1.1102230246251565e-16,
          "is_function_changed": true,
          "beta_env1": [
            0.6154295717085708,
            0.6631828756949133,
            0.3186826122976992,
            1.0447447698606696
          ],
          "beta_env2": [
            1.3534911325343957,
            0.5706327539493588,
            -1.049675697594996,
            1.988938186174057
          ]
        },
        "noise_test": {
          "ks_statistic": 0.325,
          "p_value": 4.0660830919911046e-47,
          "is_noise_changed": true
        }
      }
    },