{
  "dataset_info": {
    "seed": 124,
    "dataset_index": 23,
    "node_count": 20,
    "edge_count": 20,
    "graph_type": "ER",
    "shifted_nodes": [
      16,
      18,
      11,
      15
    ],
    "shift_types": {
      "16": "noise_std",
      "18": "noise_std",
      "11": "noise_std",
      "15": "noise_std"
    },
    "shift_case": "noise_std_noise_std"
  },
  "model": "linearccp",
  "config_name": "ER",
  "dag_structure": "standard",
  "device": "cpu",
  "linearccp": {
    "shifted_nodes": [
      11,
      13,
      15,
      16,
      18,
      19
    ],
    "functional_change_nodes": [
      13,
      18,
      19
    ],
    "noise_change_nodes": [
      11,
      15,
      16,
      18
    ],
    "node_results": {
      "3": {
        "is_shifted": false,
        "parents": [
          2
        ],
        "function_test": {
          "f_statistic": 1.7797225508528478,
          "p_value": 0.18233558690231066,
          "is_function_changed": false,
          "beta_env1": [
            0.06567703715664773
          ],
          "beta_env2": [
            -0.002275123792846208
          ]
        },
        "noise_test": {
          "ks_statistic": 0.031,
          "p_value": 0.7228251828701066,
          "is_noise_changed": false
        }
      },
      "7": {
        "is_shifted": false,
        "parents": [
          0,
          1
        ],
        "function_test": {
          "f_statistic": 2.052792181460756,
          "p_value": 0.12864716719058544,
          "is_function_changed": false,
          "beta_env1": [
            -0.024605119560637094,
            0.01874803935631547
          ],
          "beta_env2": [
            0.07670514622998835,
            -0.028948942291868875
          ]
        },
        "noise_test": {
          "ks_statistic": 0.039,
          "p_value": 0.43260886958153144,
          "is_noise_changed": false
        }
      },
      "8": {
        "is_shifted": false,
        "parents": [
          2,
          5
        ],
        "function_test": {
          "f_statistic": 0.3956717002812009,
          "p_value": 0.6732805257330959,
          "is_function_changed": false,
          "beta_env1": [
            0.0069188596717219076,
            0.022063104557845895
          ],
          "beta_env2": [
            -0.038419626606145826,
            0.002272827712168892
          ]
        },
        "noise_test": {
          "ks_statistic": 0.021,
          "p_value": 0.9802627322900355,
          "is_noise_changed": false
        }
      },
      "11": {
        "is_shifted": true,
        "parents": [
          9
        ],
        "function_test": {
          "f_statistic": 1.3184034293111326,
          "p_value": 0.2510163762941916,
          "is_function_changed": false,
          "beta_env1": [
            0.021059973969421716
          ],
          "beta_env2": [
            -0.04946070989238024
          ]
        },
        "noise_test": {
          "ks_statistic": 0.08,
          "p_value": 0.003311056963176061,
          "is_noise_changed": true
        }
      },
      "13": {
        "is_shifted": true,
        "parents": [
          1,
          2,
          4
        ],
        "function_test": {
          "f_statistic": 3.4195870394765073,
          "p_value": 0.0166706135336957,
          "is_function_changed": true,
          "beta_env1": [
            0.12291389915561111,
            0.058588504475472106,
            0.05027623081807202
          ],
          "beta_env2": [
            -0.051857475627939194,
            -0.020041136872185027,
            -0.022995168480882965
          ]
        },
        "noise_test": {
          "ks_statistic": 0.019,
          "p_value": 0.9937026761524456,
          "is_noise_changed": false
        }
      },
      "15": {
        "is_shifted": true,
        "parents": [
          7,
          13
        ],
        "function_test": {
          "f_statistic": 1.4081778812312733,
          "p_value": 0.2448316736791083,
          "is_function_changed": false,
          "beta_env1": [
            0.36284512993828466,
            0.17277201214076987
          ],
          "beta_env2": [
            0.3670249743810244,
            0.25961201239513004
          ]
        },
        "noise_test": {
          "ks_statistic": 0.067,
          "p_value": 0.022438659451142425,
          "is_noise_changed": true
        }
      },
      "16": {
        "is_shifted": true,
        "parents": [
          5
        ],
        "function_test": {
          "f_statistic": 0.9056471412671631,
          "p_value": 0.34138722493685847,
          "is_function_changed": false,
          "beta_env1": [
            0.014158873655897726
          ],
          "beta_env2": [
            -0.04416086637781743
          ]
        },
        "noise_test": {
          "ks_statistic": 0.082,
          "p_value": 0.002393409648884169,
          "is_noise_changed": true
        }
      },
      "17": {
        "is_shifted": false,
        "parents": [
          0,
          14
        ],
        "function_test": {
          "f_statistic": 0.694655773679579,
          "p_value": 0.49936704789242004,
          "is_function_changed": false,
          "beta_env1": [
            -0.03773452001407229,
            0.0036741175403524995
          ],
          "beta_env2": [
            -0.04551996439591559,
            0.0693872628913319
          ]
        },
        "noise_test": {
          "ks_statistic": 0.038,
          "p_value": 0.4659595288557257,
          "is_noise_changed": false
        }
      },
      "18": {
        "is_shifted": true,
        "parents": [
          4,
          14
        ],
        "function_test": {
          "f_statistic": 3.1077188716249373,
          "p_value": 0.04491940367842906,
          "is_function_changed": true,
          "beta_env1": [
            -0.0234754984114707,
            -0.029345659952720638
          ],
          "beta_env2": [
            -0.09969233945400015,
            0.11714939204778937
          ]
        },
        "noise_test": {
          "ks_statistic": 0.087,
          "p_value": 0.0010264669536591562,
          "is_noise_changed": true
        }
      },
      "19": {
        "is_shifted": true,
        "parents": [
          3,
          4,
          10,
          13
        ],
        "function_test": {
          "f_statistic": 2.6155049933338455,
          "p_value": 0.033635634634701095,
          "is_function_changed": true,
          "beta_env1": [
            0.34824984334464854,
            0.4123662342160114,
            0.16826803468407833,
            0.2794361454913222
          ],
          "beta_env2": [
            0.43734208733287716,
            0.4246445927104484,
            0.3885754748049356,
            0.3125762768892949
          ]
        },
        "noise_test": {
          "ks_statistic": 0.039,
          "p_value": 0.43260886958153144,
          "is_noise_changed": false
        }
      }
    },
    "metrics": {
      "true_positives": [
        11,
        15,
        16,
        18
      ],
      "false_positives": [
        13,
        19
      ],
      "false_negatives": [],
      "precision": 0.6666666666666666,
      "recall": 1.0,
      "f1_score": 0.8
    }
  }
}