{
  "dataset_info": {
    "seed": 123,
    "dataset_index": 22,
    "node_count": 20,
    "edge_count": 20,
    "graph_type": "ER",
    "shifted_nodes": [
      13,
      6,
      16,
      14
    ],
    "shift_types": {
      "13": "noise_std",
      "6": "noise_std",
      "16": "noise_skew",
      "14": "noise_skew"
    },
    "shift_case": "noise_std_noise_skew"
  },
  "model": "linearccp",
  "config_name": "ER",
  "dag_structure": "standard",
  "device": "cpu",
  "linearccp": {
    "shifted_nodes": [
      6,
      12,
      13,
      14,
      15,
      16,
      18,
      19
    ],
    "functional_change_nodes": [
      12,
      15,
      18,
      19
    ],
    "noise_change_nodes": [
      6,
      13,
      14,
      16
    ],
    "node_results": {
      "6": {
        "is_shifted": true,
        "parents": [
          5
        ],
        "function_test": {
          "f_statistic": 0.31907605447352505,
          "p_value": 0.5722269087738052,
          "is_function_changed": false,
          "beta_env1": [
            0.03661648364992784
          ],
          "beta_env2": [
            0.0037406872889293057
          ]
        },
        "noise_test": {
          "ks_statistic": 0.084,
          "p_value": 0.0017162135084044633,
          "is_noise_changed": true
        }
      },
      "8": {
        "is_shifted": false,
        "parents": [
          0
        ],
        "function_test": {
          "f_statistic": 0.7001999209900004,
          "p_value": 0.4028166958037892,
          "is_function_changed": false,
          "beta_env1": [
            -0.015655620925015174
          ],
          "beta_env2": [
            0.025007713561729476
          ]
        },
        "noise_test": {
          "ks_statistic": 0.023,
          "p_value": 0.9542189106778983,
          "is_noise_changed": false
        }
      },
      "10": {
        "is_shifted": false,
        "parents": [
          1,
          2
        ],
        "function_test": {
          "f_statistic": 0.9180239679916297,
          "p_value": 0.39947600614106504,
          "is_function_changed": false,
          "beta_env1": [
            0.05984467484800923,
            -0.00589577932190633
          ],
          "beta_env2": [
            0.018188502978572937,
            0.06104485894691501
          ]
        },
        "noise_test": {
          "ks_statistic": 0.019,
          "p_value": 0.9937026761524456,
          "is_noise_changed": false
        }
      },
      "12": {
        "is_shifted": true,
        "parents": [
          6,
          11
        ],
        "function_test": {
          "f_statistic": 3.6133737519673184,
          "p_value": 0.02713742109811501,
          "is_function_changed": true,
          "beta_env1": [
            0.17200948536361427,
            0.03799848649098186
          ],
          "beta_env2": [
            0.049081356333501976,
            0.07131844640270542
          ]
        },
        "noise_test": {
          "ks_statistic": 0.026,
          "p_value": 0.8881734182535203,
          "is_noise_changed": false
        }
      },
      "13": {
        "is_shifted": true,
        "parents": [
          7,
          9
        ],
        "function_test": {
          "f_statistic": 1.230593406703383,
          "p_value": 0.29234093487727897,
          "is_function_changed": false,
          "beta_env1": [
            0.029079675291424384,
            0.04515871873420499
          ],
          "beta_env2": [
            -0.054364914687201525,
            -0.011047543031269567
          ]
        },
        "noise_test": {
          "ks_statistic": 0.087,
          "p_value": 0.0010264669536591562,
          "is_noise_changed": true
        }
      },
      "14": {
        "is_shifted": true,
        "parents": [
          10
        ],
        "function_test": {
          "f_statistic": 0.023040014243276195,
          "p_value": 0.8793684027707234,
          "is_function_changed": false,
          "beta_env1": [
            0.2198830249355341
          ],
          "beta_env2": [
            0.2142659041498127
          ]
        },
        "noise_test": {
          "ks_statistic": 0.087,
          "p_value": 0.0010264669536591562,
          "is_noise_changed": true
        }
      },
      "15": {
        "is_shifted": true,
        "parents": [
          4,
          12
        ],
        "function_test": {
          "f_statistic": 3.752681777869364,
          "p_value": 0.023620579073627912,
          "is_function_changed": true,
          "beta_env1": [
            0.15003803368980984,
            0.20541135521122444
          ],
          "beta_env2": [
            0.2996036919863863,
            0.15453076776679084
          ]
        },
        "noise_test": {
          "ks_statistic": 0.032,
          "p_value": 0.6854967337920594,
          "is_noise_changed": false
        }
      },
      "16": {
        "is_shifted": true,
        "parents": [
          7
        ],
        "function_test": {
          "f_statistic": 0.37536118043324235,
          "p_value": 0.5401661635414168,
          "is_function_changed": false,
          "beta_env1": [
            -0.040254940775448306
          ],
          "beta_env2": [
            -0.06763034786990899
          ]
        },
        "noise_test": {
          "ks_statistic": 0.102,
          "p_value": 5.984567716622354e-05,
          "is_noise_changed": true
        }
      },
      "18": {
        "is_shifted": true,
        "parents": [
          7,
          10
        ],
        "function_test": {
          "f_statistic": 3.365004604344081,
          "p_value": 0.03475823746927231,
          "is_function_changed": true,
          "beta_env1": [
            0.1888184341069615,
            0.259598159297388
          ],
          "beta_env2": [
            0.13211145564468157,
            0.14590041094080855
          ]
        },
        "noise_test": {
          "ks_statistic": 0.027,
          "p_value": 0.8595454206943325,
          "is_noise_changed": false
        }
      },
      "19": {
        "is_shifted": true,
        "parents": [
          0,
          2,
          9,
          12,
          14,
          18
        ],
        "function_test": {
          "f_statistic": 6.715864298446614,
          "p_value": 4.697606584835867e-07,
          "is_function_changed": true,
          "beta_env1": [
            0.606573255883028,
            0.5271850885484918,
            0.5508455041167746,
            0.6012043495925896,
            0.5312389427584342,
            0.3595876172743708
          ],
          "beta_env2": [
            0.9265787540056379,
            0.888423059393955,
            0.8276974847109769,
            0.6721349639912183,
            0.7582815184330686,
            0.4444730531135518
          ]
        },
        "noise_test": {
          "ks_statistic": 0.041,
          "p_value": 0.37012017606173,
          "is_noise_changed": false
        }
      }
    },
    "metrics": {
      "true_positives": [
        6,
        13,
        14,
        16
      ],
      "false_positives": [
        12,
        15,
        18,
        19
      ],
      "false_negatives": [],
      "precision": 0.5,
      "recall": 1.0,
      "f1_score": 0.6666666666666666
    }
  }
}