{
  "dataset_info": {
    "seed": 130,
    "dataset_index": 29,
    "node_count": 20,
    "edge_count": 20,
    "graph_type": "ER",
    "shifted_nodes": [
      14,
      16,
      12,
      15
    ],
    "shift_types": {
      "14": "noise_std",
      "16": "noise_std",
      "12": "noise_std",
      "15": "noise_std"
    },
    "shift_case": "noise_std_noise_std"
  },
  "model": "linearccp",
  "config_name": "ER",
  "dag_structure": "standard",
  "device": "cpu",
  "linearccp": {
    "shifted_nodes": [
      6,
      12,
      14,
      15,
      16
    ],
    "functional_change_nodes": [
      6,
      14
    ],
    "noise_change_nodes": [
      12,
      14,
      15,
      16
    ],
    "node_results": {
      "5": {
        "is_shifted": false,
        "parents": [
          1,
          4
        ],
        "function_test": {
          "f_statistic": 1.4920893851569266,
          "p_value": 0.22515325327642866,
          "is_function_changed": false,
          "beta_env1": [
            0.016752899623862734,
            -0.06720571998798963
          ],
          "beta_env2": [
            0.030098117421862258,
            0.028769402693729414
          ]
        },
        "noise_test": {
          "ks_statistic": 0.043,
          "p_value": 0.3136800387320582,
          "is_noise_changed": false
        }
      },
      "6": {
        "is_shifted": true,
        "parents": [
          2
        ],
        "function_test": {
          "f_statistic": 5.5152952268163595,
          "p_value": 0.01894797984300045,
          "is_function_changed": true,
          "beta_env1": [
            0.01901011693956925
          ],
          "beta_env2": [
            -0.0991302541732756
          ]
        },
        "noise_test": {
          "ks_statistic": 0.017,
          "p_value": 0.9987234512860412,
          "is_noise_changed": false
        }
      },
      "7": {
        "is_shifted": false,
        "parents": [
          1
        ],
        "function_test": {
          "f_statistic": 0.868258390206071,
          "p_value": 0.3515506024799805,
          "is_function_changed": false,
          "beta_env1": [
            -0.0820636465743128
          ],
          "beta_env2": [
            -0.035861385980916066
          ]
        },
        "noise_test": {
          "ks_statistic": 0.023,
          "p_value": 0.9542189106778983,
          "is_noise_changed": false
        }
      },
      "11": {
        "is_shifted": false,
        "parents": [
          1
        ],
        "function_test": {
          "f_statistic": 0.9736567407622347,
          "p_value": 0.3238894835393833,
          "is_function_changed": false,
          "beta_env1": [
            -0.010254380844195062
          ],
          "beta_env2": [
            -0.05921848491306723
          ]
        },
        "noise_test": {
          "ks_statistic": 0.039,
          "p_value": 0.43260886958153144,
          "is_noise_changed": false
        }
      },
      "12": {
        "is_shifted": true,
        "parents": [
          2,
          11
        ],
        "function_test": {
          "f_statistic": 0.9591033732211282,
          "p_value": 0.38341307535740143,
          "is_function_changed": false,
          "beta_env1": [
            0.1182315400050412,
            0.20913494503629693
          ],
          "beta_env2": [
            0.07804038611395787,
            0.13573906540675745
          ]
        },
        "noise_test": {
          "ks_statistic": 0.074,
          "p_value": 0.008353146175741297,
          "is_noise_changed": true
        }
      },
      "13": {
        "is_shifted": false,
        "parents": [
          0,
          4,
          10
        ],
        "function_test": {
          "f_statistic": 2.3269156635185833,
          "p_value": 0.07285071592173797,
          "is_function_changed": false,
          "beta_env1": [
            -0.01430065677471077,
            -0.006623380640024018,
            -0.18054830757074133
          ],
          "beta_env2": [
            0.00328926060171621,
            0.011272868488393187,
            -0.022144531881246956
          ]
        },
        "noise_test": {
          "ks_statistic": 0.031,
          "p_value": 0.7228251828701066,
          "is_noise_changed": false
        }
      },
      "14": {
        "is_shifted": true,
        "parents": [
          1
        ],
        "function_test": {
          "f_statistic": 6.688031325968315,
          "p_value": 0.009776466280103091,
          "is_function_changed": true,
          "beta_env1": [
            0.037528605118044886
          ],
          "beta_env2": [
            -0.1195669748797125
          ]
        },
        "noise_test": {
          "ks_statistic": 0.083,
          "p_value": 0.0020287627507189713,
          "is_noise_changed": true
        }
      },
      "15": {
        "is_shifted": true,
        "parents": [
          8,
          12
        ],
        "function_test": {
          "f_statistic": 1.462362341091491,
          "p_value": 0.23193666983513905,
          "is_function_changed": false,
          "beta_env1": [
            0.16849220404851775,
            0.11166711026145706
          ],
          "beta_env2": [
            0.19944566418961213,
            0.034161886332344155
          ]
        },
        "noise_test": {
          "ks_statistic": 0.087,
          "p_value": 0.0010264669536591562,
          "is_noise_changed": true
        }
      },
      "16": {
        "is_shifted": true,
        "parents": [
          2
        ],
        "function_test": {
          "f_statistic": 1.965252125622736,
          "p_value": 0.1611082103277367,
          "is_function_changed": false,
          "beta_env1": [
            -0.03441210149211032
          ],
          "beta_env2": [
            -0.11576683671661267
          ]
        },
        "noise_test": {
          "ks_statistic": 0.083,
          "p_value": 0.0020287627507189713,
          "is_noise_changed": true
        }
      },
      "17": {
        "is_shifted": false,
        "parents": [
          1,
          11
        ],
        "function_test": {
          "f_statistic": 1.1245297088948993,
          "p_value": 0.32501108183752025,
          "is_function_changed": false,
          "beta_env1": [
            0.17769206263051554,
            0.41014329476083744
          ],
          "beta_env2": [
            0.13752263524058922,
            0.34255172899036046
          ]
        },
        "noise_test": {
          "ks_statistic": 0.035,
          "p_value": 0.5728904395829821,
          "is_noise_changed": false
        }
      },
      "18": {
        "is_shifted": false,
        "parents": [
          3,
          4,
          17
        ],
        "function_test": {
          "f_statistic": 2.076675689322686,
          "p_value": 0.10130101247647127,
          "is_function_changed": false,
          "beta_env1": [
            0.25982822954328544,
            0.17057942890566707,
            0.24422838915868392
          ],
          "beta_env2": [
            0.28178906750470417,
            0.2665820143375509,
            0.14429215693420153
          ]
        },
        "noise_test": {
          "ks_statistic": 0.022,
          "p_value": 0.9690010280430694,
          "is_noise_changed": false
        }
      },
      "19": {
        "is_shifted": false,
        "parents": [
          0
        ],
        "function_test": {
          "f_statistic": 0.7001250085309195,
          "p_value": 0.40284185648909754,
          "is_function_changed": false,
          "beta_env1": [
            0.009864048087033339
          ],
          "beta_env2": [
            -0.0320939742198148
          ]
        },
        "noise_test": {
          "ks_statistic": 0.038,
          "p_value": 0.4659595288557257,
          "is_noise_changed": false
        }
      }
    },
    "metrics": {
      "true_positives": [
        12,
        14,
        15,
        16
      ],