{
  "dataset_info": {
    "seed": 122,
    "dataset_index": 21,
    "node_count": 20,
    "edge_count": 20,
    "graph_type": "ER",
    "shifted_nodes": [
      13,
      9,
      14,
      18
    ],
    "shift_types": {
      "13": "function",
      "9": "function",
      "14": "function",
      "18": "function"
    },
    "shift_case": "function_function"
  },
  "model": "linearccp",
  "config_name": "ER",
  "dag_structure": "standard",
  "device": "cpu",
  "linearccp": {
    "shifted_nodes": [
      6,
      9,
      13,
      14,
      18
    ],
    "functional_change_nodes": [
      6,
      9,
      13,
      14,
      18
    ],
    "noise_change_nodes": [
      9,
      13,
      14,
      18
    ],
    "node_results": {
      "3": {
        "is_shifted": false,
        "parents": [
          1
        ],
        "function_test": {
          "f_statistic": 0.028418124750847287,
          "p_value": 0.8661466400428814,
          "is_function_changed": false,
          "beta_env1": [
            -0.019542162017455105
          ],
          "beta_env2": [
            -0.027854789413913568
          ]
        },
        "noise_test": {
          "ks_statistic": 0.029,
          "p_value": 0.7946637387576738,
          "is_noise_changed": false
        }
      },
      "6": {
        "is_shifted": true,
        "parents": [
          0,
          1,
          5
        ],
        "function_test": {
          "f_statistic": 3.7355314724926045,
          "p_value": 0.010801329351653566,
          "is_function_changed": true,
          "beta_env1": [
            -0.1107260924037229,
            -0.02594874553645609,
            -0.04584751298669801
          ],
          "beta_env2": [
            0.08036777148795786,
            0.06086305602501358,
            -0.03679078684336963
          ]
        },
        "noise_test": {
          "ks_statistic": 0.022,
          "p_value": 0.9690010280430694,
          "is_noise_changed": false
        }
      },
      "7": {
        "is_shifted": false,
        "parents": [
          2
        ],
        "function_test": {
          "f_statistic": 0.3744258755735282,
          "p_value": 0.5406713070387091,
          "is_function_changed": false,
          "beta_env1": [
            -0.015152182615319042
          ],
          "beta_env2": [
            0.01499157683771123
          ]
        },
        "noise_test": {
          "ks_statistic": 0.049,
          "p_value": 0.18116454248303263,
          "is_noise_changed": false
        }
      },
      "8": {
        "is_shifted": false,
        "parents": [
          4,
          6
        ],
        "function_test": {
          "f_statistic": 0.08571493059561583,
          "p_value": 0.9178592282728597,
          "is_function_changed": false,
          "beta_env1": [
            0.21935021936287372,
            0.10838463686640232
          ],
          "beta_env2": [
            0.23433852258679574,
            0.12367710763352183
          ]
        },
        "noise_test": {
          "ks_statistic": 0.041,
          "p_value": 0.37012017606173,
          "is_noise_changed": false
        }
      },
      "9": {
        "is_shifted": true,
        "parents": [
          2
        ],
        "function_test": {
          "f_statistic": 268.41081708193656,
          "p_value": 1.1102230246251565e-16,
          "is_function_changed": true,
          "beta_env1": [
            -0.021131869807998225
          ],
          "beta_env2": [
            2.1362756566395
          ]
        },
        "noise_test": {
          "ks_statistic": 0.372,
          "p_value": 5.819215294814062e-62,
          "is_noise_changed": true
        }
      },
      "10": {
        "is_shifted": false,
        "parents": [
          0
        ],
        "function_test": {
          "f_statistic": 0.0746108424609999,
          "p_value": 0.7847662837073222,
          "is_function_changed": false,
          "beta_env1": [
            -0.053662984727334787
          ],
          "beta_env2": [
            -0.039826498518647176
          ]
        },
        "noise_test": {
          "ks_statistic": 0.022,
          "p_value": 0.9690010280430694,
          "is_noise_changed": false
        }
      },
      "12": {
        "is_shifted": false,
        "parents": [
          5
        ],
        "function_test": {
          "f_statistic": 1.3433722512013375,
          "p_value": 0.24657878017486556,
          "is_function_changed": false,
          "beta_env1": [
            0.0220333069972318
          ],
          "beta_env2": [
            -0.03659778321657611
          ]
        },
        "noise_test": {
          "ks_statistic": 0.046,
          "p_value": 0.24068202486600215,
          "is_noise_changed": false
        }
      },
      "13": {
        "is_shifted": true,
        "parents": [
          2,
          3,
          11
        ],
        "function_test": {
          "f_statistic": 69.99431750909743,
          "p_value": 1.1102230246251565e-16,
          "is_function_changed": true,
          "beta_env1": [
            0.1458196055050346,
            0.2816300075106971,
            0.18158315821974913
          ],
          "beta_env2": [
            1.8806852035567476,
            1.437267522844833,
            2.4395016601437884
          ]
        },
        "noise_test": {
          "ks_statistic": 0.337,
          "p_value": 1.0617870216507167e-50,
          "is_noise_changed": true
        }
      },
      "14": {
        "is_shifted": true,
        "parents": [
          11
        ],
        "function_test": {
          "f_statistic": 325.31467012243286,
          "p_value": 1.1102230246251565e-16,
          "is_function_changed": true,
          "beta_env1": [
            0.02083574531435111
          ],
          "beta_env2": [
            2.426128170184043
          ]
        },
        "noise_test": {
          "ks_statistic": 0.364,
          "p_value": 2.7948372826899163e-59,
          "is_noise_changed": true
        }
      },
      "15": {
        "is_shifted": false,
        "parents": [
          4
        ],
        "function_test": {
          "f_statistic": 0.09627297239720775,
          "p_value": 0.7563812972619967,
          "is_function_changed": false,
          "beta_env1": [
            0.003028584988592787
          ],
          "beta_env2": [
            -0.012713252954788782
          ]
        },
        "noise_test": {
          "ks_statistic": 0.032,
          "p_value": 0.6854967337920594,
          "is_noise_changed": false
        }
      },
      "16": {
        "is_shifted": false,
        "parents": [
          15
        ],
        "function_test": {
          "f_statistic": 3.744727669170067,
          "p_value": 0.05311546838033143,
          "is_function_changed": false,
          "beta_env1": [
            0.21545202011223163
          ],
          "beta_env2": [
            0.30471271851823223
          ]
        },
        "noise_test": {
          "ks_statistic": 0.04,
          "p_value": 0.4006338815832625,
          "is_noise_changed": false
        }
      },
      "17": {
        "is_shifted": false,
        "parents": [
          12,
          16
        ],
        "function_test": {
          "f_statistic": 0.0018916253594611241,
          "p_value": 0.9981101644273193,
          "is_function_changed": false,
          "beta_env1": [
            0.29626744038801606,
            0.2946131000894872
          ],
          "beta_env2": [
            0.2983133120942802,
            0.2924805688406691
          ]
        },
        "noise_test": {
          "ks_statistic": 0.022,
          "p_value": 0.9690010280430694,
          "is_noise_changed": false
        }
      },
      "18": {
        "is_shifted": true,
        "parents": [
          11
        ],
        "function_test": {
          "f_statistic": 326.0573628485641,
          "p_value": 1.1102230246251565e-16,
          "is_function_changed": true,